marche,produit,date,prix,variation_3m_pct,z,alerte
Amegnran,Cassava meal (gari),2003-04-01,66.0,-36.54,-2.09,False
Amegnran,Cassava meal (gari),2003-05-01,66.0,-48.44,-2.79,False
Amegnran,Cassava meal (gari),2003-06-01,68.0,-18.07,-0.6,False
Amegnran,Cassava meal (gari),2003-07-01,65.0,-1.52,0.14,False
Amegnran,Cassava meal (gari),2003-08-01,63.0,-4.55,0.01,False
Amegnran,Cassava meal (gari),2003-09-01,74.0,8.82,0.54,False
Amegnran,Cassava meal (gari),2003-10-01,106.0,63.08,2.19,True
Amegnran,Cassava meal (gari),2003-11-01,72.0,14.29,0.62,False
Amegnran,Cassava meal (gari),2003-12-01,67.0,-9.46,-0.3,False
Amegnran,Cassava meal (gari),2004-01-01,94.0,-11.32,-0.38,False
Amegnran,Cassava meal (gari),2004-02-01,92.0,27.78,1.1,False
Amegnran,Cassava meal (gari),2004-03-01,77.0,14.93,0.64,False
Amegnran,Cassava meal (gari),2004-04-01,64.0,-31.91,-1.5,False
Amegnran,Cassava meal (gari),2004-05-01,101.0,9.78,0.47,False
Amegnran,Cassava meal (gari),2004-06-01,95.0,23.38,0.94,False
Amegnran,Cassava meal (gari),2004-07-01,113.0,76.56,2.36,True
Amegnran,Cassava meal (gari),2004-08-01,164.0,62.38,1.86,False
Amegnran,Cassava meal (gari),2004-09-01,167.0,75.79,2.06,True
Amegnran,Cassava meal (gari),2004-10-01,142.0,25.66,0.73,False
Amegnran,Cassava meal (gari),2004-11-01,150.0,-8.54,-0.42,False
Amegnran,Cassava meal (gari),2004-12-01,158.0,-5.39,-0.3,False
Amegnran,Cassava meal (gari),2005-01-01,167.0,17.61,0.51,False
Amegnran,Cassava meal (gari),2005-02-01,167.0,11.33,0.3,False
Amegnran,Cassava meal (gari),2005-03-01,158.0,0.0,-0.11,False
Amegnran,Cassava meal (gari),2005-04-01,158.0,-5.39,-0.32,False
Amegnran,Cassava meal (gari),2005-05-01,215.0,28.74,0.86,False
Amegnran,Cassava meal (gari),2005-06-01,197.0,24.68,0.73,False
Amegnran,Cassava meal (gari),2005-07-01,250.0,58.23,1.63,False
Amegnran,Cassava meal (gari),2005-08-01,242.0,12.56,0.29,False
Amegnran,Cassava meal (gari),2005-09-01,244.0,23.86,0.65,False
Amegnran,Cassava meal (gari),2005-10-01,189.0,-24.4,-1.26,False
Amegnran,Cassava meal (gari),2005-11-01,167.0,-30.99,-1.58,False
Amegnran,Cassava meal (gari),2005-12-01,183.0,-25.0,-1.22,False
Amegnran,Cassava meal (gari),2006-01-01,133.0,-29.63,-1.43,False
Amegnran,Cassava meal (gari),2006-02-01,217.0,29.94,0.9,False
Amegnran,Cassava meal (gari),2006-03-01,125.0,-31.69,-1.52,False
Amegnran,Cassava meal (gari),2006-04-01,133.0,0.0,-0.07,False
Amegnran,Cassava meal (gari),2006-05-01,167.0,-23.04,-1.04,False
Amegnran,Cassava meal (gari),2006-06-01,158.0,26.4,0.8,False
Amegnran,Cassava meal (gari),2006-07-01,158.0,18.8,0.56,False
Amegnran,Cassava meal (gari),2006-08-01,164.0,-1.8,-0.14,False
Amegnran,Cassava meal (gari),2006-09-01,183.0,15.82,0.47,False
Amegnran,Cassava meal (gari),2006-10-01,150.0,-5.06,-0.28,False
Amegnran,Cassava meal (gari),2006-11-01,145.0,-11.59,-0.54,False
Amegnran,Cassava meal (gari),2006-12-01,125.0,-31.69,-1.47,False
Amegnran,Cassava meal (gari),2007-01-01,100.0,-33.33,-1.52,False
Amegnran,Cassava meal (gari),2007-02-01,117.0,-19.31,-0.82,False
Amegnran,Cassava meal (gari),2007-03-01,100.0,-20.0,-0.82,False
Amegnran,Cassava meal (gari),2007-04-01,83.0,-17.0,-0.68,False
Amegnran,Cassava meal (gari),2007-05-01,100.0,-14.53,-0.57,False
Amegnran,Cassava meal (gari),2007-06-01,100.0,0.0,-0.01,False
Amegnran,Cassava meal (gari),2007-07-01,100.0,20.48,0.7,False
Amegnran,Cassava meal (gari),2007-08-01,100.0,0.0,0.02,False
Amegnran,Cassava meal (gari),2007-09-01,100.0,0.0,0.01,False
Amegnran,Cassava meal (gari),2007-10-01,100.0,0.0,-0.01,False
Amegnran,Cassava meal (gari),2007-11-01,100.0,0.0,-0.01,False
Amegnran,Cassava meal (gari),2007-12-01,117.0,17.0,0.61,False
Amegnran,Cassava meal (gari),2008-01-01,100.0,0.0,0.0,False
Amegnran,Cassava meal (gari),2008-02-01,100.0,0.0,-0.0,False
Amegnran,Cassava meal (gari),2008-03-01,83.0,-29.06,-1.3,False
Amegnran,Cassava meal (gari),2008-04-01,83.0,-17.0,-0.69,False
Amegnran,Cassava meal (gari),2008-05-01,133.0,33.0,1.11,False
Amegnran,Cassava meal (gari),2008-06-01,133.0,60.24,1.86,False
Amegnran,Cassava meal (gari),2008-07-01,167.0,101.2,2.69,True
Amegnran,Cassava meal (gari),2008-08-01,167.0,25.56,0.71,False
Amegnran,Cassava meal (gari),2008-09-01,200.0,50.38,1.37,False
Amegnran,Cassava meal (gari),2008-10-01,233.0,39.52,1.05,False
Amegnran,Cassava meal (gari),2008-11-01,250.0,49.7,1.34,False
Amegnran,Cassava meal (gari),2008-12-01,233.0,16.5,0.38,False
Amegnran,Cassava meal (gari),2009-01-01,138.0,-40.77,-2.14,False
Amegnran,Cassava meal (gari),2009-02-01,100.0,-60.0,-3.46,False
Amegnran,Cassava meal (gari),2009-03-01,117.0,-49.79,-2.36,False
Amegnran,Cassava meal (gari),2009-04-01,135.0,-2.17,-0.12,False
Amegnran,Cassava meal (gari),2009-05-01,145.0,45.0,1.12,False
Amegnran,Cassava meal (gari),2009-06-01,149.0,27.35,0.68,False
Amegnran,Cassava meal (gari),2009-07-01,188.0,39.26,0.96,False
Amegnran,Cassava meal (gari),2009-08-01,195.0,34.48,0.88,False
Amegnran,Cassava meal (gari),2009-09-01,200.0,34.23,0.9,False
Amegnran,Cassava meal (gari),2009-10-01,225.0,19.68,0.55,False
Amegnran,Cassava meal (gari),2009-11-01,230.0,17.95,0.5,False
Amegnran,Cassava meal (gari),2009-12-01,250.0,25.0,0.68,False
Amegnran,Cassava meal (gari),2010-01-01,225.0,0.0,-0.07,False
Amegnran,Cassava meal (gari),2010-02-01,250.0,8.7,0.21,False
Amegnran,Cassava meal (gari),2010-03-01,157.0,-37.2,-1.61,False
Amegnran,Cassava meal (gari),2010-04-01,202.0,-10.22,-0.39,False
Amegnran,Cassava meal (gari),2010-05-01,200.0,-20.0,-0.76,False
Amegnran,Cassava meal (gari),2010-06-01,179.0,14.01,0.42,False
Amegnran,Cassava meal (gari),2010-07-01,210.0,3.96,0.12,False
Amegnran,Cassava meal (gari),2010-08-01,217.0,8.5,0.29,False
Amegnran,Cassava meal (gari),2010-09-01,187.0,4.47,0.17,False
Amegnran,Cassava meal (gari),2010-10-01,119.0,-43.33,-1.86,False
Amegnran,Cassava meal (gari),2010-11-01,123.0,-43.32,-1.81,False
Amegnran,Cassava meal (gari),2010-12-01,118.0,-36.9,-1.42,False
Amegnran,Cassava meal (gari),2011-01-01,232.0,94.96,2.19,True
Amegnran,Cassava meal (gari),2011-02-01,172.0,39.84,1.05,False
Amegnran,Cassava meal (gari),2011-03-01,134.0,13.56,0.4,False
Amegnran,Cassava meal (gari),2011-04-01,121.0,-47.84,-2.05,False
Amegnran,Cassava meal (gari),2011-05-01,118.0,-31.4,-1.12,False
Amegnran,Cassava meal (gari),2011-06-01,132.0,-1.49,-0.03,False
Amegnran,Cassava meal (gari),2011-07-01,158.0,30.58,0.83,False
Amegnran,Cassava meal (gari),2011-08-01,135.0,14.41,0.43,False
Amegnran,Cassava meal (gari),2011-09-01,144.0,9.09,0.28,False
Amegnran,Cassava meal (gari),2011-10-01,117.0,-25.95,-0.88,False
Amegnran,Cassava meal (gari),2011-11-01,135.0,0.0,0.03,False
Amegnran,Cassava meal (gari),2011-12-01,175.0,21.53,0.61,False
Amegnran,Cassava meal (gari),2012-01-01,224.0,91.45,1.95,False
Amegnran,Cassava meal (gari),2012-02-01,220.0,62.96,1.39,False
Amegnran,Cassava meal (gari),2012-03-01,201.0,14.86,0.32,False
Amegnran,Cassava meal (gari),2012-04-01,179.0,-20.09,-0.76,False
Amegnran,Cassava meal (gari),2012-05-01,227.0,3.18,-0.01,False
Amegnran,Cassava meal (gari),2012-06-01,227.0,12.94,0.24,False
Amegnran,Cassava meal (gari),2012-07-01,227.0,26.82,0.58,False
Amegnran,Cassava meal (gari),2012-08-01,205.0,-9.69,-0.42,False
Amegnran,Cassava meal (gari),2012-09-01,261.0,14.98,0.29,False
Amegnran,Cassava meal (gari),2012-10-01,212.0,-6.61,-0.32,False
Amegnran,Cassava meal (gari),2012-11-01,227.0,10.73,0.18,False
Amegnran,Cassava meal (gari),2012-12-01,244.0,-6.51,-0.32,False
Amegnran,Cassava meal (gari),2013-01-01,363.0,71.23,1.46,False
Amegnran,Cassava meal (gari),2013-02-01,368.0,62.11,1.25,False
Amegnran,Cassava meal (gari),2013-03-01,227.0,-6.97,-0.36,False
Amegnran,Cassava meal (gari),2013-04-01,320.0,-11.85,-0.53,False
Amegnran,Cassava meal (gari),2013-05-01,333.0,-9.51,-0.46,False
Amegnran,Cassava meal (gari),2013-06-01,356.0,56.83,1.13,False
Amegnran,Cassava meal (gari),2013-07-01,364.0,13.75,0.21,False
Amegnran,Cassava meal (gari),2013-08-01,409.0,22.82,0.48,False
Amegnran,Cassava meal (gari),2013-09-01,360.0,1.12,-0.1,False
Amegnran,Cassava meal (gari),2013-10-01,318.0,-12.64,-0.52,False
Amegnran,Cassava meal (gari),2013-11-01,313.0,-23.47,-0.89,False
Amegnran,Cassava meal (gari),2013-12-01,329.0,-8.61,-0.33,False
Amegnran,Cassava meal (gari),2014-01-01,263.0,-17.3,-0.62,False
Amegnran,Cassava meal (gari),2014-02-01,224.0,-28.43,-1.09,False
Amegnran,Cassava meal (gari),2014-03-01,201.0,-38.91,-1.72,False
Amegnran,Cassava meal (gari),2014-04-01,158.0,-39.92,-1.83,False
Amegnran,Cassava meal (gari),2014-05-01,134.0,-40.18,-1.76,False
Amegnran,Cassava meal (gari),2014-06-01,179.0,-10.95,-0.41,False
Amegnran,Cassava meal (gari),2014-07-01,152.0,-3.8,-0.14,False
Amegnran,Cassava meal (gari),2014-08-01,180.0,34.33,0.97,False
Amegnran,Cassava meal (gari),2014-09-01,179.0,0.0,0.01,False
Amegnran,Cassava meal (gari),2014-10-01,179.0,17.76,0.56,False
Amegnran,Cassava meal (gari),2014-11-01,179.0,-0.56,0.0,False
Amegnran,Cassava meal (gari),2014-12-01,180.0,0.56,0.05,False
Amegnran,Cassava meal (gari),2015-01-01,166.0,-7.26,-0.21,False
Amegnran,Cassava meal (gari),2015-02-01,166.0,-7.26,-0.2,False
Amegnran,Cassava meal (gari),2015-03-01,135.0,-25.0,-0.9,False
Amegnran,Cassava meal (gari),2015-04-01,103.0,-37.95,-1.56,False
Amegnran,Cassava meal (gari),2015-05-01,112.0,-32.53,-1.23,False
Amegnran,Cassava meal (gari),2015-06-01,145.0,7.41,0.31,False
Amegnran,Cassava meal (gari),2015-07-01,144.0,39.81,1.18,False
Amegnran,Cassava meal (gari),2015-08-01,164.0,46.43,1.3,False
Amegnran,Cassava meal (gari),2015-09-01,166.0,14.48,0.48,False
Amegnran,Cassava meal (gari),2015-10-01,185.0,28.47,0.84,False
Amegnran,Cassava meal (gari),2015-11-01,186.0,13.41,0.41,False
Amegnran,Cassava meal (gari),2015-12-01,186.0,12.05,0.34,False
Amegnran,Cassava meal (gari),2016-01-01,140.0,-24.32,-1.03,False
Amegnran,Cassava meal (gari),2016-02-01,227.0,22.04,0.69,False
Amegnran,Cassava meal (gari),2016-03-01,227.0,22.04,0.7,False
Amegnran,Cassava meal (gari),2016-04-01,266.0,90.0,2.28,True
Amegnran,Cassava meal (gari),2016-05-01,375.0,65.2,1.71,False
Amegnran,Cassava meal (gari),2016-06-01,375.0,65.2,1.65,False
Amegnran,Cassava meal (gari),2016-07-01,500.0,87.97,2.04,True
Amegnran,Cassava meal (gari),2016-08-01,500.0,33.33,0.79,False
Amegnran,Cassava meal (gari),2016-09-01,400.0,6.67,0.02,False
Amegnran,Cassava meal (gari),2016-10-01,500.0,0.0,-0.2,False
Amegnran,Cassava meal (gari),2016-11-01,468.0,-6.4,-0.44,False
Amegnran,Cassava meal (gari),2016-12-01,462.0,15.5,0.28,False
Amegnran,Cassava meal (gari),2017-01-01,250.0,-50.0,-2.59,False
Amegnran,Cassava meal (gari),2017-02-01,252.0,-46.15,-2.21,False
Amegnran,Cassava meal (gari),2017-03-01,253.0,-45.24,-2.05,False
Amegnran,Cassava meal (gari),2017-04-01,269.0,7.6,0.21,False
Amegnran,Cassava meal (gari),2017-05-01,262.0,3.97,0.08,False
Amegnran,Cassava meal (gari),2017-06-01,270.0,6.72,0.17,False
Amegnran,Cassava meal (gari),2017-07-01,270.0,0.37,-0.03,False
Amegnran,Cassava meal (gari),2017-08-01,270.0,3.05,0.07,False
Amegnran,Cassava meal (gari),2017-09-01,270.0,0.0,-0.03,False
Amegnran,Cassava meal (gari),2017-10-01,260.0,-3.7,-0.15,False
Amegnran,Cassava meal (gari),2017-11-01,185.0,-31.48,-1.25,False
Amegnran,Cassava meal (gari),2017-12-01,178.0,-34.07,-1.33,False
Amegnran,Cassava meal (gari),2018-01-01,185.0,-28.85,-1.06,False
Amegnran,Cassava meal (gari),2018-02-01,165.0,-10.81,-0.3,False
Amegnran,Cassava meal (gari),2018-03-01,150.0,-15.73,-0.46,False
Amegnran,Cassava meal (gari),2018-04-01,138.0,-25.41,-0.86,False
Amegnran,Cassava meal (gari),2018-05-01,125.0,-24.24,-0.79,False
Amegnran,Cassava meal (gari),2018-06-01,135.0,-10.0,-0.22,False
Amegnran,Cassava meal (gari),2018-07-01,135.0,-2.17,0.08,False
Amegnran,Cassava meal (gari),2018-08-01,150.0,20.0,0.77,False
Amegnran,Cassava meal (gari),2018-09-01,135.0,0.0,0.16,False
Amegnran,Cassava meal (gari),2018-10-01,140.0,3.7,0.29,False
Amegnran,Cassava meal (gari),2018-11-01,140.0,-6.67,-0.07,False
Amegnran,Cassava meal (gari),2018-12-01,145.0,7.41,0.38,False
Amegnran,Cassava meal (gari),2019-01-01,150.0,7.14,0.37,False
Amegnran,Cassava meal (gari),2019-02-01,125.0,-10.71,-0.26,False
Amegnran,Cassava meal (gari),2019-03-01,100.0,-31.03,-1.14,False
Amegnran,Cassava meal (gari),2019-04-01,100.0,-33.33,-1.27,False
Amegnran,Cassava meal (gari),2019-05-01,100.0,-20.0,-0.67,False
Amegnran,Cassava meal (gari),2019-06-01,,17.5,0.65,False
Amegnran,Cassava meal (gari),2019-07-01,135.0,35.0,1.11,False
Amegnran,Cassava meal (gari),2019-08-01,140.0,40.0,1.21,False
Amegnran,Cassava meal (gari),2019-09-01,135.0,14.89,0.52,False
Amegnran,Cassava meal (gari),2019-10-01,140.0,3.7,0.16,False
Amegnran,Cassava meal (gari),2019-11-01,135.0,-3.57,-0.08,False
Amegnran,Cassava meal (gari),2019-12-01,180.0,33.33,1.04,False
Amegnran,Cassava meal (gari),2020-01-01,210.0,50.0,1.41,False
Amegnran,Cassava meal (gari),2020-02-01,210.0,55.56,1.49,False
Amegnran,Cassava meal (gari),2020-03-01,220.0,22.22,0.64,False
Amegnran,Cassava meal (gari),2020-04-01,250.0,19.05,0.53,False
Amegnran,Cassava meal (gari),2020-05-01,240.0,14.29,0.36,False
Amegnran,Cassava meal (gari),2020-06-01,310.0,40.91,1.06,False
Amegnran,Cassava meal (gari),2020-07-01,300.0,20.0,0.49,False
Amegnran,Cassava meal (gari),2020-08-01,310.0,29.17,0.75,False
Amegnran,Cassava meal (gari),2020-09-01,310.0,0.0,-0.12,False
Amegnran,Cassava meal (gari),2020-10-01,300.0,0.0,-0.12,False
Amegnran,Cassava meal (gari),2020-11-01,290.0,-6.45,-0.33,False
Amegnran,Cassava meal (gari),2020-12-01,290.0,-6.45,-0.32,False
Amegnran,Cassava meal (gari),2021-01-01,280.0,-6.67,-0.32,False
Amegnran,Cassava meal (gari),2021-02-01,305.0,5.17,0.08,False
Amegnran,Cassava meal (gari),2021-03-01,250.0,-13.79,-0.61,False
Amegnran,Cassava meal (gari),2021-04-01,255.0,-8.93,-0.39,False
Amegnran,Cassava meal (gari),2021-05-01,315.0,3.28,0.1,False
Amegnran,Cassava meal (gari),2021-06-01,325.0,30.0,1.0,False
Amegnran,Cassava meal (gari),2021-07-01,325.0,27.45,0.96,False
Amegnran,Cassava meal (gari),2021-08-01,315.0,0.0,0.05,False
Amegnran,Cassava meal (gari),2021-09-01,295.0,-9.23,-0.33,False
Amegnran,Cassava meal (gari),2021-10-01,285.0,-12.31,-0.46,False
Amegnran,Cassava meal (gari),2021-11-01,265.0,-15.87,-0.62,False
Amegnran,Cassava meal (gari),2021-12-01,275.0,-6.78,-0.19,False
Amegnran,Cassava meal (gari),2022-01-01,275.0,-3.51,-0.03,False
Amegnran,Cassava meal (gari),2022-02-01,280.0,5.66,0.32,False
Amegnran,Cassava meal (gari),2022-03-01,282.0,2.55,0.14,False
Amegnran,Cassava meal (gari),2022-04-01,305.0,10.91,0.5,False
Amegnran,Cassava meal (gari),2022-05-01,300.0,7.14,0.32,False
Amegnran,Cassava meal (gari),2022-06-01,300.0,6.38,0.28,False
Amegnran,Maize (white),2003-04-01,123.0,8.85,0.2,False
Amegnran,Maize (white),2003-05-01,129.0,4.88,0.1,False
Amegnran,Maize (white),2003-06-01,128.0,23.08,0.54,False
Amegnran,Maize (white),2003-07-01,97.0,-21.14,-0.72,False
Amegnran,Maize (white),2003-08-01,83.0,-35.66,-1.27,False
Amegnran,Maize (white),2003-09-01,75.0,-41.41,-1.48,False
Amegnran,Maize (white),2003-10-01,110.0,13.4,0.41,False
Amegnran,Maize (white),2003-11-01,91.0,9.64,0.3,False
Amegnran,Maize (white),2003-12-01,100.0,33.33,0.85,False
Amegnran,Maize (white),2004-01-01,98.0,-10.91,-0.31,False
Amegnran,Maize (white),2004-02-01,112.0,23.08,0.62,False
Amegnran,Maize (white),2004-03-01,104.0,4.0,0.12,False
Amegnran,Maize (white),2004-04-01,100.0,2.04,0.06,False
Amegnran,Maize (white),2004-05-01,113.0,0.89,0.03,False
Amegnran,Maize (white),2004-06-01,116.0,11.54,0.33,False
Amegnran,Maize (white),2004-07-01,150.0,50.0,1.23,False
Amegnran,Maize (white),2004-08-01,183.0,61.95,1.43,False
Amegnran,Maize (white),2004-09-01,164.0,41.38,0.97,False
Amegnran,Maize (white),2004-10-01,114.0,-24.0,-0.92,False
Amegnran,Maize (white),2004-11-01,158.0,-13.66,-0.52,False
Amegnran,Maize (white),2004-12-01,164.0,0.0,-0.06,False
Amegnran,Maize (white),2005-01-01,167.0,46.49,1.11,False
Amegnran,Maize (white),2005-02-01,150.0,-5.06,-0.25,False
Amegnran,Maize (white),2005-03-01,172.0,4.88,0.07,False
Amegnran,Maize (white),2005-04-01,192.0,14.97,0.35,False
Amegnran,Maize (white),2005-05-01,205.0,36.67,0.9,False
Amegnran,Maize (white),2005-06-01,215.0,25.0,0.6,False
Amegnran,Maize (white),2005-07-01,219.0,14.06,0.3,False
Amegnran,Maize (white),2005-08-01,205.0,0.0,-0.13,False
Amegnran,Maize (white),2005-09-01,187.0,-13.02,-0.58,False
Amegnran,Maize (white),2005-10-01,175.0,-20.09,-0.85,False
Amegnran,Maize (white),2005-11-01,180.0,-12.2,-0.53,False
Amegnran,Maize (white),2005-12-01,183.0,-2.14,-0.17,False
Amegnran,Maize (white),2006-01-01,100.0,-42.86,-1.96,False
Amegnran,Maize (white),2006-02-01,183.0,1.67,-0.0,False
Amegnran,Maize (white),2006-03-01,117.0,-36.07,-1.53,False
Amegnran,Maize (white),2006-04-01,156.0,56.0,1.41,False
Amegnran,Maize (white),2006-05-01,136.0,-25.68,-0.99,False
Amegnran,Maize (white),2006-06-01,158.0,35.04,0.97,False
Amegnran,Maize (white),2006-07-01,158.0,1.28,0.03,False
Amegnran,Maize (white),2006-08-01,167.0,22.79,0.64,False
Amegnran,Maize (white),2006-09-01,192.0,21.52,0.58,False
Amegnran,Maize (white),2006-10-01,142.0,-10.13,-0.46,False
Amegnran,Maize (white),2006-11-01,130.0,-22.16,-0.98,False
Amegnran,Maize (white),2006-12-01,125.0,-34.9,-1.58,False
Amegnran,Maize (white),2007-01-01,100.0,-29.58,-1.26,False
Amegnran,Maize (white),2007-02-01,117.0,-10.0,-0.4,False
Amegnran,Maize (white),2007-03-01,117.0,-6.4,-0.25,False
Amegnran,Maize (white),2007-04-01,114.0,14.0,0.44,False
Amegnran,Maize (white),2007-05-01,133.0,13.68,0.44,False
Amegnran,Maize (white),2007-06-01,142.0,21.37,0.68,False
Amegnran,Maize (white),2007-07-01,117.0,2.63,0.11,False
Amegnran,Maize (white),2007-08-01,133.0,0.0,0.0,False
Amegnran,Maize (white),2007-09-01,100.0,-29.58,-1.29,False
Amegnran,Maize (white),2007-10-01,133.0,13.68,0.43,False
Amegnran,Maize (white),2007-11-01,167.0,25.56,0.79,False
Amegnran,Maize (white),2007-12-01,167.0,67.0,1.88,False
Amegnran,Maize (white),2008-01-01,148.0,11.28,0.31,False
Amegnran,Maize (white),2008-02-01,155.0,-7.19,-0.38,False
Amegnran,Maize (white),2008-03-01,162.0,-2.99,-0.18,False
Amegnran,Maize (white),2008-04-01,199.0,34.46,1.12,False
Amegnran,Maize (white),2008-05-01,320.0,106.45,2.79,True
Amegnran,Maize (white),2008-06-01,320.0,97.53,2.42,True
Amegnran,Maize (white),2008-07-01,316.0,58.79,1.51,False
Amegnran,Maize (white),2008-08-01,518.0,61.87,1.52,False
Amegnran,Maize (white),2008-09-01,220.0,-31.25,-1.56,False
Amegnran,Maize (white),2008-10-01,223.0,-29.43,-1.51,False
Amegnran,Maize (white),2008-11-01,212.0,-59.07,-3.39,False
Amegnran,Maize (white),2008-12-01,230.0,4.55,0.0,False
Amegnran,Maize (white),2009-01-01,172.0,-22.87,-0.98,False
Amegnran,Maize (white),2009-02-01,117.0,-44.81,-2.06,False
Amegnran,Maize (white),2009-03-01,281.0,22.17,0.56,False
Amegnran,Maize (white),2009-04-01,130.0,-24.42,-0.96,False
Amegnran,Maize (white),2009-05-01,156.0,33.33,0.83,False
Amegnran,Maize (white),2009-06-01,235.0,-16.37,-0.64,False
Amegnran,Maize (white),2009-07-01,207.0,59.23,1.37,False
Amegnran,Maize (white),2009-08-01,183.0,17.31,0.42,False
Amegnran,Maize (white),2009-09-01,158.0,-32.77,-1.3,False
Amegnran,Maize (white),2009-10-01,278.0,34.3,0.9,False
Amegnran,Maize (white),2009-11-01,183.0,0.0,-0.04,False
Amegnran,Maize (white),2009-12-01,192.0,21.52,0.56,False
Amegnran,Maize (white),2010-01-01,187.0,-32.73,-1.3,False
Amegnran,Maize (white),2010-02-01,141.0,-22.95,-0.83,False
Amegnran,Maize (white),2010-03-01,172.0,-10.42,-0.35,False
Amegnran,Maize (white),2010-04-01,207.0,10.7,0.31,False
Amegnran,Maize (white),2010-05-01,200.0,41.84,1.08,False
Amegnran,Maize (white),2010-06-01,161.0,-6.4,-0.21,False
Amegnran,Maize (white),2010-07-01,123.0,-40.58,-1.6,False
Amegnran,Maize (white),2010-08-01,120.0,-40.0,-1.51,False
Amegnran,Maize (white),2010-09-01,130.0,-19.25,-0.57,False
Amegnran,Maize (white),2010-10-01,124.0,0.81,0.1,False
Amegnran,Maize (white),2010-11-01,130.0,8.33,0.3,False
Amegnran,Maize (white),2010-12-01,128.0,-1.54,0.01,False
Amegnran,Maize (white),2011-01-01,189.0,52.42,1.31,False
Amegnran,Maize (white),2011-02-01,151.0,16.15,0.45,False
Amegnran,Maize (white),2011-03-01,140.0,9.37,0.27,False
Amegnran,Maize (white),2011-04-01,182.0,-3.7,-0.15,False
Amegnran,Maize (white),2011-05-01,198.0,31.13,0.83,False
Amegnran,Maize (white),2011-06-01,158.0,12.86,0.34,False
Amegnran,Maize (white),2011-07-01,180.0,-1.1,-0.06,False
Amegnran,Maize (white),2011-08-01,150.0,-24.24,-0.89,False
Amegnran,Maize (white),2011-09-01,148.0,-6.33,-0.2,False
Amegnran,Maize (white),2011-10-01,139.0,-22.78,-0.8,False
Amegnran,Maize (white),2011-11-01,153.0,2.0,0.08,False
Amegnran,Maize (white),2011-12-01,198.0,33.78,0.92,False
Amegnran,Maize (white),2012-01-01,171.0,23.02,0.62,False
Amegnran,Maize (white),2012-02-01,173.0,13.07,0.33,False
Amegnran,Maize (white),2012-03-01,186.0,-6.06,-0.27,False
Amegnran,Maize (white),2012-04-01,211.0,23.39,0.6,False
Amegnran,Maize (white),2012-05-01,216.0,24.86,0.63,False
Amegnran,Maize (white),2012-06-01,215.0,15.59,0.38,False
Amegnran,Maize (white),2012-07-01,200.0,-5.21,-0.25,False
Amegnran,Maize (white),2012-08-01,172.0,-20.37,-0.8,False
Amegnran,Maize (white),2012-09-01,119.0,-44.65,-1.93,False
Amegnran,Maize (white),2012-10-01,122.0,-39.0,-1.58,False
Amegnran,Maize (white),2012-11-01,128.0,-25.58,-0.91,False
Amegnran,Maize (white),2012-12-01,132.0,10.92,0.32,False
Amegnran,Maize (white),2013-01-01,184.0,50.82,1.3,False
Amegnran,Maize (white),2013-02-01,186.0,45.31,1.15,False
Amegnran,Maize (white),2013-03-01,150.0,13.64,0.38,False
Amegnran,Maize (white),2013-04-01,162.0,-11.96,-0.4,False
Amegnran,Maize (white),2013-05-01,156.0,-16.13,-0.53,False
Amegnran,Maize (white),2013-06-01,154.0,2.67,0.14,False
Amegnran,Maize (white),2013-07-01,145.0,-10.49,-0.27,False
Amegnran,Maize (white),2013-08-01,125.0,-19.87,-0.62,False
Amegnran,Maize (white),2013-09-01,120.0,-22.08,-0.69,False
Amegnran,Maize (white),2013-10-01,141.0,-2.76,0.07,False
Amegnran,Maize (white),2013-11-01,140.0,12.0,0.54,False
Amegnran,Maize (white),2013-12-01,148.0,23.33,0.89,False
Amegnran,Maize (white),2014-01-01,140.0,-0.71,0.06,False
Amegnran,Maize (white),2014-02-01,155.0,10.71,0.46,False
Amegnran,Maize (white),2014-03-01,155.0,4.73,0.21,False
Amegnran,Maize (white),2014-04-01,140.0,0.0,0.03,False
Amegnran,Maize (white),2014-05-01,139.0,-10.32,-0.42,False
Amegnran,Maize (white),2014-06-01,124.0,-20.0,-0.87,False
Amegnran,Maize (white),2014-07-01,140.0,0.0,0.05,False
Amegnran,Maize (white),2014-08-01,108.0,-22.3,-0.98,False
Amegnran,Maize (white),2014-09-01,109.0,-12.1,-0.43,False
Amegnran,Maize (white),2014-10-01,93.0,-33.57,-1.66,False
Amegnran,Maize (white),2014-11-01,124.0,14.81,0.73,False
Amegnran,Maize (white),2014-12-01,115.0,5.5,0.36,False
Amegnran,Maize (white),2015-01-01,139.0,49.46,1.86,False
Amegnran,Maize (white),2015-02-01,124.0,0.0,0.08,False
Amegnran,Maize (white),2015-03-01,200.0,73.91,2.43,True
Amegnran,Maize (white),2015-04-01,124.0,-10.79,-0.45,False
Amegnran,Maize (white),2015-05-01,155.0,25.0,0.94,False
Amegnran,Maize (white),2015-06-01,202.0,1.0,0.08,False
Amegnran,Maize (white),2015-07-01,155.0,25.0,0.96,False
Amegnran,Maize (white),2015-08-01,155.0,0.0,-0.01,False
Amegnran,Maize (white),2015-09-01,155.0,-23.27,-1.23,False
Amegnran,Maize (white),2015-10-01,187.0,20.65,0.78,False
Amegnran,Maize (white),2015-11-01,171.0,10.32,0.37,False
Amegnran,Maize (white),2015-12-01,202.0,30.32,1.1,False
Amegnran,Maize (white),2016-01-01,109.0,-41.71,-2.44,False
Amegnran,Maize (white),2016-02-01,188.0,9.94,0.39,False
Amegnran,Maize (white),2016-03-01,187.0,-7.43,-0.34,False
Amegnran,Maize (white),2016-04-01,188.0,72.48,2.34,True
Amegnran,Maize (white),2016-05-01,300.0,59.57,1.88,False
Amegnran,Maize (white),2016-06-01,300.0,60.43,1.85,False
Amegnran,Maize (white),2016-07-01,203.0,7.98,0.23,False
Amegnran,Maize (white),2016-08-01,172.0,-42.67,-2.26,False
Amegnran,Maize (white),2016-09-01,204.0,-32.0,-1.52,False
Amegnran,Maize (white),2016-10-01,206.0,1.48,0.02,False
Amegnran,Maize (white),2016-11-01,201.0,16.86,0.53,False
Amegnran,Maize (white),2016-12-01,203.0,-0.49,-0.08,False
Amegnran,Maize (white),2017-01-01,183.0,-11.17,-0.49,False
Amegnran,Maize (white),2017-02-01,184.0,-8.46,-0.36,False
Amegnran,Maize (white),2017-03-01,185.0,-8.87,-0.36,False
Amegnran,Maize (white),2017-04-01,236.0,28.96,0.96,False
Amegnran,Maize (white),2017-05-01,236.0,28.26,0.93,False
Amegnran,Maize (white),2017-06-01,233.0,25.95,0.86,False
Amegnran,Maize (white),2017-07-01,235.0,-0.42,-0.03,False
Amegnran,Maize (white),2017-08-01,230.0,-2.54,-0.12,False
Amegnran,Maize (white),2017-09-01,125.0,-46.35,-2.4,False
Amegnran,Maize (white),2017-10-01,125.0,-46.81,-2.42,False
Amegnran,Maize (white),2017-11-01,135.0,-41.3,-2.0,False
Amegnran,Maize (white),2017-12-01,154.0,23.2,0.75,False
Amegnran,Maize (white),2018-01-01,125.0,0.0,-0.01,False
Amegnran,Maize (white),2018-02-01,158.0,17.04,0.59,False
Amegnran,Maize (white),2018-03-01,150.0,-2.6,-0.07,False
Amegnran,Maize (white),2018-04-01,160.0,28.0,0.96,False
Amegnran,Maize (white),2018-05-01,160.0,1.27,0.06,False
Amegnran,Maize (white),2018-06-01,155.0,3.33,0.12,False
Amegnran,Maize (white),2018-07-01,165.0,3.12,0.11,False
Amegnran,Maize (white),2018-08-01,145.0,-9.37,-0.38,False
Amegnran,Maize (white),2018-09-01,115.0,-25.81,-1.14,False
Amegnran,Maize (white),2018-10-01,115.0,-30.3,-1.37,False
Amegnran,Maize (white),2018-11-01,125.0,-13.79,-0.54,False
Amegnran,Maize (white),2018-12-01,130.0,13.04,0.47,False
Amegnran,Maize (white),2019-01-01,153.0,33.04,1.08,False
Amegnran,Maize (white),2019-02-01,157.0,25.6,0.84,False
Amegnran,Maize (white),2019-03-01,160.0,23.08,0.76,False
Amegnran,Maize (white),2019-04-01,160.0,4.58,0.15,False
Amegnran,Maize (white),2019-05-01,160.0,1.91,0.06,False
Amegnran,Maize (white),2019-06-01,,-6.25,-0.25,False
Amegnran,Maize (white),2019-07-01,140.0,-12.5,-0.52,False
Amegnran,Maize (white),2019-08-01,135.0,-15.62,-0.64,False
Amegnran,Maize (white),2019-09-01,130.0,-13.33,-0.55,False
Amegnran,Maize (white),2019-10-01,130.0,-7.14,-0.3,False
Amegnran,Maize (white),2019-11-01,130.0,-3.7,-0.19,False
Amegnran,Maize (white),2019-12-01,125.0,-3.85,-0.18,False
Amegnran,Maize (white),2020-01-01,125.0,-3.85,-0.18,False
Amegnran,Maize (white),2020-02-01,130.0,0.0,-0.0,False
Amegnran,Maize (white),2020-03-01,130.0,4.0,0.15,False
Amegnran,Maize (white),2020-04-01,140.0,12.0,0.48,False
Amegnran,Maize (white),2020-05-01,140.0,7.69,0.31,False
Amegnran,Maize (white),2020-06-01,140.0,7.69,0.32,False
Amegnran,Maize (white),2020-07-01,150.0,7.14,0.3,False
Amegnran,Maize (white),2020-08-01,161.0,15.0,0.59,False
Amegnran,Maize (white),2020-09-01,158.0,12.86,0.51,False
Amegnran,Maize (white),2020-10-01,150.0,0.0,-0.0,False
Amegnran,Maize (white),2020-11-01,130.0,-19.25,-0.85,False
Amegnran,Maize (white),2020-12-01,135.0,-14.56,-0.6,False
Amegnran,Maize (white),2021-01-01,140.0,-6.67,-0.22,False
Amegnran,Maize (white),2021-02-01,150.0,15.38,0.63,False
Amegnran,Maize (white),2021-03-01,175.0,29.63,1.12,False
Amegnran,Maize (white),2021-04-01,200.0,42.86,1.49,False
Amegnran,Maize (white),2021-05-01,230.0,53.33,1.85,False
Amegnran,Maize (white),2021-06-01,250.0,42.86,1.55,False
Amegnran,Maize (white),2021-07-01,245.0,22.5,0.91,False
Amegnran,Maize (white),2021-08-01,250.0,8.7,0.38,False
Amegnran,Maize (white),2021-09-01,230.0,-8.0,-0.41,False
Amegnran,Maize (white),2021-10-01,230.0,-6.12,-0.35,False
Amegnran,Maize (white),2021-11-01,248.0,-0.8,-0.08,False
Amegnran,Maize (white),2021-12-01,297.0,29.13,1.17,False
Amegnran,Maize (white),2022-01-01,297.0,29.13,1.14,False
Amegnran,Maize (white),2022-02-01,300.0,20.97,0.8,False
Amegnran,Maize (white),2022-03-01,300.0,1.01,-0.06,False
Amegnran,Maize (white),2022-04-01,305.0,2.69,0.01,False
Amegnran,Maize (white),2022-05-01,305.0,1.67,-0.02,False
Amegnran,Maize (white),2022-06-01,295.0,-1.67,-0.16,False
Amegnran,Rice (imported),2003-04-01,310.0,15.24,0.65,False
Amegnran,Rice (imported),2003-05-01,273.0,-3.87,-0.3,False
Amegnran,Rice (imported),2003-06-01,333.0,-5.67,-0.39,False
Amegnran,Rice (imported),2003-07-01,244.0,-21.29,-1.35,False
Amegnran,Rice (imported),2003-08-01,325.0,19.05,0.89,False
Amegnran,Rice (imported),2003-09-01,400.0,20.12,0.91,False
Amegnran,Rice (imported),2003-10-01,350.0,43.44,1.82,False
Amegnran,Rice (imported),2003-11-01,325.0,0.0,-0.14,False
Amegnran,Rice (imported),2003-12-01,290.0,-27.5,-1.8,False
Amegnran,Rice (imported),2004-01-01,308.0,-12.0,-0.72,False
Amegnran,Rice (imported),2004-02-01,350.0,7.69,0.31,False
Amegnran,Rice (imported),2004-03-01,383.0,32.07,1.35,False
Amegnran,Rice (imported),2004-04-01,333.0,8.12,0.29,False
Amegnran,Rice (imported),2004-05-01,375.0,7.14,0.24,False
Amegnran,Rice (imported),2004-06-01,288.0,-24.8,-1.61,False
Amegnran,Rice (imported),2004-07-01,279.0,-16.22,-0.98,False
Amegnran,Rice (imported),2004-08-01,286.0,-23.73,-1.44,False
Amegnran,Rice (imported),2004-09-01,286.0,-0.69,-0.06,False
Amegnran,Rice (imported),2004-10-01,269.0,-3.58,-0.21,False
Amegnran,Rice (imported),2004-11-01,304.0,6.29,0.3,False
Amegnran,Rice (imported),2004-12-01,385.0,34.62,1.53,False
Amegnran,Rice (imported),2005-01-01,251.0,-6.69,-0.41,False
Amegnran,Rice (imported),2005-02-01,269.0,-11.51,-0.68,False
Amegnran,Rice (imported),2005-03-01,313.0,-18.7,-1.11,False
Amegnran,Rice (imported),2005-04-01,340.0,35.46,1.57,False
Amegnran,Rice (imported),2005-05-01,381.0,41.64,1.75,False
Amegnran,Rice (imported),2005-06-01,385.0,23.0,0.97,False
Amegnran,Rice (imported),2005-07-01,375.0,10.29,0.4,False
Amegnran,Rice (imported),2005-08-01,321.0,-15.75,-0.97,False
Amegnran,Rice (imported),2005-09-01,375.0,-2.6,-0.22,False
Amegnran,Rice (imported),2005-10-01,380.0,1.33,-0.01,False
Amegnran,Rice (imported),2005-11-01,382.0,19.0,0.82,False
Amegnran,Rice (imported),2005-12-01,385.0,2.67,0.04,False
Amegnran,Rice (imported),2006-01-01,417.0,9.74,0.39,False
Amegnran,Rice (imported),2006-02-01,458.0,19.9,0.85,False
Amegnran,Rice (imported),2006-03-01,438.0,13.77,0.56,False
Amegnran,Rice (imported),2006-04-01,438.0,5.04,0.13,False
Amegnran,Rice (imported),2006-05-01,417.0,-8.95,-0.62,False
Amegnran,Rice (imported),2006-06-01,417.0,-4.79,-0.37,False
Amegnran,Rice (imported),2006-07-01,396.0,-9.59,-0.64,False
Amegnran,Rice (imported),2006-08-01,438.0,5.04,0.14,False
Amegnran,Rice (imported),2006-09-01,438.0,5.04,0.14,False
Amegnran,Rice (imported),2006-10-01,438.0,10.61,0.42,False
Amegnran,Rice (imported),2006-11-01,429.0,-2.05,-0.26,False
Amegnran,Rice (imported),2006-12-01,417.0,-4.79,-0.42,False
Amegnran,Rice (imported),2007-01-01,417.0,-4.79,-0.42,False
Amegnran,Rice (imported),2007-02-01,417.0,-2.8,-0.3,False
Amegnran,Rice (imported),2007-03-01,417.0,0.0,-0.14,False
Amegnran,Rice (imported),2007-04-01,417.0,0.0,-0.13,False
Amegnran,Rice (imported),2007-05-01,417.0,0.0,-0.09,False
Amegnran,Rice (imported),2007-06-01,417.0,0.0,-0.09,False
Amegnran,Rice (imported),2007-07-01,417.0,0.0,-0.13,False
Amegnran,Rice (imported),2007-08-01,375.0,-10.07,-0.89,False
Amegnran,Rice (imported),2007-09-01,417.0,0.0,-0.18,False
Amegnran,Rice (imported),2007-10-01,417.0,0.0,-0.16,False
Amegnran,Rice (imported),2007-11-01,417.0,11.2,0.56,False
Amegnran,Rice (imported),2007-12-01,417.0,0.0,-0.15,False
Amegnran,Rice (imported),2008-01-01,314.0,-24.7,-2.03,False
Amegnran,Rice (imported),2008-02-01,313.0,-24.94,-1.96,False
Amegnran,Rice (imported),2008-03-01,313.0,-24.94,-1.86,False
Amegnran,Rice (imported),2008-04-01,322.0,2.55,0.14,False
Amegnran,Rice (imported),2008-05-01,354.0,13.1,0.77,False
Amegnran,Rice (imported),2008-06-01,318.0,1.6,0.08,False
Amegnran,Rice (imported),2008-07-01,325.0,0.93,0.03,False
Amegnran,Rice (imported),2008-08-01,367.0,3.67,0.18,False
Amegnran,Rice (imported),2008-09-01,351.0,10.38,0.59,False
Amegnran,Rice (imported),2008-10-01,323.0,-0.62,-0.07,False
Amegnran,Rice (imported),2008-11-01,314.0,-14.44,-1.05,False
Amegnran,Rice (imported),2008-12-01,329.0,-6.27,-0.41,False
Amegnran,Rice (imported),2009-01-01,450.0,39.32,2.32,True
Amegnran,Rice (imported),2009-02-01,300.0,-4.46,-0.36,False
Amegnran,Rice (imported),2009-03-01,350.0,6.38,0.38,False
Amegnran,Rice (imported),2009-04-01,358.0,-20.44,-1.6,False
Amegnran,Rice (imported),2009-05-01,247.0,-17.67,-1.31,False
Amegnran,Rice (imported),2009-06-01,375.0,7.14,0.51,False
Amegnran,Rice (imported),2009-07-01,333.0,-6.98,-0.49,False
Amegnran,Rice (imported),2009-08-01,317.0,28.34,1.75,False
Amegnran,Rice (imported),2009-09-01,300.0,-20.0,-1.64,False
Amegnran,Rice (imported),2009-10-01,267.0,-19.82,-1.56,False
Amegnran,Rice (imported),2009-11-01,300.0,-5.36,-0.39,False
Amegnran,Rice (imported),2009-12-01,333.0,11.0,0.7,False
Amegnran,Rice (imported),2010-01-01,515.0,92.88,4.61,True
Amegnran,Rice (imported),2010-02-01,351.0,17.0,0.89,False
Amegnran,Rice (imported),2010-03-01,430.0,29.13,1.45,False
Amegnran,Rice (imported),2010-04-01,410.0,-20.39,-1.5,False
Amegnran,Rice (imported),2010-05-01,415.0,18.23,0.93,False
Amegnran,Rice (imported),2010-06-01,429.0,-0.23,-0.08,False
Amegnran,Rice (imported),2010-07-01,471.0,14.88,0.83,False
Amegnran,Rice (imported),2010-08-01,516.0,24.34,1.32,False
Amegnran,Rice (imported),2010-09-01,557.0,29.84,1.55,False
Amegnran,Rice (imported),2010-10-01,509.0,8.07,0.36,False
Amegnran,Rice (imported),2010-11-01,528.0,2.33,0.02,False
Amegnran,Rice (imported),2010-12-01,504.0,-9.52,-0.72,False
Amegnran,Rice (imported),2011-01-01,562.0,10.41,0.52,False
Amegnran,Rice (imported),2011-02-01,587.0,11.17,0.56,False
Amegnran,Rice (imported),2011-03-01,550.0,9.13,0.46,False
Amegnran,Rice (imported),2011-04-01,587.0,4.45,0.19,False
Amegnran,Rice (imported),2011-05-01,509.0,-13.29,-0.96,False
Amegnran,Rice (imported),2011-06-01,597.0,8.55,0.43,False
Amegnran,Rice (imported),2011-07-01,561.0,-4.43,-0.37,False
Amegnran,Rice (imported),2011-08-01,557.0,9.43,0.47,False
Amegnran,Rice (imported),2011-09-01,556.0,-6.87,-0.54,False
Amegnran,Rice (imported),2011-10-01,544.0,-3.03,-0.28,False
Amegnran,Rice (imported),2011-11-01,561.0,0.72,-0.03,False
Amegnran,Rice (imported),2011-12-01,578.0,3.96,0.17,False
Amegnran,Rice (imported),2012-01-01,557.0,2.39,0.06,False
Amegnran,Rice (imported),2012-02-01,560.0,-0.18,-0.1,False
Amegnran,Rice (imported),2012-03-01,559.0,-3.29,-0.3,False
Amegnran,Rice (imported),2012-04-01,604.0,8.44,0.41,False
Amegnran,Rice (imported),2012-05-01,595.0,6.25,0.28,False
Amegnran,Rice (imported),2012-06-01,596.0,6.62,0.29,False
Amegnran,Rice (imported),2012-07-01,608.0,0.66,-0.07,False
Amegnran,Rice (imported),2012-08-01,595.0,0.0,-0.11,False
Amegnran,Rice (imported),2012-09-01,600.0,0.67,-0.08,False
Amegnran,Rice (imported),2012-10-01,608.0,0.0,-0.12,False
Amegnran,Rice (imported),2012-11-01,596.0,0.17,-0.11,False
Amegnran,Rice (imported),2012-12-01,595.0,-0.83,-0.17,False
Amegnran,Rice (imported),2013-01-01,553.0,-9.05,-0.7,False
Amegnran,Rice (imported),2013-02-01,561.0,-5.87,-0.52,False
Amegnran,Rice (imported),2013-03-01,553.0,-7.06,-0.65,False
Amegnran,Rice (imported),2013-04-01,552.0,-0.18,-0.21,False
Amegnran,Rice (imported),2013-05-01,565.0,0.71,-0.14,False
Amegnran,Rice (imported),2013-06-01,553.0,0.0,-0.18,False
Amegnran,Rice (imported),2013-07-01,608.0,10.14,0.48,False
Amegnran,Rice (imported),2013-08-01,565.0,0.0,-0.19,False
Amegnran,Rice (imported),2013-09-01,560.0,1.27,-0.1,False
Amegnran,Rice (imported),2013-10-01,609.0,0.16,-0.16,False
Amegnran,Rice (imported),2013-11-01,600.0,6.19,0.24,False
Amegnran,Rice (imported),2013-12-01,603.0,7.68,0.31,False
Amegnran,Rice (imported),2014-01-01,557.0,-8.54,-0.84,False
Amegnran,Rice (imported),2014-02-01,557.0,-7.17,-0.71,False
Amegnran,Rice (imported),2014-03-01,561.0,-6.97,-0.69,False
Amegnran,Rice (imported),2014-04-01,557.0,0.0,-0.16,False
Amegnran,Rice (imported),2014-05-01,561.0,0.72,-0.14,False
Amegnran,Rice (imported),2014-06-01,561.0,0.0,-0.22,False
Amegnran,Rice (imported),2014-07-01,557.0,0.0,-0.21,False
Amegnran,Rice (imported),2014-08-01,561.0,0.0,-0.22,False
Amegnran,Rice (imported),2014-09-01,557.0,-0.71,-0.25,False
Amegnran,Rice (imported),2014-10-01,557.0,0.0,-0.23,False
Amegnran,Rice (imported),2014-11-01,561.0,0.0,-0.27,False
Amegnran,Rice (imported),2014-12-01,556.0,-0.18,-0.29,False
Amegnran,Rice (imported),2015-01-01,561.0,0.72,-0.2,False
Amegnran,Rice (imported),2015-02-01,557.0,-0.71,-0.32,False
Amegnran,Rice (imported),2015-03-01,650.0,16.91,1.63,False
Amegnran,Rice (imported),2015-04-01,561.0,0.0,-0.2,False
Amegnran,Rice (imported),2015-05-01,561.0,0.72,-0.17,False
Amegnran,Rice (imported),2015-06-01,600.0,-7.69,-1.35,False
Amegnran,Rice (imported),2015-07-01,600.0,6.95,0.7,False
Amegnran,Rice (imported),2015-08-01,600.0,6.95,0.73,False
Amegnran,Rice (imported),2015-09-01,600.0,0.0,-0.18,False
Amegnran,Rice (imported),2015-10-01,600.0,0.0,-0.13,False
Amegnran,Rice (imported),2015-11-01,600.0,0.0,-0.11,False
Amegnran,Rice (imported),2015-12-01,600.0,0.0,-0.11,False
Amegnran,Rice (imported),2016-01-01,650.0,8.33,1.3,False
Amegnran,Rice (imported),2016-02-01,561.0,-6.5,-1.35,False
Amegnran,Rice (imported),2016-03-01,561.0,-6.5,-1.32,False
Amegnran,Rice (imported),2016-04-01,561.0,-13.69,-2.75,False
Amegnran,Rice (imported),2016-05-01,561.0,0.0,0.02,False
Amegnran,Rice (imported),2016-06-01,561.0,0.0,-0.02,False
Amegnran,Rice (imported),2016-07-01,560.0,-0.18,-0.03,False
Amegnran,Rice (imported),2016-08-01,560.0,-0.18,-0.04,False
Amegnran,Rice (imported),2016-09-01,560.0,-0.18,-0.02,False
Amegnran,Rice (imported),2016-10-01,560.0,0.0,-0.0,False
Amegnran,Rice (imported),2016-11-01,561.0,0.18,0.02,False
Amegnran,Rice (imported),2016-12-01,550.0,-1.79,-0.37,False
Amegnran,Rice (imported),2017-01-01,560.0,0.0,0.01,False
Amegnran,Rice (imported),2017-02-01,561.0,0.0,0.01,False
Amegnran,Rice (imported),2017-03-01,558.0,1.45,0.3,False
Amegnran,Rice (imported),2017-04-01,560.0,0.0,-0.0,False
Amegnran,Rice (imported),2017-05-01,560.0,-0.18,-0.01,False
Amegnran,Rice (imported),2017-06-01,558.0,0.0,0.05,False
Amegnran,Rice (imported),2017-07-01,558.0,-0.36,-0.0,False
Amegnran,Rice (imported),2017-08-01,555.0,-0.89,-0.11,False
Amegnran,Rice (imported),2017-09-01,558.0,0.0,0.08,False
Amegnran,Rice (imported),2017-10-01,560.0,0.36,0.16,False
Amegnran,Rice (imported),2017-11-01,560.0,0.9,0.27,False
Amegnran,Rice (imported),2017-12-01,560.0,0.36,0.15,False
Amegnran,Rice (imported),2018-01-01,560.0,0.0,0.07,False
Amegnran,Rice (imported),2018-02-01,395.0,-29.46,-7.57,False
Amegnran,Rice (imported),2018-03-01,425.0,-24.11,-4.22,False
Amegnran,Rice (imported),2018-04-01,480.0,-14.29,-2.0,False
Amegnran,Rice (imported),2018-05-01,545.0,37.97,4.49,True
Amegnran,Rice (imported),2018-06-01,550.0,29.41,3.08,True
Amegnran,Rice (imported),2018-07-01,550.0,14.58,1.5,False
Amegnran,Rice (imported),2018-08-01,555.0,1.83,0.22,False
Amegnran,Rice (imported),2018-09-01,550.0,0.0,0.02,False
Amegnran,Rice (imported),2018-10-01,550.0,0.0,0.02,False
Amegnran,Rice (imported),2018-11-01,550.0,-0.9,-0.07,False
Amegnran,Rice (imported),2018-12-01,550.0,0.0,0.04,False
Amegnran,Rice (imported),2019-01-01,627.0,14.0,1.47,False
Amegnran,Rice (imported),2019-02-01,660.0,20.0,1.96,False
Amegnran,Rice (imported),2019-03-01,580.0,5.45,0.52,False
Amegnran,Rice (imported),2019-04-01,600.0,-4.31,-0.52,False
Amegnran,Rice (imported),2019-05-01,600.0,-9.09,-1.04,False
Amegnran,Rice (imported),2019-06-01,,-2.59,-0.3,False
Amegnran,Rice (imported),2019-07-01,530.0,-11.67,-1.31,False
Amegnran,Rice (imported),2019-08-01,530.0,-11.67,-1.27,False
Amegnran,Rice (imported),2019-09-01,530.0,-6.19,-0.63,False
Amegnran,Rice (imported),2019-10-01,530.0,0.0,0.03,False
Amegnran,Rice (imported),2019-11-01,600.0,13.21,1.27,False
Amegnran,Rice (imported),2019-12-01,600.0,13.21,1.23,False
Amegnran,Rice (imported),2020-01-01,560.0,5.66,0.52,False
Amegnran,Rice (imported),2020-02-01,560.0,-6.67,-0.7,False
Amegnran,Rice (imported),2020-03-01,530.0,-11.67,-1.22,False
Amegnran,Rice (imported),2020-04-01,550.0,-1.79,-0.14,False
Amegnran,Rice (imported),2020-05-01,550.0,-1.79,-0.14,False
Amegnran,Rice (imported),2020-06-01,500.0,-5.66,-0.53,False
Amegnran,Rice (imported),2020-07-01,500.0,-9.09,-0.9,False
Amegnran,Rice (imported),2020-08-01,550.0,0.0,0.06,False
Amegnran,Rice (imported),2020-09-01,550.0,10.0,1.01,False
Amegnran,Rice (imported),2020-10-01,550.0,10.0,0.99,False
Amegnran,Rice (imported),2020-11-01,550.0,0.0,0.04,False
Amegnran,Rice (imported),2020-12-01,540.0,-1.82,-0.14,False
Amegnran,Rice (imported),2021-01-01,540.0,-1.82,-0.13,False
Amegnran,Rice (imported),2021-02-01,550.0,0.0,0.06,False
Amegnran,Rice (imported),2021-03-01,500.0,-7.41,-0.7,False
Amegnran,Rice (imported),2021-04-01,525.0,-2.78,-0.22,False
Amegnran,Rice (imported),2021-05-01,550.0,0.0,0.03,False
Amegnran,Rice (imported),2021-06-01,550.0,10.0,0.98,False
Amegnran,Rice (imported),2021-07-01,550.0,4.76,0.47,False
Amegnran,Rice (imported),2021-08-01,550.0,0.0,0.01,False
Amegnran,Rice (imported),2021-09-01,550.0,0.0,0.01,False
Amegnran,Rice (imported),2021-10-01,550.0,0.0,0.01,False
Amegnran,Rice (imported),2021-11-01,550.0,0.0,0.01,False
Amegnran,Rice (imported),2021-12-01,560.0,1.82,0.19,False
Amegnran,Rice (imported),2022-01-01,560.0,1.82,0.18,False
Amegnran,Rice (imported),2022-02-01,560.0,1.82,0.18,False
Amegnran,Rice (imported),2022-03-01,560.0,0.0,-0.0,False
Amegnran,Rice (imported),2022-04-01,560.0,0.0,-0.0,False
Amegnran,Rice (imported),2022-05-01,560.0,0.0,-0.0,False
Amegnran,Rice (imported),2022-06-01,560.0,0.0,-0.0,False
Anie,Cassava meal (gari),2003-04-01,95.0,-26.92,-1.0,False
Anie,Cassava meal (gari),2003-05-01,94.0,-9.62,-0.19,False
Anie,Cassava meal (gari),2003-06-01,88.0,-10.2,-0.21,False
Anie,Cassava meal (gari),2003-07-01,81.0,-14.74,-0.4,False
Anie,Cassava meal (gari),2003-08-01,73.0,-22.34,-0.75,False
Anie,Cassava meal (gari),2003-09-01,72.0,-18.18,-0.53,False
Anie,Cassava meal (gari),2003-10-01,83.0,2.47,0.35,False
Anie,Cassava meal (gari),2003-11-01,89.0,21.92,1.03,False
Anie,Cassava meal (gari),2003-12-01,,21.53,0.99,False
Anie,Cassava meal (gari),2004-01-01,86.0,3.61,0.33,False
Anie,Cassava meal (gari),2004-02-01,75.0,-15.73,-0.5,False
Anie,Cassava meal (gari),2004-03-01,72.0,-17.71,-0.59,False
Anie,Cassava meal (gari),2004-04-01,82.0,-4.65,0.02,False
Anie,Cassava meal (gari),2004-05-01,97.0,29.33,1.28,False
Anie,Cassava meal (gari),2004-06-01,118.0,63.89,2.21,True
Anie,Cassava meal (gari),2004-07-01,104.0,26.83,1.05,False
Anie,Cassava meal (gari),2004-08-01,106.0,9.28,0.44,False
Anie,Cassava meal (gari),2004-09-01,115.0,-2.54,-0.02,False
Anie,Cassava meal (gari),2004-10-01,115.0,10.58,0.49,False
Anie,Cassava meal (gari),2004-11-01,119.0,12.26,0.54,False
Anie,Cassava meal (gari),2004-12-01,,23.04,0.91,False
Anie,Cassava meal (gari),2005-01-01,164.0,42.61,1.49,False
Anie,Cassava meal (gari),2005-02-01,149.0,25.21,0.92,False
Anie,Cassava meal (gari),2005-03-01,165.0,16.61,0.61,False
Anie,Cassava meal (gari),2005-04-01,192.0,17.07,0.62,False
Anie,Cassava meal (gari),2005-05-01,200.0,34.23,1.17,False
Anie,Cassava meal (gari),2005-06-01,200.0,21.21,0.73,False
Anie,Cassava meal (gari),2005-07-01,286.0,48.96,1.56,False
Anie,Cassava meal (gari),2005-08-01,232.0,16.0,0.5,False
Anie,Cassava meal (gari),2005-09-01,255.0,27.5,0.88,False
Anie,Cassava meal (gari),2005-10-01,190.0,-33.57,-1.79,False
Anie,Cassava meal (gari),2005-11-01,160.0,-31.03,-1.58,False
Anie,Cassava meal (gari),2005-12-01,,-33.14,-1.65,False
Anie,Cassava meal (gari),2006-01-01,181.0,-4.74,-0.22,False
Anie,Cassava meal (gari),2006-02-01,193.0,20.63,0.71,False
Anie,Cassava meal (gari),2006-03-01,216.0,26.69,0.89,False
Anie,Cassava meal (gari),2006-04-01,179.0,-1.1,-0.1,False
Anie,Cassava meal (gari),2006-05-01,156.0,-19.17,-0.89,False
Anie,Cassava meal (gari),2006-06-01,168.0,-22.22,-1.02,False
Anie,Cassava meal (gari),2006-07-01,173.0,-3.35,-0.12,False
Anie,Cassava meal (gari),2006-08-01,183.0,17.31,0.68,False
Anie,Cassava meal (gari),2006-09-01,153.0,-8.93,-0.33,False
Anie,Cassava meal (gari),2006-10-01,180.0,4.05,0.2,False
Anie,Cassava meal (gari),2006-11-01,169.0,-7.65,-0.31,False
Anie,Cassava meal (gari),2006-12-01,154.0,0.65,-0.0,False
Anie,Cassava meal (gari),2007-01-01,153.0,-15.0,-0.77,False
Anie,Cassava meal (gari),2007-02-01,139.0,-17.75,-0.9,False
Anie,Cassava meal (gari),2007-03-01,211.0,37.01,1.44,False
Anie,Cassava meal (gari),2007-04-01,212.0,38.56,1.46,False
Anie,Cassava meal (gari),2007-05-01,178.0,28.06,1.06,False
Anie,Cassava meal (gari),2007-06-01,175.0,-17.06,-0.85,False
Anie,Cassava meal (gari),2007-07-01,127.0,-40.09,-2.25,False
Anie,Cassava meal (gari),2007-08-01,110.0,-38.2,-1.99,False
Anie,Cassava meal (gari),2007-09-01,107.0,-38.86,-1.99,False
Anie,Cassava meal (gari),2007-10-01,135.0,6.3,0.3,False
Anie,Cassava meal (gari),2007-11-01,116.0,5.45,0.24,False
Anie,Cassava meal (gari),2007-12-01,,7.94,0.32,False
Anie,Cassava meal (gari),2008-01-01,115.0,-14.81,-0.7,False
Anie,Cassava meal (gari),2008-02-01,96.0,-17.24,-0.8,False
Anie,Cassava meal (gari),2008-03-01,109.0,-5.63,-0.23,False
Anie,Cassava meal (gari),2008-04-01,96.0,-16.52,-0.75,False
Anie,Cassava meal (gari),2008-05-01,127.0,32.29,1.19,False
Anie,Cassava meal (gari),2008-06-01,178.0,63.3,2.04,True
Anie,Cassava meal (gari),2008-07-01,173.0,80.21,2.34,True
Anie,Cassava meal (gari),2008-08-01,173.0,36.22,1.1,False
Anie,Cassava meal (gari),2008-09-01,158.0,-11.24,-0.62,False
Anie,Cassava meal (gari),2008-10-01,142.0,-17.92,-0.94,False
Anie,Cassava meal (gari),2008-11-01,212.0,22.54,0.65,False
Anie,Cassava meal (gari),2008-12-01,231.0,46.2,1.35,False
Anie,Cassava meal (gari),2009-01-01,152.0,7.04,0.11,False
Anie,Cassava meal (gari),2009-02-01,139.0,-34.43,-1.79,False
Anie,Cassava meal (gari),2009-03-01,211.0,-8.66,-0.48,False
Anie,Cassava meal (gari),2009-04-01,212.0,39.47,1.12,False
Anie,Cassava meal (gari),2009-05-01,178.0,28.06,0.77,False
Anie,Cassava meal (gari),2009-06-01,175.0,-17.06,-0.87,False
Anie,Cassava meal (gari),2009-07-01,178.0,-16.04,-0.8,False
Anie,Cassava meal (gari),2009-08-01,196.0,10.11,0.27,False
Anie,Cassava meal (gari),2009-09-01,201.0,14.86,0.43,False
Anie,Cassava meal (gari),2009-10-01,173.0,-2.81,-0.22,False
Anie,Cassava meal (gari),2009-11-01,151.0,-22.96,-1.1,False
Anie,Cassava meal (gari),2009-12-01,,-12.69,-0.59,False
Anie,Cassava meal (gari),2010-01-01,200.0,15.61,0.5,False
Anie,Cassava meal (gari),2010-02-01,142.0,-5.96,-0.28,False
Anie,Cassava meal (gari),2010-03-01,165.0,-5.98,-0.26,False
Anie,Cassava meal (gari),2010-04-01,180.0,-10.0,-0.42,False
Anie,Cassava meal (gari),2010-05-01,233.0,64.08,1.94,False
Anie,Cassava meal (gari),2010-06-01,265.0,60.61,1.81,False
Anie,Cassava meal (gari),2010-07-01,263.0,46.11,1.4,False
Anie,Cassava meal (gari),2010-08-01,228.0,-2.15,-0.1,False
Anie,Cassava meal (gari),2010-09-01,235.0,-11.32,-0.46,False
Anie,Cassava meal (gari),2010-10-01,173.0,-34.22,-1.57,False
Anie,Cassava meal (gari),2010-11-01,175.0,-23.25,-0.99,False
Anie,Cassava meal (gari),2010-12-01,,-20.21,-0.85,False
Anie,Cassava meal (gari),2011-01-01,200.0,15.61,0.55,False
Anie,Cassava meal (gari),2011-02-01,175.0,0.0,-0.02,False
Anie,Cassava meal (gari),2011-03-01,163.0,-13.07,-0.55,False
Anie,Cassava meal (gari),2011-04-01,169.0,-15.5,-0.64,False
Anie,Cassava meal (gari),2011-05-01,159.0,-9.14,-0.34,False
Anie,Cassava meal (gari),2011-06-01,178.0,9.2,0.36,False
Anie,Cassava meal (gari),2011-07-01,151.0,-10.65,-0.44,False
Anie,Cassava meal (gari),2011-08-01,194.0,22.01,0.78,False
Anie,Cassava meal (gari),2011-09-01,200.0,12.36,0.46,False
Anie,Cassava meal (gari),2011-10-01,189.0,25.17,0.86,False
Anie,Cassava meal (gari),2011-11-01,152.0,-21.65,-0.97,False
Anie,Cassava meal (gari),2011-12-01,,-13.0,-0.55,False
Anie,Cassava meal (gari),2012-01-01,196.0,3.7,0.14,False
Anie,Cassava meal (gari),2012-02-01,174.0,14.47,0.5,False
Anie,Cassava meal (gari),2012-03-01,171.0,-1.72,-0.11,False
Anie,Cassava meal (gari),2012-04-01,196.0,0.0,-0.02,False
Anie,Cassava meal (gari),2012-05-01,136.0,-21.84,-0.97,False
Anie,Cassava meal (gari),2012-06-01,208.0,21.64,0.81,False
Anie,Cassava meal (gari),2012-07-01,201.0,2.55,0.11,False
Anie,Cassava meal (gari),2012-08-01,196.0,44.12,1.48,False
Anie,Cassava meal (gari),2012-09-01,232.0,11.54,0.37,False
Anie,Cassava meal (gari),2012-10-01,226.0,12.44,0.38,False
Anie,Cassava meal (gari),2012-11-01,262.0,33.67,1.13,False
Anie,Cassava meal (gari),2012-12-01,274.0,18.1,0.57,False
Anie,Cassava meal (gari),2013-01-01,291.0,28.76,0.93,False
Anie,Cassava meal (gari),2013-02-01,228.0,-12.98,-0.78,False
Anie,Cassava meal (gari),2013-03-01,239.0,-12.77,-0.78,False
Anie,Cassava meal (gari),2013-04-01,228.0,-21.65,-1.23,False
Anie,Cassava meal (gari),2013-05-01,256.0,12.28,0.32,False
Anie,Cassava meal (gari),2013-06-01,294.0,23.01,0.72,False
Anie,Cassava meal (gari),2013-07-01,260.0,14.04,0.43,False
Anie,Cassava meal (gari),2013-08-01,261.0,1.95,-0.03,False
Anie,Cassava meal (gari),2013-09-01,250.0,-14.97,-0.87,False
Anie,Cassava meal (gari),2013-10-01,239.0,-8.08,-0.5,False
Anie,Cassava meal (gari),2013-11-01,271.0,3.83,0.07,False
Anie,Cassava meal (gari),2013-12-01,222.0,-11.2,-0.67,False
Anie,Cassava meal (gari),2014-01-01,245.0,2.51,0.06,False
Anie,Cassava meal (gari),2014-02-01,233.0,-14.02,-0.8,False
Anie,Cassava meal (gari),2014-03-01,233.0,4.95,0.16,False
Anie,Cassava meal (gari),2014-04-01,222.0,-9.39,-0.59,False
Anie,Cassava meal (gari),2014-05-01,250.0,7.3,0.31,False
Anie,Cassava meal (gari),2014-06-01,255.0,9.44,0.43,False
Anie,Cassava meal (gari),2014-07-01,244.0,9.91,0.43,False
Anie,Cassava meal (gari),2014-08-01,233.0,-6.8,-0.47,False
Anie,Cassava meal (gari),2014-09-01,212.0,-16.86,-1.06,False
Anie,Cassava meal (gari),2014-10-01,214.0,-12.3,-0.74,False
Anie,Cassava meal (gari),2014-11-01,174.0,-25.32,-1.58,False
Anie,Cassava meal (gari),2014-12-01,174.0,-17.92,-1.07,False
Anie,Cassava meal (gari),2015-01-01,182.0,-14.95,-0.88,False
Anie,Cassava meal (gari),2015-02-01,115.0,-33.91,-2.17,False
Anie,Cassava meal (gari),2015-03-01,159.0,-8.62,-0.43,False
Anie,Cassava meal (gari),2015-04-01,152.0,-16.48,-0.88,False
Anie,Cassava meal (gari),2015-05-01,159.0,38.26,1.66,False
Anie,Cassava meal (gari),2015-06-01,159.0,0.0,0.05,False
Anie,Cassava meal (gari),2015-07-01,181.0,19.08,1.05,False
Anie,Cassava meal (gari),2015-08-01,152.0,-4.4,-0.13,False
Anie,Cassava meal (gari),2015-09-01,167.0,5.03,0.4,False
Anie,Cassava meal (gari),2015-10-01,174.0,-3.87,-0.12,False
Anie,Cassava meal (gari),2015-11-01,200.0,31.58,1.7,False
Anie,Cassava meal (gari),2015-12-01,250.0,49.7,2.4,True
Anie,Cassava meal (gari),2016-01-01,193.0,10.92,0.55,False
Anie,Cassava meal (gari),2016-02-01,225.0,12.5,0.64,False
Anie,Cassava meal (gari),2016-03-01,231.0,-7.6,-0.5,False
Anie,Cassava meal (gari),2016-04-01,217.0,12.44,0.62,False
Anie,Cassava meal (gari),2016-05-01,250.0,11.11,0.53,False
Anie,Cassava meal (gari),2016-06-01,272.0,17.75,0.84,False
Anie,Cassava meal (gari),2016-07-01,227.0,4.61,0.15,False
Anie,Cassava meal (gari),2016-08-01,400.0,60.0,2.59,True
Anie,Cassava meal (gari),2016-09-01,400.0,47.06,1.98,False
Anie,Cassava meal (gari),2016-10-01,325.0,43.17,1.76,False
Anie,Cassava meal (gari),2016-11-01,275.0,-31.25,-2.14,False
Anie,Cassava meal (gari),2016-12-01,272.0,-32.0,-2.15,False
Anie,Cassava meal (gari),2017-01-01,227.0,-30.15,-1.93,False
Anie,Cassava meal (gari),2017-02-01,272.0,-1.09,-0.15,False
Anie,Cassava meal (gari),2017-03-01,278.0,2.21,0.02,False
Anie,Cassava meal (gari),2017-04-01,318.0,40.09,1.55,False
Anie,Cassava meal (gari),2017-05-01,250.0,-8.09,-0.51,False
Anie,Cassava meal (gari),2017-06-01,319.0,14.75,0.54,False
Anie,Cassava meal (gari),2017-07-01,318.0,0.0,-0.12,False
Anie,Cassava meal (gari),2017-08-01,273.0,9.2,0.31,False
Anie,Cassava meal (gari),2017-09-01,223.0,-30.09,-1.88,False
Anie,Cassava meal (gari),2017-10-01,318.0,0.0,-0.06,False
Anie,Cassava meal (gari),2017-11-01,250.0,-8.42,-0.48,False
Anie,Cassava meal (gari),2017-12-01,227.0,1.79,0.07,False
Anie,Cassava meal (gari),2018-01-01,273.0,-14.15,-0.76,False
Anie,Cassava meal (gari),2018-02-01,227.0,-9.2,-0.46,False
Anie,Cassava meal (gari),2018-03-01,227.0,0.0,0.02,False
Anie,Cassava meal (gari),2018-04-01,227.0,-16.85,-0.91,False
Anie,Cassava meal (gari),2018-05-01,227.0,0.0,0.01,False
Anie,Cassava meal (gari),2018-06-01,250.0,10.13,0.5,False
Anie,Cassava meal (gari),2018-07-01,273.0,20.26,0.96,False
Anie,Cassava meal (gari),2018-08-01,227.0,0.0,0.02,False
Anie,Cassava meal (gari),2018-09-01,227.0,-9.2,-0.47,False
Anie,Cassava meal (gari),2018-10-01,227.0,-16.85,-0.92,False
Anie,Cassava meal (gari),2018-11-01,250.0,10.13,0.51,False
Anie,Cassava meal (gari),2018-12-01,227.0,0.0,0.02,False
Anie,Cassava meal (gari),2019-01-01,227.0,0.0,0.01,False
Anie,Cassava meal (gari),2019-02-01,227.0,-9.2,-0.48,False
Anie,Cassava meal (gari),2019-03-01,227.0,0.0,0.01,False
Anie,Cassava meal (gari),2019-04-01,272.0,19.82,0.93,False
Anie,Cassava meal (gari),2019-05-01,227.0,0.0,-0.01,False
Anie,Cassava meal (gari),2019-06-01,,-4.85,-0.26,False
Anie,Cassava meal (gari),2019-07-01,205.0,-24.63,-1.43,False
Anie,Cassava meal (gari),2019-08-01,227.0,0.0,0.04,False
Anie,Cassava meal (gari),2019-09-01,261.0,20.83,0.98,False
Anie,Cassava meal (gari),2019-10-01,230.0,12.2,0.57,False
Anie,Cassava meal (gari),2019-11-01,200.0,-11.89,-0.65,False
Anie,Cassava meal (gari),2019-12-01,200.0,-23.37,-1.39,False
Anie,Cassava meal (gari),2020-01-01,200.0,-13.04,-0.73,False
Anie,Cassava meal (gari),2020-02-01,210.0,5.0,0.21,False
Anie,Cassava meal (gari),2020-03-01,200.0,0.0,-0.07,False
Anie,Cassava meal (gari),2020-04-01,220.0,10.0,0.42,False
Anie,Cassava meal (gari),2020-05-01,200.0,-4.76,-0.37,False
Anie,Cassava meal (gari),2020-06-01,200.0,0.0,-0.07,False
Anie,Cassava meal (gari),2020-07-01,200.0,-9.09,-0.59,False
Anie,Cassava meal (gari),2020-08-01,225.0,12.5,0.59,False
Anie,Cassava meal (gari),2020-09-01,225.0,12.5,0.57,False
Anie,Cassava meal (gari),2020-10-01,225.0,12.5,0.57,False
Anie,Cassava meal (gari),2020-11-01,215.0,-4.44,-0.33,False
Anie,Cassava meal (gari),2020-12-01,275.0,22.22,1.05,False
Anie,Cassava meal (gari),2021-01-01,280.0,24.44,1.2,False
Anie,Cassava meal (gari),2021-02-01,304.0,41.4,1.9,False
Anie,Cassava meal (gari),2021-03-01,326.0,18.55,0.86,False
Anie,Cassava meal (gari),2021-04-01,348.0,24.29,1.09,False
Anie,Cassava meal (gari),2021-05-01,350.0,15.13,0.66,False
Anie,Cassava meal (gari),2021-06-01,350.0,7.36,0.28,False
Anie,Cassava meal (gari),2021-07-01,350.0,0.57,-0.06,False
Anie,Cassava meal (gari),2021-08-01,336.0,-4.0,-0.31,False
Anie,Cassava meal (gari),2021-09-01,335.0,-4.29,-0.3,False
Anie,Cassava meal (gari),2021-10-01,330.0,-5.71,-0.36,False
Anie,Cassava meal (gari),2021-11-01,345.0,2.68,0.2,False
Anie,Cassava meal (gari),2021-12-01,340.0,1.49,0.09,False
Anie,Cassava meal (gari),2022-01-01,360.0,9.09,0.55,False
Anie,Cassava meal (gari),2022-02-01,359.0,4.06,0.18,False
Anie,Cassava meal (gari),2022-03-01,360.0,5.88,0.3,False
Anie,Cassava meal (gari),2022-04-01,365.0,1.39,-0.02,False
Anie,Cassava meal (gari),2022-05-01,320.0,-10.86,-0.97,False
Anie,Cassava meal (gari),2022-06-01,300.0,-16.67,-1.48,False
Anie,Maize (white),2003-04-01,70.0,-1.41,0.03,False
Anie,Maize (white),2003-05-01,76.0,24.59,0.69,False
Anie,Maize (white),2003-06-01,74.0,15.63,0.46,False
Anie,Maize (white),2003-07-01,55.0,-21.43,-0.68,False
Anie,Maize (white),2003-08-01,52.0,-31.58,-1.07,False
Anie,Maize (white),2003-09-01,43.0,-41.89,-1.51,False
Anie,Maize (white),2003-10-01,43.0,-21.82,-0.58,False
Anie,Maize (white),2003-11-01,56.0,7.69,0.37,False
Anie,Maize (white),2003-12-01,65.0,51.16,1.37,False
Anie,Maize (white),2004-01-01,61.0,41.86,1.12,False
Anie,Maize (white),2004-02-01,55.0,-1.79,0.02,False
Anie,Maize (white),2004-03-01,55.0,-15.38,-0.43,False
Anie,Maize (white),2004-04-01,58.0,-4.92,-0.07,False
Anie,Maize (white),2004-05-01,76.0,38.18,1.07,False
Anie,Maize (white),2004-06-01,83.0,50.91,1.3,False
Anie,Maize (white),2004-07-01,115.0,98.28,2.08,True
Anie,Maize (white),2004-08-01,103.0,35.53,0.85,False
Anie,Maize (white),2004-09-01,68.0,-18.07,-0.63,False
Anie,Maize (white),2004-10-01,61.0,-46.96,-1.89,False
Anie,Maize (white),2004-11-01,80.0,-22.33,-0.71,False
Anie,Maize (white),2004-12-01,92.0,35.29,0.89,False
Anie,Maize (white),2005-01-01,108.0,77.05,1.64,False
Anie,Maize (white),2005-02-01,104.0,30.0,0.71,False
Anie,Maize (white),2005-03-01,122.0,32.61,0.75,False
Anie,Maize (white),2005-04-01,151.0,39.81,0.89,False
Anie,Maize (white),2005-05-01,184.0,76.92,1.55,False
Anie,Maize (white),2005-06-01,224.0,83.61,1.6,False
Anie,Maize (white),2005-07-01,227.0,50.33,0.99,False
Anie,Maize (white),2005-08-01,186.0,1.09,-0.13,False
Anie,Maize (white),2005-09-01,115.0,-48.66,-2.02,False
Anie,Maize (white),2005-10-01,126.0,-44.49,-1.72,False
Anie,Maize (white),2005-11-01,117.0,-37.1,-1.32,False
Anie,Maize (white),2005-12-01,116.0,0.87,-0.04,False
Anie,Maize (white),2006-01-01,105.0,-16.67,-0.55,False
Anie,Maize (white),2006-02-01,128.0,9.4,0.19,False
Anie,Maize (white),2006-03-01,164.0,41.38,0.89,False
Anie,Maize (white),2006-04-01,127.0,20.95,0.45,False
Anie,Maize (white),2006-05-01,99.0,-22.66,-0.77,False
Anie,Maize (white),2006-06-01,100.0,-39.02,-1.39,False
Anie,Maize (white),2006-07-01,102.0,-19.69,-0.6,False
Anie,Maize (white),2006-08-01,98.0,-1.01,-0.01,False
Anie,Maize (white),2006-09-01,76.0,-24.0,-0.72,False
Anie,Maize (white),2006-10-01,115.0,12.75,0.34,False
Anie,Maize (white),2006-11-01,98.0,0.0,-0.03,False
Anie,Maize (white),2006-12-01,97.0,27.63,0.66,False
Anie,Maize (white),2007-01-01,84.0,-26.96,-1.0,False
Anie,Maize (white),2007-02-01,153.0,56.12,1.28,False
Anie,Maize (white),2007-03-01,200.0,106.19,2.07,True
Anie,Maize (white),2007-04-01,165.0,96.43,1.85,False
Anie,Maize (white),2007-05-01,182.0,18.95,0.39,False
Anie,Maize (white),2007-06-01,156.0,-22.0,-0.78,False
Anie,Maize (white),2007-07-01,88.0,-46.67,-1.81,False
Anie,Maize (white),2007-08-01,90.0,-50.55,-1.93,False
Anie,Maize (white),2007-09-01,62.0,-60.26,-2.42,False
Anie,Maize (white),2007-10-01,77.0,-12.5,-0.32,False
Anie,Maize (white),2007-11-01,88.0,-2.22,-0.06,False
Anie,Maize (white),2007-12-01,106.0,70.97,1.37,False
Anie,Maize (white),2008-01-01,140.0,81.82,1.49,False
Anie,Maize (white),2008-02-01,161.0,82.95,1.46,False
Anie,Maize (white),2008-03-01,162.0,52.83,0.97,False
Anie,Maize (white),2008-04-01,170.0,21.43,0.37,False
Anie,Maize (white),2008-05-01,260.0,61.49,1.06,False
Anie,Maize (white),2008-06-01,249.0,53.7,0.92,False
Anie,Maize (white),2008-07-01,210.0,23.53,0.38,False
Anie,Maize (white),2008-08-01,143.0,-45.0,-1.61,False
Anie,Maize (white),2008-09-01,107.0,-57.03,-2.17,False
Anie,Maize (white),2008-10-01,143.0,-31.9,-1.03,False
Anie,Maize (white),2008-11-01,161.0,12.59,0.16,False
Anie,Maize (white),2008-12-01,178.0,66.36,1.07,False
Anie,Maize (white),2009-01-01,160.0,11.89,0.13,False
Anie,Maize (white),2009-02-01,153.0,-4.97,-0.24,False
Anie,Maize (white),2009-03-01,200.0,12.36,0.16,False
Anie,Maize (white),2009-04-01,165.0,3.12,-0.06,False
Anie,Maize (white),2009-05-01,182.0,18.95,0.28,False
Anie,Maize (white),2009-06-01,156.0,-22.0,-0.71,False
Anie,Maize (white),2009-07-01,149.0,-9.7,-0.34,False
Anie,Maize (white),2009-08-01,73.0,-59.89,-2.26,False
Anie,Maize (white),2009-09-01,87.0,-44.23,-1.37,False
Anie,Maize (white),2009-10-01,110.0,-26.17,-0.7,False
Anie,Maize (white),2009-11-01,105.0,43.84,0.82,False
Anie,Maize (white),2009-12-01,111.0,27.59,0.52,False
Anie,Maize (white),2010-01-01,119.0,8.18,0.14,False
Anie,Maize (white),2010-02-01,137.0,30.48,0.6,False
Anie,Maize (white),2010-03-01,158.0,42.34,0.81,False
Anie,Maize (white),2010-04-01,150.0,26.05,0.52,False
Anie,Maize (white),2010-05-01,140.0,2.19,0.03,False
Anie,Maize (white),2010-06-01,135.0,-14.56,-0.37,False
Anie,Maize (white),2010-07-01,139.0,-7.33,-0.15,False
Anie,Maize (white),2010-08-01,147.0,5.0,0.17,False
Anie,Maize (white),2010-09-01,89.0,-34.07,-0.97,False
Anie,Maize (white),2010-10-01,98.0,-29.5,-0.83,False
Anie,Maize (white),2010-11-01,105.0,-28.57,-0.81,False
Anie,Maize (white),2010-12-01,130.0,46.07,0.98,False
Anie,Maize (white),2011-01-01,125.0,27.55,0.62,False
Anie,Maize (white),2011-02-01,112.0,6.67,0.15,False
Anie,Maize (white),2011-03-01,116.0,-10.77,-0.29,False
Anie,Maize (white),2011-04-01,134.0,7.2,0.19,False
Anie,Maize (white),2011-05-01,139.0,24.11,0.56,False
Anie,Maize (white),2011-06-01,153.0,31.9,0.69,False
Anie,Maize (white),2011-07-01,200.0,49.25,0.98,False
Anie,Maize (white),2011-08-01,184.0,32.37,0.65,False
Anie,Maize (white),2011-09-01,121.0,-20.92,-0.66,False
Anie,Maize (white),2011-10-01,115.0,-42.5,-1.47,False
Anie,Maize (white),2011-11-01,125.0,-32.07,-1.0,False
Anie,Maize (white),2011-12-01,157.0,29.75,0.61,False
Anie,Maize (white),2012-01-01,180.0,56.52,1.07,False
Anie,Maize (white),2012-02-01,173.0,38.4,0.74,False
Anie,Maize (white),2012-03-01,170.0,8.28,0.14,False
Anie,Maize (white),2012-04-01,204.0,13.33,0.29,False
Anie,Maize (white),2012-05-01,220.0,27.17,0.61,False
Anie,Maize (white),2012-06-01,205.0,20.59,0.47,False
Anie,Maize (white),2012-07-01,198.0,-2.94,-0.11,False
Anie,Maize (white),2012-08-01,170.0,-22.73,-0.74,False
Anie,Maize (white),2012-09-01,133.0,-35.12,-1.26,False
Anie,Maize (white),2012-10-01,130.0,-34.34,-1.31,False
Anie,Maize (white),2012-11-01,139.0,-18.24,-0.66,False
Anie,Maize (white),2012-12-01,142.0,6.77,0.1,False
Anie,Maize (white),2013-01-01,146.0,12.31,0.27,False
Anie,Maize (white),2013-02-01,140.0,0.72,-0.02,False
Anie,Maize (white),2013-03-01,147.0,3.52,0.09,False
Anie,Maize (white),2013-04-01,146.0,0.0,0.01,False
Anie,Maize (white),2013-05-01,137.0,-2.14,-0.05,False
Anie,Maize (white),2013-06-01,159.0,8.16,0.29,False
Anie,Maize (white),2013-07-01,163.0,11.64,0.41,False
Anie,Maize (white),2013-08-01,120.0,-12.41,-0.35,False
Anie,Maize (white),2013-09-01,115.0,-27.67,-1.01,False
Anie,Maize (white),2013-10-01,115.0,-29.45,-1.19,False
Anie,Maize (white),2013-11-01,115.0,-4.17,-0.13,False
Anie,Maize (white),2013-12-01,138.0,20.0,0.66,False
Anie,Maize (white),2014-01-01,128.0,11.3,0.43,False
Anie,Maize (white),2014-02-01,111.0,-3.48,-0.08,False
Anie,Maize (white),2014-03-01,118.0,-14.49,-0.51,False
Anie,Maize (white),2014-04-01,118.0,-7.81,-0.23,False
Anie,Maize (white),2014-05-01,120.0,8.11,0.35,False
Anie,Maize (white),2014-06-01,118.0,0.0,0.08,False
Anie,Maize (white),2014-07-01,119.0,0.85,0.09,False
Anie,Maize (white),2014-08-01,102.0,-15.0,-0.53,False
Anie,Maize (white),2014-09-01,76.0,-35.59,-1.73,False
Anie,Maize (white),2014-10-01,76.0,-36.13,-1.81,False
Anie,Maize (white),2014-11-01,111.0,8.82,0.35,False
Anie,Maize (white),2014-12-01,111.0,46.05,1.56,False
Anie,Maize (white),2015-01-01,111.0,46.05,1.53,False
Anie,Maize (white),2015-02-01,100.0,-9.91,-0.41,False
Anie,Maize (white),2015-03-01,96.0,-13.51,-0.55,False
Anie,Maize (white),2015-04-01,115.0,3.6,0.2,False
Anie,Maize (white),2015-05-01,183.0,83.0,2.52,True
Anie,Maize (white),2015-06-01,148.0,54.17,1.7,False
Anie,Maize (white),2015-07-01,192.0,66.96,1.93,False
Anie,Maize (white),2015-08-01,231.0,26.23,0.81,False
Anie,Maize (white),2015-09-01,173.0,16.89,0.52,False
Anie,Maize (white),2015-10-01,148.0,-22.92,-1.06,False
Anie,Maize (white),2015-11-01,167.0,-27.71,-1.31,False
Anie,Maize (white),2015-12-01,170.0,-1.73,-0.16,False
Anie,Maize (white),2016-01-01,167.0,12.84,0.39,False
Anie,Maize (white),2016-02-01,173.0,3.59,0.07,False
Anie,Maize (white),2016-03-01,176.0,3.53,0.07,False
Anie,Maize (white),2016-04-01,167.0,0.0,-0.07,False
Anie,Maize (white),2016-05-01,192.0,10.98,0.33,False
Anie,Maize (white),2016-06-01,192.0,9.09,0.27,False
Anie,Maize (white),2016-07-01,115.0,-31.14,-1.5,False
Anie,Maize (white),2016-08-01,115.0,-40.1,-1.99,False
Anie,Maize (white),2016-09-01,106.0,-44.79,-2.21,False
Anie,Maize (white),2016-10-01,186.0,61.74,1.84,False
Anie,Maize (white),2016-11-01,135.0,17.39,0.6,False
Anie,Maize (white),2016-12-01,135.0,27.36,0.88,False
Anie,Maize (white),2017-01-01,115.0,-38.17,-1.83,False
Anie,Maize (white),2017-02-01,135.0,0.0,0.03,False
Anie,Maize (white),2017-03-01,138.0,2.22,0.14,False
Anie,Maize (white),2017-04-01,154.0,33.91,1.17,False
Anie,Maize (white),2017-05-01,178.0,31.85,1.09,False
Anie,Maize (white),2017-06-01,154.0,11.59,0.46,False
Anie,Maize (white),2017-07-01,174.0,12.99,0.51,False
Anie,Maize (white),2017-08-01,145.0,-18.54,-0.73,False
Anie,Maize (white),2017-09-01,107.0,-30.52,-1.34,False
Anie,Maize (white),2017-10-01,106.0,-39.08,-1.85,False
Anie,Maize (white),2017-11-01,115.0,-20.69,-0.84,False
Anie,Maize (white),2017-12-01,125.0,16.82,0.62,False
Anie,Maize (white),2018-01-01,135.0,27.36,0.94,False
Anie,Maize (white),2018-02-01,115.0,0.0,0.02,False
Anie,Maize (white),2018-03-01,125.0,0.0,0.03,False
Anie,Maize (white),2018-04-01,135.0,0.0,0.03,False
Anie,Maize (white),2018-05-01,135.0,17.39,0.63,False
Anie,Maize (white),2018-06-01,144.0,15.2,0.54,False
Anie,Maize (white),2018-07-01,135.0,0.0,0.01,False
Anie,Maize (white),2018-08-01,115.0,-14.81,-0.58,False
Anie,Maize (white),2018-09-01,96.0,-33.33,-1.49,False
Anie,Maize (white),2018-10-01,115.0,-14.81,-0.57,False
Anie,Maize (white),2018-11-01,135.0,17.39,0.61,False
Anie,Maize (white),2018-12-01,154.0,60.42,1.76,False
Anie,Maize (white),2019-01-01,135.0,17.39,0.57,False
Anie,Maize (white),2019-02-01,154.0,14.07,0.46,False
Anie,Maize (white),2019-03-01,135.0,-12.34,-0.51,False
Anie,Maize (white),2019-04-01,135.0,0.0,-0.03,False
Anie,Maize (white),2019-05-01,135.0,-12.34,-0.51,False
Anie,Maize (white),2019-06-01,,0.0,-0.02,False
Anie,Maize (white),2019-07-01,135.0,0.0,-0.02,False
Anie,Maize (white),2019-08-01,115.0,-14.81,-0.6,False
Anie,Maize (white),2019-09-01,100.0,-25.93,-1.11,False
Anie,Maize (white),2019-10-01,115.0,-14.81,-0.62,False
Anie,Maize (white),2019-11-01,115.0,0.0,-0.05,False
Anie,Maize (white),2019-12-01,130.0,30.0,0.94,False
Anie,Maize (white),2020-01-01,125.0,8.7,0.28,False
Anie,Maize (white),2020-02-01,130.0,13.04,0.45,False
Anie,Maize (white),2020-03-01,130.0,0.0,-0.03,False
Anie,Maize (white),2020-04-01,130.0,4.0,0.11,False
Anie,Maize (white),2020-05-01,125.0,-3.85,-0.2,False
Anie,Maize (white),2020-06-01,130.0,0.0,-0.0,False
Anie,Maize (white),2020-07-01,135.0,3.85,0.18,False
Anie,Maize (white),2020-08-01,140.0,12.0,0.55,False
Anie,Maize (white),2020-09-01,140.0,7.69,0.39,False
Anie,Maize (white),2020-10-01,140.0,3.7,0.24,False
Anie,Maize (white),2020-11-01,135.0,-3.57,-0.1,False
Anie,Maize (white),2020-12-01,173.0,23.57,0.99,False
Anie,Maize (white),2021-01-01,160.0,14.29,0.61,False
Anie,Maize (white),2021-02-01,154.0,14.07,0.6,False
Anie,Maize (white),2021-03-01,173.0,0.0,0.01,False
Anie,Maize (white),2021-04-01,175.0,9.38,0.41,False
Anie,Maize (white),2021-05-01,250.0,62.34,2.16,True
Anie,Maize (white),2021-06-01,262.0,51.45,1.76,False
Anie,Maize (white),2021-07-01,255.0,45.71,1.53,False
Anie,Maize (white),2021-08-01,253.0,1.2,-0.05,False
Anie,Maize (white),2021-09-01,201.0,-23.28,-1.3,False
Anie,Maize (white),2021-10-01,198.0,-22.35,-1.34,False
Anie,Maize (white),2021-11-01,212.0,-16.21,-0.95,False
Anie,Maize (white),2021-12-01,250.0,24.38,0.94,False
Anie,Maize (white),2022-01-01,250.0,26.26,1.01,False
Anie,Maize (white),2022-02-01,253.0,19.34,0.72,False
Anie,Maize (white),2022-03-01,258.0,3.2,-0.01,False
Anie,Maize (white),2022-04-01,269.0,7.6,0.19,False
Anie,Maize (white),2022-05-01,265.0,4.74,0.08,False
Anie,Maize (white),2022-06-01,255.0,-1.16,-0.19,False
Anie,Rice (imported),2003-04-01,361.0,0.0,-0.26,False
Anie,Rice (imported),2003-05-01,370.0,0.54,-0.19,False
Anie,Rice (imported),2003-06-01,352.0,-0.85,-0.36,False
Anie,Rice (imported),2003-07-01,357.0,-1.11,-0.39,False
Anie,Rice (imported),2003-08-01,354.0,-4.32,-0.81,False
Anie,Rice (imported),2003-09-01,353.0,0.28,-0.17,False
Anie,Rice (imported),2003-10-01,332.0,-7.0,-1.18,False
Anie,Rice (imported),2003-11-01,316.0,-10.73,-1.68,False
Anie,Rice (imported),2003-12-01,333.0,-5.67,-0.87,False
Anie,Rice (imported),2004-01-01,287.0,-13.55,-1.98,False
Anie,Rice (imported),2004-02-01,226.0,-28.48,-4.21,False
Anie,Rice (imported),2004-03-01,216.0,-35.14,-4.37,False
Anie,Rice (imported),2004-04-01,228.0,-20.56,-1.77,False
Anie,Rice (imported),2004-05-01,256.0,13.27,1.22,False
Anie,Rice (imported),2004-06-01,250.0,15.74,1.36,False
Anie,Rice (imported),2004-07-01,252.0,10.53,0.94,False
Anie,Rice (imported),2004-08-01,252.0,-1.56,-0.01,False
Anie,Rice (imported),2004-09-01,247.0,-1.2,0.02,False
Anie,Rice (imported),2004-10-01,260.0,3.17,0.37,False
Anie,Rice (imported),2004-11-01,255.0,1.19,0.21,False
Anie,Rice (imported),2004-12-01,246.0,-0.4,0.07,False
Anie,Rice (imported),2005-01-01,254.0,-2.31,-0.1,False
Anie,Rice (imported),2005-02-01,256.0,0.39,0.14,False
Anie,Rice (imported),2005-03-01,263.0,6.91,0.69,False
Anie,Rice (imported),2005-04-01,260.0,2.36,0.3,False
Anie,Rice (imported),2005-05-01,280.0,9.37,0.88,False
Anie,Rice (imported),2005-06-01,274.0,4.18,0.43,False
Anie,Rice (imported),2005-07-01,296.0,13.85,1.22,False
Anie,Rice (imported),2005-08-01,314.0,12.14,1.06,False
Anie,Rice (imported),2005-09-01,278.0,1.46,0.15,False
Anie,Rice (imported),2005-10-01,288.0,-2.7,-0.23,False
Anie,Rice (imported),2005-11-01,272.0,-13.38,-1.28,False
Anie,Rice (imported),2005-12-01,271.0,-2.52,-0.19,False
Anie,Rice (imported),2006-01-01,222.0,-22.92,-2.32,False
Anie,Rice (imported),2006-02-01,241.0,-11.4,-0.98,False
Anie,Rice (imported),2006-03-01,278.0,2.58,0.32,False
Anie,Rice (imported),2006-04-01,264.0,18.92,1.62,False
Anie,Rice (imported),2006-05-01,298.0,23.65,1.91,False
Anie,Rice (imported),2006-06-01,325.0,16.91,1.35,False
Anie,Rice (imported),2006-07-01,310.0,17.42,1.39,False
Anie,Rice (imported),2006-08-01,277.0,-7.05,-0.6,False
Anie,Rice (imported),2006-09-01,263.0,-19.08,-1.75,False
Anie,Rice (imported),2006-10-01,314.0,1.29,0.16,False
Anie,Rice (imported),2006-11-01,333.0,20.22,1.56,False
Anie,Rice (imported),2006-12-01,276.0,4.94,0.42,False
Anie,Rice (imported),2007-01-01,342.0,8.92,0.71,False
Anie,Rice (imported),2007-02-01,373.0,12.01,0.93,False
Anie,Rice (imported),2007-03-01,403.0,46.01,3.05,True
Anie,Rice (imported),2007-04-01,377.0,10.23,0.67,False
Anie,Rice (imported),2007-05-01,366.0,-1.88,-0.21,False
Anie,Rice (imported),2007-06-01,350.0,-13.15,-1.12,False
Anie,Rice (imported),2007-07-01,293.0,-22.28,-1.92,False
Anie,Rice (imported),2007-08-01,278.0,-24.04,-1.99,False
Anie,Rice (imported),2007-09-01,278.0,-20.57,-1.58,False
Anie,Rice (imported),2007-10-01,297.0,1.37,0.18,False
Anie,Rice (imported),2007-11-01,302.0,8.63,0.66,False
Anie,Rice (imported),2007-12-01,329.0,18.35,1.24,False
Anie,Rice (imported),2008-01-01,286.0,-3.7,-0.22,False
Anie,Rice (imported),2008-02-01,298.0,-1.32,-0.05,False
Anie,Rice (imported),2008-03-01,286.0,-13.07,-0.92,False
Anie,Rice (imported),2008-04-01,286.0,0.0,0.08,False
Anie,Rice (imported),2008-05-01,444.0,48.99,2.82,True
Anie,Rice (imported),2008-06-01,363.0,26.92,1.57,False
Anie,Rice (imported),2008-07-01,363.0,26.92,1.51,False
Anie,Rice (imported),2008-08-01,304.0,-31.53,-2.38,False
Anie,Rice (imported),2008-09-01,304.0,-16.25,-1.05,False
Anie,Rice (imported),2008-10-01,339.0,-6.61,-0.38,False
Anie,Rice (imported),2008-11-01,339.0,11.51,0.67,False
Anie,Rice (imported),2008-12-01,339.0,11.51,0.65,False
Anie,Rice (imported),2009-01-01,445.0,31.27,1.59,False
Anie,Rice (imported),2009-02-01,373.0,10.03,0.5,False
Anie,Rice (imported),2009-03-01,403.0,18.88,0.94,False
Anie,Rice (imported),2009-04-01,377.0,-15.28,-1.22,False
Anie,Rice (imported),2009-05-01,366.0,-1.88,-0.3,False
Anie,Rice (imported),2009-06-01,350.0,-13.15,-1.07,False
Anie,Rice (imported),2009-07-01,360.0,-4.51,-0.42,False
Anie,Rice (imported),2009-08-01,361.0,-1.37,-0.2,False
Anie,Rice (imported),2009-09-01,401.0,14.57,0.76,False
Anie,Rice (imported),2009-10-01,381.0,5.83,0.23,False
Anie,Rice (imported),2009-11-01,364.0,0.83,-0.08,False
Anie,Rice (imported),2009-12-01,363.0,-9.48,-0.77,False
Anie,Rice (imported),2010-01-01,475.0,24.67,1.29,False
Anie,Rice (imported),2010-02-01,475.0,30.49,1.53,False
Anie,Rice (imported),2010-03-01,475.0,30.85,1.49,False
Anie,Rice (imported),2010-04-01,422.0,-11.16,-0.9,False
Anie,Rice (imported),2010-05-01,433.0,-8.84,-0.73,False
Anie,Rice (imported),2010-06-01,500.0,5.26,0.16,False
Anie,Rice (imported),2010-07-01,442.0,4.74,0.13,False
Anie,Rice (imported),2010-08-01,467.0,7.85,0.31,False
Anie,Rice (imported),2010-09-01,475.0,-5.0,-0.45,False
Anie,Rice (imported),2010-10-01,431.0,-2.49,-0.29,False
Anie,Rice (imported),2010-11-01,433.0,-7.28,-0.59,False
Anie,Rice (imported),2010-12-01,418.0,-12.0,-0.92,False
Anie,Rice (imported),2011-01-01,400.0,-7.19,-0.58,False
Anie,Rice (imported),2011-02-01,400.0,-7.62,-0.64,False
Anie,Rice (imported),2011-03-01,400.0,-4.31,-0.43,False
Anie,Rice (imported),2011-04-01,410.0,2.5,0.0,False
Anie,Rice (imported),2011-05-01,415.0,3.75,0.09,False
Anie,Rice (imported),2011-06-01,433.0,8.25,0.38,False
Anie,Rice (imported),2011-07-01,462.0,12.68,0.64,False
Anie,Rice (imported),2011-08-01,400.0,-3.61,-0.34,False
Anie,Rice (imported),2011-09-01,400.0,-7.62,-0.61,False
Anie,Rice (imported),2011-10-01,398.0,-13.85,-1.09,False
Anie,Rice (imported),2011-11-01,388.0,-3.0,-0.3,False
Anie,Rice (imported),2011-12-01,444.0,11.0,0.59,False
Anie,Rice (imported),2012-01-01,500.0,25.63,1.37,False
Anie,Rice (imported),2012-02-01,446.0,14.95,0.78,False
Anie,Rice (imported),2012-03-01,502.0,13.06,0.67,False
Anie,Rice (imported),2012-04-01,535.0,7.0,0.36,False
Anie,Rice (imported),2012-05-01,450.0,0.9,-0.02,False
Anie,Rice (imported),2012-06-01,450.0,-10.36,-0.81,False
Anie,Rice (imported),2012-07-01,481.0,-10.09,-0.8,False
Anie,Rice (imported),2012-08-01,422.0,-6.22,-0.54,False
Anie,Rice (imported),2012-09-01,410.0,-8.89,-0.79,False
Anie,Rice (imported),2012-10-01,411.0,-14.55,-1.28,False
Anie,Rice (imported),2012-11-01,429.0,1.66,-0.02,False
Anie,Rice (imported),2012-12-01,429.0,4.63,0.19,False
Anie,Rice (imported),2013-01-01,422.0,2.68,0.08,False
Anie,Rice (imported),2013-02-01,426.0,-0.7,-0.17,False
Anie,Rice (imported),2013-03-01,454.0,5.83,0.28,False
Anie,Rice (imported),2013-04-01,463.0,9.72,0.52,False
Anie,Rice (imported),2013-05-01,472.0,10.8,0.58,False
Anie,Rice (imported),2013-06-01,444.0,-2.2,-0.3,False
Anie,Rice (imported),2013-07-01,445.0,-3.89,-0.41,False
Anie,Rice (imported),2013-08-01,405.0,-14.19,-1.3,False
Anie,Rice (imported),2013-09-01,407.0,-8.33,-0.86,False
Anie,Rice (imported),2013-10-01,444.0,-0.22,-0.14,False
Anie,Rice (imported),2013-11-01,444.0,9.63,0.69,False
Anie,Rice (imported),2013-12-01,422.0,3.69,0.2,False
Anie,Rice (imported),2014-01-01,444.0,0.0,-0.11,False
Anie,Rice (imported),2014-02-01,426.0,-4.05,-0.47,False
Anie,Rice (imported),2014-03-01,463.0,9.72,0.82,False
Anie,Rice (imported),2014-04-01,437.0,-1.58,-0.2,False
Anie,Rice (imported),2014-05-01,418.0,-1.88,-0.26,False
Anie,Rice (imported),2014-06-01,453.0,-2.16,-0.28,False
Anie,Rice (imported),2014-07-01,442.0,1.14,0.02,False
Anie,Rice (imported),2014-08-01,444.0,6.22,0.51,False
Anie,Rice (imported),2014-09-01,437.0,-3.53,-0.47,False
Anie,Rice (imported),2014-10-01,437.0,-1.13,-0.2,False
Anie,Rice (imported),2014-11-01,453.0,2.03,0.13,False
Anie,Rice (imported),2014-12-01,462.0,5.72,0.49,False
Anie,Rice (imported),2015-01-01,429.0,-1.83,-0.29,False
Anie,Rice (imported),2015-02-01,429.0,-5.3,-0.64,False
Anie,Rice (imported),2015-03-01,444.0,-3.9,-0.46,False
Anie,Rice (imported),2015-04-01,414.0,-3.5,-0.39,False
Anie,Rice (imported),2015-05-01,414.0,-3.5,-0.41,False
Anie,Rice (imported),2015-06-01,462.0,4.05,0.54,False
Anie,Rice (imported),2015-07-01,461.0,11.35,1.41,False
Anie,Rice (imported),2015-08-01,444.0,7.25,0.9,False
Anie,Rice (imported),2015-09-01,413.0,-10.61,-1.4,False
Anie,Rice (imported),2015-10-01,414.0,-10.2,-1.31,False
Anie,Rice (imported),2015-11-01,400.0,-9.91,-1.24,False
Anie,Rice (imported),2015-12-01,414.0,0.24,0.08,False
Anie,Rice (imported),2016-01-01,444.0,7.25,0.9,False
Anie,Rice (imported),2016-02-01,444.0,11.0,1.3,False
Anie,Rice (imported),2016-03-01,444.0,7.25,0.83,False
Anie,Rice (imported),2016-04-01,519.0,16.89,1.87,False
Anie,Rice (imported),2016-05-01,444.0,0.0,-0.09,False
Anie,Rice (imported),2016-06-01,556.0,25.23,2.63,True
Anie,Rice (imported),2016-07-01,444.0,-14.45,-1.9,False
Anie,Rice (imported),2016-08-01,444.0,0.0,-0.05,False
Anie,Rice (imported),2016-09-01,444.0,-20.14,-2.61,False
Anie,Rice (imported),2016-10-01,444.0,0.0,-0.03,False
Anie,Rice (imported),2016-11-01,444.0,0.0,-0.06,False
Anie,Rice (imported),2016-12-01,444.0,0.0,-0.06,False
Anie,Rice (imported),2017-01-01,444.0,0.0,-0.05,False
Anie,Rice (imported),2017-02-01,444.0,0.0,-0.0,False
Anie,Rice (imported),2017-03-01,444.0,0.0,0.02,False
Anie,Rice (imported),2017-04-01,444.0,0.0,0.05,False
Anie,Rice (imported),2017-05-01,444.0,0.0,0.07,False
Anie,Rice (imported),2017-06-01,444.0,0.0,0.07,False
Anie,Rice (imported),2017-07-01,407.0,-8.33,-1.06,False
Anie,Rice (imported),2017-08-01,444.0,0.0,0.04,False
Anie,Rice (imported),2017-09-01,444.0,0.0,0.03,False
Anie,Rice (imported),2017-10-01,444.0,9.09,1.13,False
Anie,Rice (imported),2017-11-01,444.0,0.0,-0.05,False
Anie,Rice (imported),2017-12-01,444.0,0.0,-0.04,False
Anie,Rice (imported),2018-01-01,444.0,0.0,-0.03,False
Anie,Rice (imported),2018-02-01,444.0,0.0,-0.03,False
Anie,Rice (imported),2018-03-01,444.0,0.0,-0.03,False
Anie,Rice (imported),2018-04-01,444.0,0.0,-0.02,False
Anie,Rice (imported),2018-05-01,444.0,0.0,0.01,False
Anie,Rice (imported),2018-06-01,444.0,0.0,0.03,False
Anie,Rice (imported),2018-07-01,444.0,0.0,0.02,False
Anie,Rice (imported),2018-08-01,444.0,0.0,0.01,False
Anie,Rice (imported),2018-09-01,444.0,0.0,-0.02,False
Anie,Rice (imported),2018-10-01,444.0,0.0,-0.04,False
Anie,Rice (imported),2018-11-01,444.0,0.0,-0.04,False
Anie,Rice (imported),2018-12-01,444.0,0.0,-0.02,False
Anie,Rice (imported),2019-01-01,444.0,0.0,-0.01,False
Anie,Rice (imported),2019-02-01,444.0,0.0,-0.01,False
Anie,Rice (imported),2019-03-01,444.0,0.0,-0.02,False
Anie,Rice (imported),2019-04-01,444.0,0.0,0.0,False
Anie,Rice (imported),2019-05-01,444.0,0.0,-0.0,False
Anie,Rice (imported),2019-06-01,,0.0,-0.01,False
Anie,Rice (imported),2019-07-01,444.0,0.0,-0.01,False
Anie,Rice (imported),2019-08-01,444.0,0.0,-0.01,False
Anie,Rice (imported),2019-09-01,444.0,0.0,0.0,False
Anie,Rice (imported),2019-10-01,444.0,0.0,-0.01,False
Anie,Rice (imported),2019-11-01,444.0,0.0,-0.01,False
Anie,Rice (imported),2019-12-01,444.0,0.0,-0.0,False
Anie,Rice (imported),2020-01-01,450.0,1.35,0.22,False
Anie,Rice (imported),2020-02-01,450.0,1.35,0.21,False
Anie,Rice (imported),2020-03-01,450.0,1.35,0.19,False
Anie,Rice (imported),2020-04-01,455.0,1.11,0.14,False
Anie,Rice (imported),2020-05-01,455.0,1.11,0.13,False
Anie,Rice (imported),2020-06-01,450.0,0.0,-0.05,False
Anie,Rice (imported),2020-07-01,450.0,-1.1,-0.22,False
Anie,Rice (imported),2020-08-01,450.0,-1.1,-0.19,False
Anie,Rice (imported),2020-09-01,450.0,0.0,0.01,False
Anie,Rice (imported),2020-10-01,450.0,0.0,-0.02,False
Anie,Rice (imported),2020-11-01,450.0,0.0,-0.05,False
Anie,Rice (imported),2020-12-01,450.0,0.0,-0.09,False
Anie,Rice (imported),2021-01-01,450.0,0.0,-0.08,False
Anie,Rice (imported),2021-02-01,450.0,0.0,-0.06,False
Anie,Rice (imported),2021-03-01,450.0,0.0,-0.03,False
Anie,Rice (imported),2021-04-01,450.0,0.0,-0.01,False
Anie,Rice (imported),2021-05-01,450.0,0.0,0.04,False
Anie,Rice (imported),2021-06-01,460.0,2.22,0.49,False
Anie,Rice (imported),2021-07-01,460.0,2.22,0.7,False
Anie,Rice (imported),2021-08-01,460.0,2.22,0.72,False
Anie,Rice (imported),2021-09-01,460.0,0.0,0.06,False
Anie,Rice (imported),2021-10-01,460.0,0.0,-0.1,False
Anie,Rice (imported),2021-11-01,450.0,-2.17,-1.38,False
Anie,Rice (imported),2021-12-01,490.0,6.52,3.54,True
Anie,Rice (imported),2022-01-01,460.0,0.0,-0.13,False
Anie,Rice (imported),2022-02-01,460.0,2.22,1.02,False
Anie,Rice (imported),2022-03-01,460.0,-6.12,-3.41,False
Anie,Rice (imported),2022-04-01,460.0,0.0,-0.08,False
Anie,Rice (imported),2022-05-01,460.0,0.0,-0.08,False
Anie,Rice (imported),2022-06-01,460.0,0.0,-0.08,False
Anie,Sorghum,2003-04-01,87.0,-3.33,-0.15,False
Anie,Sorghum,2003-05-01,85.0,-1.16,-0.08,False
Anie,Sorghum,2003-06-01,82.0,0.0,-0.05,False
Anie,Sorghum,2003-07-01,76.0,-12.64,-0.44,False
Anie,Sorghum,2003-08-01,72.0,-15.29,-0.53,False
Anie,Sorghum,2003-09-01,70.0,-14.63,-0.49,False
Anie,Sorghum,2003-10-01,65.0,-14.47,-0.48,False
Anie,Sorghum,2003-11-01,63.0,-12.5,-0.4,False
Anie,Sorghum,2003-12-01,70.0,0.0,0.03,False
Anie,Sorghum,2004-01-01,70.0,7.69,0.27,False
Anie,Sorghum,2004-02-01,65.0,3.17,0.12,False
Anie,Sorghum,2004-03-01,72.0,2.86,0.11,False
Anie,Sorghum,2004-04-01,75.0,7.14,0.25,False
Anie,Sorghum,2004-05-01,90.0,38.46,1.11,False
Anie,Sorghum,2004-06-01,103.0,43.06,1.18,False
Anie,Sorghum,2004-07-01,123.0,64.0,1.61,False
Anie,Sorghum,2004-08-01,149.0,65.56,1.57,False
Anie,Sorghum,2004-09-01,163.0,58.25,1.36,False
Anie,Sorghum,2004-10-01,175.0,42.28,0.97,False
Anie,Sorghum,2004-11-01,160.0,7.38,0.05,False
Anie,Sorghum,2004-12-01,115.0,-29.45,-1.31,False
Anie,Sorghum,2005-01-01,132.0,-24.57,-1.06,False
Anie,Sorghum,2005-02-01,146.0,-8.75,-0.42,False
Anie,Sorghum,2005-03-01,170.0,47.83,1.15,False
Anie,Sorghum,2005-04-01,171.0,29.55,0.69,False
Anie,Sorghum,2005-05-01,203.0,39.04,0.91,False
Anie,Sorghum,2005-06-01,213.0,25.29,0.56,False
Anie,Sorghum,2005-07-01,269.0,57.31,1.29,False
Anie,Sorghum,2005-08-01,265.0,30.54,0.65,False
Anie,Sorghum,2005-09-01,306.0,43.66,0.96,False
Anie,Sorghum,2005-10-01,364.0,35.32,0.75,False
Anie,Sorghum,2005-11-01,240.0,-9.43,-0.59,False
Anie,Sorghum,2005-12-01,106.0,-65.36,-3.76,False
Anie,Sorghum,2006-01-01,114.0,-68.68,-3.63,False
Anie,Sorghum,2006-02-01,128.0,-46.67,-1.8,False
Anie,Sorghum,2006-03-01,173.0,63.21,1.24,False
Anie,Sorghum,2006-04-01,127.0,11.4,0.2,False
Anie,Sorghum,2006-05-01,132.0,3.12,0.01,False
Anie,Sorghum,2006-06-01,132.0,-23.7,-0.79,False
Anie,Sorghum,2006-07-01,126.0,-0.79,-0.06,False
Anie,Sorghum,2006-08-01,118.0,-10.61,-0.33,False
Anie,Sorghum,2006-09-01,91.0,-31.06,-1.01,False
Anie,Sorghum,2006-10-01,138.0,9.52,0.28,False
Anie,Sorghum,2006-11-01,138.0,16.95,0.48,False
Anie,Sorghum,2006-12-01,119.0,30.77,0.77,False
Anie,Sorghum,2007-01-01,89.0,-35.51,-1.24,False
Anie,Sorghum,2007-02-01,224.0,62.32,1.35,False
Anie,Sorghum,2007-03-01,174.0,46.22,1.02,False
Anie,Sorghum,2007-04-01,173.0,94.38,1.8,False
Anie,Sorghum,2007-05-01,187.0,-16.52,-0.53,False
Anie,Sorghum,2007-06-01,181.0,4.02,0.08,False
Anie,Sorghum,2007-07-01,95.0,-45.09,-1.63,False
Anie,Sorghum,2007-08-01,100.0,-46.52,-1.64,False
Anie,Sorghum,2007-09-01,99.0,-45.3,-1.52,False
Anie,Sorghum,2007-10-01,115.0,21.05,0.56,False
Anie,Sorghum,2007-11-01,134.0,34.0,0.81,False
Anie,Sorghum,2007-12-01,149.0,50.51,1.08,False
Anie,Sorghum,2008-01-01,161.0,40.0,0.86,False
Anie,Sorghum,2008-02-01,214.0,59.7,1.19,False
Anie,Sorghum,2008-03-01,190.0,27.52,0.55,False
Anie,Sorghum,2008-04-01,196.0,21.74,0.42,False
Anie,Sorghum,2008-05-01,360.0,68.22,1.26,False
Anie,Sorghum,2008-06-01,339.0,78.42,1.37,False
Anie,Sorghum,2008-07-01,351.0,79.08,1.33,False
Anie,Sorghum,2008-08-01,321.0,-10.83,-0.47,False
Anie,Sorghum,2008-09-01,321.0,-5.31,-0.33,False
Anie,Sorghum,2008-10-01,429.0,22.22,0.32,False
Anie,Sorghum,2008-11-01,393.0,22.43,0.31,False
Anie,Sorghum,2008-12-01,72.0,-77.57,-4.03,False
Anie,Sorghum,2009-01-01,209.0,-51.28,-1.77,False
Anie,Sorghum,2009-02-01,224.0,-43.0,-1.35,False
Anie,Sorghum,2009-03-01,174.0,141.67,1.83,False
Anie,Sorghum,2009-04-01,173.0,-17.22,-0.51,False
Anie,Sorghum,2009-05-01,187.0,-16.52,-0.48,False
Anie,Sorghum,2009-06-01,181.0,4.02,-0.0,False
Anie,Sorghum,2009-07-01,228.0,31.79,0.51,False
Anie,Sorghum,2009-08-01,191.0,2.14,-0.02,False
Anie,Sorghum,2009-09-01,181.0,0.0,-0.05,False
Anie,Sorghum,2009-10-01,180.0,-21.05,-0.55,False
Anie,Sorghum,2009-11-01,176.0,-7.85,-0.19,False
Anie,Sorghum,2009-12-01,207.0,14.36,0.28,False
Anie,Sorghum,2010-01-01,137.0,-23.89,-0.62,False
Anie,Sorghum,2010-02-01,148.0,-15.91,-0.4,False
Anie,Sorghum,2010-03-01,174.0,-15.94,-0.4,False
Anie,Sorghum,2010-04-01,200.0,45.99,0.83,False
Anie,Sorghum,2010-05-01,160.0,8.11,0.16,False
Anie,Sorghum,2010-06-01,144.0,-17.24,-0.41,False
Anie,Sorghum,2010-07-01,163.0,-18.5,-0.43,False
Anie,Sorghum,2010-08-01,170.0,6.25,0.18,False
Anie,Sorghum,2010-09-01,192.0,33.33,0.69,False
Anie,Sorghum,2010-10-01,195.0,19.63,0.45,False
Anie,Sorghum,2010-11-01,154.0,-9.41,-0.16,False
Anie,Sorghum,2010-12-01,134.0,-30.21,-0.74,False
Anie,Sorghum,2011-01-01,112.0,-42.56,-1.26,False
Anie,Sorghum,2011-02-01,121.0,-21.43,-0.58,False
Anie,Sorghum,2011-03-01,136.0,1.49,0.03,False
Anie,Sorghum,2011-04-01,153.0,36.61,0.8,False
Anie,Sorghum,2011-05-01,167.0,38.02,0.81,False
Anie,Sorghum,2011-06-01,185.0,36.03,0.76,False
Anie,Sorghum,2011-07-01,202.0,32.03,0.66,False
Anie,Sorghum,2011-08-01,205.0,22.75,0.47,False
Anie,Sorghum,2011-09-01,212.0,14.59,0.28,False
Anie,Sorghum,2011-10-01,223.0,10.4,0.17,False
Anie,Sorghum,2011-11-01,196.0,-4.39,-0.19,False
Anie,Sorghum,2011-12-01,199.0,-6.13,-0.23,False
Anie,Sorghum,2012-01-01,185.0,-17.04,-0.52,False
Anie,Sorghum,2012-02-01,215.0,9.69,0.17,False
Anie,Sorghum,2012-03-01,236.0,18.59,0.38,False
Anie,Sorghum,2012-04-01,240.0,29.73,0.63,False
Anie,Sorghum,2012-05-01,204.0,-5.12,-0.16,False
Anie,Sorghum,2012-06-01,220.0,-6.78,-0.22,False
Anie,Sorghum,2012-07-01,225.0,-6.25,-0.2,False
Anie,Sorghum,2012-08-01,260.0,27.45,0.6,False
Anie,Sorghum,2012-09-01,226.0,2.73,-0.02,False
Anie,Sorghum,2012-10-01,212.0,-5.78,-0.29,False
Anie,Sorghum,2012-11-01,212.0,-18.46,-0.69,False
Anie,Sorghum,2012-12-01,158.0,-30.09,-1.1,False
Anie,Sorghum,2013-01-01,164.0,-22.64,-0.78,False
Anie,Sorghum,2013-02-01,173.0,-18.4,-0.6,False
Anie,Sorghum,2013-03-01,199.0,25.95,0.67,False
Anie,Sorghum,2013-04-01,204.0,24.39,0.63,False
Anie,Sorghum,2013-05-01,198.0,14.45,0.39,False
Anie,Sorghum,2013-06-01,255.0,28.14,0.75,False
Anie,Sorghum,2013-07-01,238.0,16.67,0.5,False
Anie,Sorghum,2013-08-01,278.0,40.4,1.11,False
Anie,Sorghum,2013-09-01,287.0,12.55,0.4,False
Anie,Sorghum,2013-10-01,315.0,32.35,0.88,False
Anie,Sorghum,2013-11-01,255.0,-8.27,-0.23,False
Anie,Sorghum,2013-12-01,255.0,-11.15,-0.32,False
Anie,Sorghum,2014-01-01,170.0,-46.03,-2.35,False
Anie,Sorghum,2014-02-01,170.0,-33.33,-1.59,False
Anie,Sorghum,2014-03-01,161.0,-36.86,-1.84,False
Anie,Sorghum,2014-04-01,158.0,-7.06,-0.27,False
Anie,Sorghum,2014-05-01,167.0,-1.76,-0.04,False
Anie,Sorghum,2014-06-01,173.0,7.45,0.32,False
Anie,Sorghum,2014-07-01,167.0,5.7,0.25,False
Anie,Sorghum,2014-08-01,167.0,0.0,0.03,False
Anie,Sorghum,2014-09-01,170.0,-1.73,-0.04,False
Anie,Sorghum,2014-10-01,168.0,0.6,0.06,False
Anie,Sorghum,2014-11-01,109.0,-34.73,-1.83,False
Anie,Sorghum,2014-12-01,130.0,-23.53,-1.09,False
Anie,Sorghum,2015-01-01,111.0,-33.93,-1.66,False
Anie,Sorghum,2015-02-01,115.0,5.5,0.3,False
Anie,Sorghum,2015-03-01,130.0,0.0,0.06,False
Anie,Sorghum,2015-04-01,125.0,12.61,0.55,False
Anie,Sorghum,2015-05-01,167.0,45.22,1.65,False
Anie,Sorghum,2015-06-01,167.0,28.46,1.09,False
Anie,Sorghum,2015-07-01,166.0,32.8,1.19,False
Anie,Sorghum,2015-08-01,167.0,0.0,-0.01,False
Anie,Sorghum,2015-09-01,179.0,7.19,0.28,False
Anie,Sorghum,2015-10-01,179.0,7.83,0.32,False
Anie,Sorghum,2015-11-01,190.0,13.77,0.55,False
Anie,Sorghum,2015-12-01,207.0,15.64,0.6,False
Anie,Sorghum,2016-01-01,185.0,3.35,0.1,False
Anie,Sorghum,2016-02-01,185.0,-2.63,-0.2,False
Anie,Sorghum,2016-03-01,193.0,-6.76,-0.42,False
Anie,Sorghum,2016-04-01,231.0,24.86,0.91,False
Anie,Sorghum,2016-05-01,222.0,20.0,0.74,False
Anie,Sorghum,2016-06-01,241.0,24.87,0.94,False
Anie,Sorghum,2016-07-01,241.0,4.33,0.12,False
Anie,Sorghum,2016-08-01,296.0,33.33,1.29,False
Anie,Sorghum,2016-09-01,315.0,30.71,1.19,False
Anie,Sorghum,2016-10-01,325.0,34.85,1.31,False
Anie,Sorghum,2016-11-01,248.0,-16.22,-0.89,False
Anie,Sorghum,2016-12-01,248.0,-21.27,-1.16,False
Anie,Sorghum,2017-01-01,151.0,-53.54,-3.5,False
Anie,Sorghum,2017-02-01,185.0,-25.4,-1.22,False
Anie,Sorghum,2017-03-01,187.0,-24.6,-1.14,False
Anie,Sorghum,2017-04-01,259.0,71.52,2.22,True
Anie,Sorghum,2017-05-01,241.0,30.27,1.06,False
Anie,Sorghum,2017-06-01,222.0,18.72,0.67,False
Anie,Sorghum,2017-07-01,222.0,-14.29,-0.61,False
Anie,Sorghum,2017-08-01,185.0,-23.24,-1.03,False
Anie,Sorghum,2017-09-01,222.0,0.0,0.02,False
Anie,Sorghum,2017-10-01,256.0,15.32,0.57,False
Anie,Sorghum,2017-11-01,185.0,0.0,0.01,False
Anie,Sorghum,2017-12-01,175.0,-21.17,-0.92,False
Anie,Sorghum,2018-01-01,182.0,-28.91,-1.34,False
Anie,Sorghum,2018-02-01,185.0,0.0,-0.0,False
Anie,Sorghum,2018-03-01,222.0,26.86,0.91,False
Anie,Sorghum,2018-04-01,241.0,32.42,1.08,False
Anie,Sorghum,2018-05-01,243.0,31.35,1.04,False
Anie,Sorghum,2018-06-01,204.0,-8.11,-0.36,False
Anie,Sorghum,2018-07-01,204.0,-15.35,-0.66,False
Anie,Sorghum,2018-08-01,185.0,-23.87,-1.05,False
Anie,Sorghum,2018-09-01,204.0,0.0,0.05,False
Anie,Sorghum,2018-10-01,185.0,-9.31,-0.32,False
Anie,Sorghum,2018-11-01,185.0,0.0,0.08,False
Anie,Sorghum,2018-12-01,204.0,0.0,0.08,False
Anie,Sorghum,2019-01-01,204.0,10.27,0.46,False
Anie,Sorghum,2019-02-01,204.0,10.27,0.43,False
Anie,Sorghum,2019-03-01,185.0,-9.31,-0.43,False
Anie,Sorghum,2019-04-01,222.0,8.82,0.34,False
Anie,Sorghum,2019-05-01,185.0,-9.31,-0.48,False
Anie,Sorghum,2019-06-01,,0.0,-0.04,False
Anie,Sorghum,2019-07-01,185.0,-16.67,-0.84,False
Anie,Sorghum,2019-08-01,185.0,0.0,-0.02,False
Anie,Sorghum,2019-09-01,222.0,20.0,0.78,False
Anie,Sorghum,2019-10-01,200.0,8.11,0.31,False
Anie,Sorghum,2019-11-01,220.0,18.92,0.71,False
Anie,Sorghum,2019-12-01,182.0,-18.02,-0.97,False
Anie,Sorghum,2020-01-01,175.0,-12.5,-0.69,False
Anie,Sorghum,2020-02-01,180.0,-18.18,-1.05,False
Anie,Sorghum,2020-03-01,216.0,18.68,0.69,False
Anie,Sorghum,2020-04-01,210.0,20.0,0.73,False
Anie,Sorghum,2020-05-01,230.0,27.78,1.01,False
Anie,Sorghum,2020-06-01,242.0,12.04,0.42,False
Anie,Sorghum,2020-07-01,242.0,15.24,0.57,False
Anie,Sorghum,2020-08-01,242.0,5.22,0.16,False
Anie,Sorghum,2020-09-01,245.0,1.24,-0.03,False
Anie,Sorghum,2020-10-01,245.0,1.24,-0.03,False
Anie,Sorghum,2020-11-01,220.0,-9.09,-0.53,False
Anie,Sorghum,2020-12-01,210.0,-14.29,-0.79,False
Anie,Sorghum,2021-01-01,210.0,-14.29,-0.76,False
Anie,Sorghum,2021-02-01,210.0,-4.55,-0.24,False
Anie,Sorghum,2021-03-01,210.0,0.0,-0.02,False
Anie,Sorghum,2021-04-01,210.0,0.0,-0.03,False
Anie,Sorghum,2021-05-01,280.0,33.33,1.35,False
Anie,Sorghum,2021-06-01,300.0,42.86,1.65,False
Anie,Sorghum,2021-07-01,300.0,42.86,1.62,False
Anie,Sorghum,2021-08-01,305.0,8.93,0.34,False
Anie,Sorghum,2021-09-01,305.0,1.67,0.04,False
Anie,Sorghum,2021-10-01,300.0,0.0,-0.02,False
Anie,Sorghum,2021-11-01,275.0,-9.84,-0.48,False
Anie,Sorghum,2021-12-01,297.0,-2.62,-0.13,False
Anie,Sorghum,2022-01-01,297.0,-1.0,-0.06,False
Anie,Sorghum,2022-02-01,295.0,7.27,0.3,False
Anie,Sorghum,2022-03-01,295.0,-0.67,-0.16,False
Anie,Sorghum,2022-04-01,295.0,-0.67,-0.19,False
Anie,Sorghum,2022-05-01,290.0,-1.69,-0.22,False
Anie,Sorghum,2022-06-01,280.0,-5.08,-0.41,False
Cinkassé,Cassava meal (gari),2003-04-01,185.0,-6.09,-0.25,False
Cinkassé,Cassava meal (gari),2003-05-01,196.0,-2.97,-0.17,False
Cinkassé,Cassava meal (gari),2003-06-01,127.0,-34.2,-1.08,False
Cinkassé,Cassava meal (gari),2003-07-01,121.0,-34.59,-1.05,False
Cinkassé,Cassava meal (gari),2003-08-01,135.0,-31.12,-0.89,False
Cinkassé,Cassava meal (gari),2003-09-01,123.0,-3.15,-0.07,False
Cinkassé,Cassava meal (gari),2003-10-01,126.0,4.13,0.11,False
Cinkassé,Cassava meal (gari),2003-11-01,109.0,-19.26,-0.51,False
Cinkassé,Cassava meal (gari),2003-12-01,107.0,-13.01,-0.32,False
Cinkassé,Cassava meal (gari),2004-01-01,122.0,-3.17,-0.05,False
Cinkassé,Cassava meal (gari),2004-02-01,117.0,7.34,0.21,False
Cinkassé,Cassava meal (gari),2004-03-01,138.0,28.97,0.68,False
Cinkassé,Cassava meal (gari),2004-04-01,135.0,10.66,0.27,False
Cinkassé,Cassava meal (gari),2004-05-01,112.0,-4.27,-0.11,False
Cinkassé,Cassava meal (gari),2004-06-01,108.0,-21.74,-0.64,False
Cinkassé,Cassava meal (gari),2004-07-01,125.0,-7.41,-0.18,False
Cinkassé,Cassava meal (gari),2004-08-01,126.0,12.5,0.35,False
Cinkassé,Cassava meal (gari),2004-09-01,128.0,18.52,0.48,False
Cinkassé,Cassava meal (gari),2004-10-01,128.0,2.4,0.07,False
Cinkassé,Cassava meal (gari),2004-11-01,130.0,3.17,0.09,False
Cinkassé,Cassava meal (gari),2004-12-01,130.0,1.56,0.05,False
Cinkassé,Cassava meal (gari),2005-01-01,134.0,4.69,0.13,False
Cinkassé,Cassava meal (gari),2005-02-01,139.0,6.92,0.19,False
Cinkassé,Cassava meal (gari),2005-03-01,169.0,30.0,0.76,False
Cinkassé,Cassava meal (gari),2005-04-01,167.0,24.63,0.63,False
Cinkassé,Cassava meal (gari),2005-05-01,188.0,35.25,0.86,False
Cinkassé,Cassava meal (gari),2005-06-01,224.0,32.54,0.78,False
Cinkassé,Cassava meal (gari),2005-07-01,278.0,66.47,1.45,False
Cinkassé,Cassava meal (gari),2005-08-01,250.0,32.98,0.75,False
Cinkassé,Cassava meal (gari),2005-09-01,241.0,7.59,0.11,False
Cinkassé,Cassava meal (gari),2005-10-01,244.0,-12.23,-0.5,False
Cinkassé,Cassava meal (gari),2005-11-01,252.0,0.8,-0.08,False
Cinkassé,Cassava meal (gari),2005-12-01,248.0,2.9,-0.01,False
Cinkassé,Cassava meal (gari),2006-01-01,249.0,2.05,-0.04,False
Cinkassé,Cassava meal (gari),2006-02-01,251.0,-0.4,-0.11,False
Cinkassé,Cassava meal (gari),2006-03-01,246.0,-0.81,-0.13,False
Cinkassé,Cassava meal (gari),2006-04-01,261.0,4.82,0.05,False
Cinkassé,Cassava meal (gari),2006-05-01,245.0,-2.39,-0.15,False
Cinkassé,Cassava meal (gari),2006-06-01,256.0,4.07,0.11,False
Cinkassé,Cassava meal (gari),2006-07-01,233.0,-10.73,-0.4,False
Cinkassé,Cassava meal (gari),2006-08-01,267.0,8.98,0.33,False
Cinkassé,Cassava meal (gari),2006-09-01,258.0,0.78,0.03,False
Cinkassé,Cassava meal (gari),2006-10-01,263.0,12.88,0.42,False
Cinkassé,Cassava meal (gari),2006-11-01,265.0,-0.75,-0.07,False
Cinkassé,Cassava meal (gari),2006-12-01,270.0,4.65,0.11,False
Cinkassé,Cassava meal (gari),2007-01-01,238.0,-9.51,-0.41,False
Cinkassé,Cassava meal (gari),2007-02-01,254.0,-4.15,-0.19,False
Cinkassé,Cassava meal (gari),2007-03-01,240.0,-11.11,-0.46,False
Cinkassé,Cassava meal (gari),2007-04-01,223.0,-6.3,-0.31,False
Cinkassé,Cassava meal (gari),2007-05-01,214.0,-15.75,-0.79,False
Cinkassé,Cassava meal (gari),2007-06-01,225.0,-6.25,-0.42,False
Cinkassé,Cassava meal (gari),2007-07-01,198.0,-11.21,-0.66,False
Cinkassé,Cassava meal (gari),2007-08-01,207.0,-3.27,-0.2,False
Cinkassé,Cassava meal (gari),2007-09-01,203.0,-9.78,-0.57,False
Cinkassé,Cassava meal (gari),2007-10-01,219.0,10.61,0.65,False
Cinkassé,Cassava meal (gari),2007-11-01,225.0,8.7,0.53,False
Cinkassé,Cassava meal (gari),2007-12-01,212.0,4.43,0.26,False
Cinkassé,Cassava meal (gari),2008-01-01,211.0,-3.65,-0.25,False
Cinkassé,Cassava meal (gari),2008-02-01,201.0,-10.67,-0.72,False
Cinkassé,Cassava meal (gari),2008-03-01,189.0,-10.85,-0.72,False
Cinkassé,Cassava meal (gari),2008-04-01,190.0,-9.95,-0.64,False
Cinkassé,Cassava meal (gari),2008-05-01,214.0,6.47,0.38,False
Cinkassé,Cassava meal (gari),2008-06-01,205.0,8.47,0.48,False
Cinkassé,Cassava meal (gari),2008-07-01,209.0,10.0,0.55,False
Cinkassé,Cassava meal (gari),2008-08-01,221.0,3.27,0.09,False
Cinkassé,Cassava meal (gari),2008-09-01,211.0,2.93,0.03,False
Cinkassé,Cassava meal (gari),2008-10-01,218.0,4.31,0.12,False
Cinkassé,Cassava meal (gari),2008-11-01,199.0,-9.95,-0.97,False
Cinkassé,Cassava meal (gari),2008-12-01,229.0,8.53,0.4,False
Cinkassé,Cassava meal (gari),2009-01-01,223.0,2.29,-0.07,False
Cinkassé,Cassava meal (gari),2009-02-01,225.0,13.07,0.69,False
Cinkassé,Cassava meal (gari),2009-03-01,227.0,-0.87,-0.32,False
Cinkassé,Cassava meal (gari),2009-04-01,218.0,-2.24,-0.4,False
Cinkassé,Cassava meal (gari),2009-05-01,220.0,-2.22,-0.39,False
Cinkassé,Cassava meal (gari),2009-06-01,248.0,9.25,0.48,False
Cinkassé,Cassava meal (gari),2009-07-01,244.0,11.93,0.65,False
Cinkassé,Cassava meal (gari),2009-08-01,227.0,3.18,-0.04,False
Cinkassé,Cassava meal (gari),2009-09-01,219.0,-11.69,-1.3,False
Cinkassé,Cassava meal (gari),2009-10-01,222.0,-9.02,-1.01,False
Cinkassé,Cassava meal (gari),2009-11-01,222.0,-2.2,-0.41,False
Cinkassé,Cassava meal (gari),2009-12-01,196.0,-10.5,-1.11,False
Cinkassé,Cassava meal (gari),2010-01-01,235.0,5.86,0.26,False
Cinkassé,Cassava meal (gari),2010-02-01,248.0,11.71,0.68,False
Cinkassé,Cassava meal (gari),2010-03-01,244.0,24.49,1.54,False
Cinkassé,Cassava meal (gari),2010-04-01,210.0,-10.64,-1.11,False
Cinkassé,Cassava meal (gari),2010-05-01,210.0,-15.32,-1.51,False
Cinkassé,Cassava meal (gari),2010-06-01,279.0,14.34,1.02,False
Cinkassé,Cassava meal (gari),2010-07-01,266.0,26.67,1.97,False
Cinkassé,Cassava meal (gari),2010-08-01,268.0,27.62,2.4,True
Cinkassé,Cassava meal (gari),2010-09-01,254.0,-8.96,-1.0,False
Cinkassé,Cassava meal (gari),2010-10-01,243.0,-8.65,-0.93,False
Cinkassé,Cassava meal (gari),2010-11-01,220.0,-17.91,-2.05,False
Cinkassé,Cassava meal (gari),2010-12-01,228.0,-10.24,-1.06,False
Cinkassé,Cassava meal (gari),2011-01-01,253.0,4.12,0.43,False
Cinkassé,Cassava meal (gari),2011-02-01,248.0,12.73,1.21,False
Cinkassé,Cassava meal (gari),2011-03-01,245.0,7.46,0.71,False
Cinkassé,Cassava meal (gari),2011-04-01,236.0,-6.72,-0.67,False
Cinkassé,Cassava meal (gari),2011-05-01,231.0,-6.85,-0.67,False
Cinkassé,Cassava meal (gari),2011-06-01,216.0,-11.84,-1.19,False
Cinkassé,Cassava meal (gari),2011-07-01,206.0,-12.71,-1.24,False
Cinkassé,Cassava meal (gari),2011-08-01,208.0,-9.96,-0.94,False
Cinkassé,Cassava meal (gari),2011-09-01,201.0,-6.94,-0.6,False
Cinkassé,Cassava meal (gari),2011-10-01,204.0,-0.97,0.01,False
Cinkassé,Cassava meal (gari),2011-11-01,210.0,0.96,0.21,False
Cinkassé,Cassava meal (gari),2011-12-01,215.0,6.97,0.76,False
Cinkassé,Cassava meal (gari),2012-01-01,215.0,5.39,0.62,False
Cinkassé,Cassava meal (gari),2012-02-01,210.0,0.0,0.09,False
Cinkassé,Cassava meal (gari),2012-03-01,219.0,1.86,0.26,False
Cinkassé,Cassava meal (gari),2012-04-01,221.0,2.79,0.33,False
Cinkassé,Cassava meal (gari),2012-05-01,215.0,2.38,0.28,False
Cinkassé,Cassava meal (gari),2012-06-01,211.0,-3.65,-0.35,False
Cinkassé,Cassava meal (gari),2012-07-01,211.0,-4.52,-0.45,False
Cinkassé,Cassava meal (gari),2012-08-01,213.0,-0.93,-0.09,False
Cinkassé,Cassava meal (gari),2012-09-01,212.0,0.47,0.04,False
Cinkassé,Cassava meal (gari),2012-10-01,214.0,1.42,0.12,False
Cinkassé,Cassava meal (gari),2012-11-01,208.0,-2.35,-0.25,False
Cinkassé,Cassava meal (gari),2012-12-01,212.0,0.0,0.01,False
Cinkassé,Cassava meal (gari),2013-01-01,245.0,14.49,1.41,False
Cinkassé,Cassava meal (gari),2013-02-01,233.0,12.02,1.14,False
Cinkassé,Cassava meal (gari),2013-03-01,223.0,5.19,0.46,False
Cinkassé,Cassava meal (gari),2013-04-01,221.0,-9.8,-1.14,False
Cinkassé,Cassava meal (gari),2013-05-01,211.0,-9.44,-1.1,False
Cinkassé,Cassava meal (gari),2013-06-01,235.0,5.38,0.48,False
Cinkassé,Cassava meal (gari),2013-07-01,229.0,3.62,0.32,False
Cinkassé,Cassava meal (gari),2013-08-01,268.0,27.01,2.43,True
Cinkassé,Cassava meal (gari),2013-09-01,297.0,26.38,2.24,True
Cinkassé,Cassava meal (gari),2013-10-01,283.0,23.58,1.91,False
Cinkassé,Cassava meal (gari),2013-11-01,278.0,3.73,0.21,False
Cinkassé,Cassava meal (gari),2013-12-01,262.0,-11.78,-1.31,False
Cinkassé,Cassava meal (gari),2014-01-01,261.0,-7.77,-0.86,False
Cinkassé,Cassava meal (gari),2014-02-01,263.0,-5.4,-0.6,False
Cinkassé,Cassava meal (gari),2014-03-01,263.0,0.38,-0.03,False
Cinkassé,Cassava meal (gari),2014-04-01,255.0,-2.3,-0.28,False
Cinkassé,Cassava meal (gari),2014-05-01,253.0,-3.8,-0.43,False
Cinkassé,Cassava meal (gari),2014-06-01,258.0,-1.9,-0.24,False
Cinkassé,Cassava meal (gari),2014-07-01,249.0,-2.35,-0.27,False
Cinkassé,Cassava meal (gari),2014-08-01,243.0,-3.95,-0.41,False
Cinkassé,Cassava meal (gari),2014-09-01,241.0,-6.59,-0.65,False
Cinkassé,Cassava meal (gari),2014-10-01,243.0,-2.41,-0.26,False
Cinkassé,Cassava meal (gari),2014-11-01,224.0,-7.82,-0.81,False
Cinkassé,Cassava meal (gari),2014-12-01,245.0,1.66,0.12,False
Cinkassé,Cassava meal (gari),2015-01-01,256.0,5.35,0.44,False
Cinkassé,Cassava meal (gari),2015-02-01,250.0,11.61,0.99,False
Cinkassé,Cassava meal (gari),2015-03-01,255.0,4.08,0.33,False
Cinkassé,Cassava meal (gari),2015-04-01,242.0,-5.47,-0.58,False
Cinkassé,Cassava meal (gari),2015-05-01,240.0,-4.0,-0.44,False
Cinkassé,Cassava meal (gari),2015-06-01,238.0,-6.67,-0.75,False
Cinkassé,Cassava meal (gari),2015-07-01,239.0,-1.24,-0.15,False
Cinkassé,Cassava meal (gari),2015-08-01,239.0,-0.42,-0.02,False
Cinkassé,Cassava meal (gari),2015-09-01,239.0,0.42,0.12,False
Cinkassé,Cassava meal (gari),2015-10-01,241.0,0.84,0.15,False
Cinkassé,Cassava meal (gari),2015-11-01,242.0,1.26,0.18,False
Cinkassé,Cassava meal (gari),2015-12-01,241.0,0.84,0.1,False
Cinkassé,Cassava meal (gari),2016-01-01,245.0,1.66,0.18,False
Cinkassé,Cassava meal (gari),2016-02-01,208.0,-14.05,-1.92,False
Cinkassé,Cassava meal (gari),2016-03-01,208.0,-13.69,-1.79,False
Cinkassé,Cassava meal (gari),2016-04-01,209.0,-14.69,-1.85,False
Cinkassé,Cassava meal (gari),2016-05-01,227.0,9.13,1.13,False
Cinkassé,Cassava meal (gari),2016-06-01,323.0,55.29,5.24,True
Cinkassé,Cassava meal (gari),2016-07-01,292.0,39.71,3.26,True
Cinkassé,Cassava meal (gari),2016-08-01,308.0,35.68,2.71,True
Cinkassé,Cassava meal (gari),2016-09-01,286.0,-11.46,-1.24,False
Cinkassé,Cassava meal (gari),2016-10-01,295.0,1.03,-0.07,False
Cinkassé,Cassava meal (gari),2016-11-01,290.0,-5.84,-0.69,False
Cinkassé,Cassava meal (gari),2016-12-01,238.0,-16.78,-1.75,False
Cinkassé,Cassava meal (gari),2017-01-01,259.0,-12.2,-1.22,False
Cinkassé,Cassava meal (gari),2017-02-01,276.0,-4.83,-0.5,False
Cinkassé,Cassava meal (gari),2017-03-01,269.0,13.03,0.95,False
Cinkassé,Cassava meal (gari),2017-04-01,275.0,6.18,0.41,False
Cinkassé,Cassava meal (gari),2017-05-01,279.0,1.09,-0.01,False
Cinkassé,Cassava meal (gari),2017-06-01,283.0,5.2,0.33,False
Cinkassé,Cassava meal (gari),2017-07-01,283.0,2.91,0.13,False
Cinkassé,Cassava meal (gari),2017-08-01,287.0,2.87,0.12,False
Cinkassé,Cassava meal (gari),2017-09-01,283.0,0.0,-0.12,False
Cinkassé,Cassava meal (gari),2017-10-01,285.0,0.71,-0.06,False
Cinkassé,Cassava meal (gari),2017-11-01,288.0,0.35,-0.09,False
Cinkassé,Cassava meal (gari),2017-12-01,306.0,8.13,0.53,False
Cinkassé,Cassava meal (gari),2018-01-01,303.0,6.32,0.38,False
Cinkassé,Cassava meal (gari),2018-02-01,300.0,4.17,0.22,False
Cinkassé,Cassava meal (gari),2018-03-01,289.0,-5.56,-0.6,False
Cinkassé,Cassava meal (gari),2018-04-01,296.0,-2.31,-0.3,False
Cinkassé,Cassava meal (gari),2018-05-01,299.0,-0.33,-0.14,False
Cinkassé,Cassava meal (gari),2018-06-01,303.0,4.84,0.28,False
Cinkassé,Cassava meal (gari),2018-07-01,307.0,3.72,0.18,False
Cinkassé,Cassava meal (gari),2018-08-01,304.0,1.67,0.01,False
Cinkassé,Cassava meal (gari),2018-09-01,297.0,-1.98,-0.28,False
Cinkassé,Cassava meal (gari),2018-10-01,295.0,-3.91,-0.43,False
Cinkassé,Cassava meal (gari),2018-11-01,273.0,-10.2,-1.04,False
Cinkassé,Cassava meal (gari),2018-12-01,282.0,-5.05,-0.49,False
Cinkassé,Cassava meal (gari),2019-01-01,282.0,-4.41,-0.44,False
Cinkassé,Cassava meal (gari),2019-02-01,276.0,1.1,0.08,False
Cinkassé,Cassava meal (gari),2019-03-01,280.0,-0.71,-0.1,False
Cinkassé,Cassava meal (gari),2019-04-01,292.0,3.55,0.3,False
Cinkassé,Cassava meal (gari),2019-05-01,287.0,3.99,0.33,False
Cinkassé,Cassava meal (gari),2019-06-01,,3.39,0.27,False
Cinkassé,Cassava meal (gari),2019-07-01,292.0,0.0,-0.06,False
Cinkassé,Cassava meal (gari),2019-08-01,279.0,-2.79,-0.33,False
Cinkassé,Cassava meal (gari),2019-09-01,286.0,-1.21,-0.18,False
Cinkassé,Cassava meal (gari),2019-10-01,291.0,-0.34,-0.11,False
Cinkassé,Cassava meal (gari),2019-11-01,249.0,-10.75,-1.17,False
Cinkassé,Cassava meal (gari),2019-12-01,240.0,-16.08,-1.74,False
Cinkassé,Cassava meal (gari),2020-01-01,240.0,-17.53,-1.83,False
Cinkassé,Cassava meal (gari),2020-02-01,243.0,-2.41,-0.22,False
Cinkassé,Cassava meal (gari),2020-03-01,241.0,0.42,0.06,False
Cinkassé,Cassava meal (gari),2020-04-01,255.0,6.25,0.58,False
Cinkassé,Cassava meal (gari),2020-05-01,242.0,-0.41,-0.03,False
Cinkassé,Cassava meal (gari),2020-06-01,301.0,24.9,2.03,True
Cinkassé,Cassava meal (gari),2020-07-01,282.0,10.59,0.85,False
Cinkassé,Cassava meal (gari),2020-08-01,322.0,33.06,2.46,True
Cinkassé,Cassava meal (gari),2020-09-01,325.0,7.97,0.55,False
Cinkassé,Cassava meal (gari),2020-10-01,280.0,-0.71,-0.17,False
Cinkassé,Cassava meal (gari),2020-11-01,,-10.97,-1.08,False
Cinkassé,Cassava meal (gari),2020-12-01,,-9.74,-0.94,False
Cinkassé,Cassava meal (gari),2021-01-01,300.0,7.14,0.5,False
Cinkassé,Cassava meal (gari),2021-02-01,278.0,-3.02,-0.33,False
Cinkassé,Cassava meal (gari),2021-03-01,304.0,3.64,0.2,False
Cinkassé,Cassava meal (gari),2021-04-01,304.0,1.33,-0.01,False
Cinkassé,Cassava meal (gari),2021-05-01,395.0,42.09,2.89,True
Cinkassé,Cassava meal (gari),2021-06-01,400.0,31.58,2.05,True
Cinkassé,Cassava meal (gari),2021-07-01,399.0,31.25,2.2,True
Cinkassé,Cassava meal (gari),2021-08-01,400.0,1.27,-0.05,False
Cinkassé,Cassava meal (gari),2021-09-01,420.0,5.0,0.34,False
Cinkassé,Cassava meal (gari),2021-10-01,415.0,4.01,0.22,False
Cinkassé,Cassava meal (gari),2021-11-01,400.0,0.0,-0.16,False
Cinkassé,Cassava meal (gari),2021-12-01,415.0,-1.19,-0.28,False
Cinkassé,Cassava meal (gari),2022-01-01,440.0,6.02,0.38,False
Cinkassé,Cassava meal (gari),2022-02-01,439.0,9.75,0.7,False
Cinkassé,Cassava meal (gari),2022-03-01,440.0,6.02,0.33,False
Cinkassé,Cassava meal (gari),2022-04-01,440.0,0.0,-0.25,False
Cinkassé,Cassava meal (gari),2022-05-01,430.0,-2.05,-0.45,False
Cinkassé,Cassava meal (gari),2022-06-01,335.0,-23.86,-3.01,False
Cinkassé,Maize (white),2003-04-01,98.0,-1.01,-0.0,False
Cinkassé,Maize (white),2003-05-01,82.0,-15.46,-0.52,False
Cinkassé,Maize (white),2003-06-01,89.0,-8.25,-0.23,False
Cinkassé,Maize (white),2003-07-01,71.0,-27.55,-1.02,False
Cinkassé,Maize (white),2003-08-01,69.0,-15.85,-0.48,False
Cinkassé,Maize (white),2003-09-01,75.0,-15.73,-0.47,False
Cinkassé,Maize (white),2003-10-01,57.0,-19.72,-0.63,False
Cinkassé,Maize (white),2003-11-01,59.0,-14.49,-0.39,False
Cinkassé,Maize (white),2003-12-01,63.0,-16.0,-0.45,False
Cinkassé,Maize (white),2004-01-01,65.0,14.04,0.65,False
Cinkassé,Maize (white),2004-02-01,66.0,11.86,0.57,False
Cinkassé,Maize (white),2004-03-01,69.0,9.52,0.48,False
Cinkassé,Maize (white),2004-04-01,79.0,21.54,0.86,False
Cinkassé,Maize (white),2004-05-01,77.0,16.67,0.69,False
Cinkassé,Maize (white),2004-06-01,89.0,28.99,1.05,False
Cinkassé,Maize (white),2004-07-01,101.0,27.85,0.99,False
Cinkassé,Maize (white),2004-08-01,130.0,68.83,2.0,True
Cinkassé,Maize (white),2004-09-01,112.0,25.84,0.83,False
Cinkassé,Maize (white),2004-10-01,101.0,0.0,-0.02,False
Cinkassé,Maize (white),2004-11-01,103.0,-20.77,-0.87,False
Cinkassé,Maize (white),2004-12-01,105.0,-6.25,-0.24,False
Cinkassé,Maize (white),2005-01-01,107.0,5.94,0.22,False
Cinkassé,Maize (white),2005-02-01,109.0,5.83,0.21,False
Cinkassé,Maize (white),2005-03-01,138.0,31.43,1.03,False
Cinkassé,Maize (white),2005-04-01,153.0,42.99,1.33,False
Cinkassé,Maize (white),2005-05-01,184.0,68.81,1.92,False
Cinkassé,Maize (white),2005-06-01,221.0,60.14,1.64,False
Cinkassé,Maize (white),2005-07-01,274.0,79.08,1.98,False
Cinkassé,Maize (white),2005-08-01,249.0,35.33,0.91,False
Cinkassé,Maize (white),2005-09-01,190.0,-14.03,-0.7,False
Cinkassé,Maize (white),2005-10-01,129.0,-52.92,-2.82,False
Cinkassé,Maize (white),2005-11-01,126.0,-49.4,-2.37,False
Cinkassé,Maize (white),2005-12-01,130.0,-31.58,-1.27,False
Cinkassé,Maize (white),2006-01-01,108.0,-16.28,-0.6,False
Cinkassé,Maize (white),2006-02-01,118.0,-6.35,-0.23,False
Cinkassé,Maize (white),2006-03-01,125.0,-3.85,-0.15,False
Cinkassé,Maize (white),2006-04-01,134.0,24.07,0.69,False
Cinkassé,Maize (white),2006-05-01,104.0,-11.86,-0.43,False
Cinkassé,Maize (white),2006-06-01,108.0,-13.6,-0.48,False
Cinkassé,Maize (white),2006-07-01,119.0,-11.19,-0.38,False
Cinkassé,Maize (white),2006-08-01,130.0,25.0,0.75,False
Cinkassé,Maize (white),2006-09-01,125.0,15.74,0.51,False
Cinkassé,Maize (white),2006-10-01,127.0,6.72,0.21,False
Cinkassé,Maize (white),2006-11-01,125.0,-3.85,-0.16,False
Cinkassé,Maize (white),2006-12-01,135.0,8.0,0.22,False
Cinkassé,Maize (white),2007-01-01,93.0,-26.77,-1.09,False
Cinkassé,Maize (white),2007-02-01,105.0,-16.0,-0.58,False
Cinkassé,Maize (white),2007-03-01,100.0,-25.93,-1.0,False
Cinkassé,Maize (white),2007-04-01,88.0,-5.38,-0.16,False
Cinkassé,Maize (white),2007-05-01,84.0,-20.0,-0.75,False
Cinkassé,Maize (white),2007-06-01,86.0,-14.0,-0.51,False
Cinkassé,Maize (white),2007-07-01,90.0,2.27,0.14,False
Cinkassé,Maize (white),2007-08-01,95.0,13.1,0.53,False
Cinkassé,Maize (white),2007-09-01,121.0,40.7,1.37,False
Cinkassé,Maize (white),2007-10-01,125.0,38.89,1.27,False
Cinkassé,Maize (white),2007-11-01,135.0,42.11,1.33,False
Cinkassé,Maize (white),2007-12-01,132.0,9.09,0.29,False
Cinkassé,Maize (white),2008-01-01,157.0,25.6,0.81,False
Cinkassé,Maize (white),2008-02-01,173.0,28.15,0.87,False
Cinkassé,Maize (white),2008-03-01,189.0,43.18,1.26,False
Cinkassé,Maize (white),2008-04-01,183.0,16.56,0.46,False
Cinkassé,Maize (white),2008-05-01,212.0,22.54,0.63,False
Cinkassé,Maize (white),2008-06-01,215.0,13.76,0.34,False
Cinkassé,Maize (white),2008-07-01,218.0,19.13,0.5,False
Cinkassé,Maize (white),2008-08-01,244.0,15.09,0.34,False
Cinkassé,Maize (white),2008-09-01,199.0,-7.44,-0.5,False
Cinkassé,Maize (white),2008-10-01,149.0,-31.65,-1.65,False
Cinkassé,Maize (white),2008-11-01,153.0,-37.3,-1.94,False
Cinkassé,Maize (white),2008-12-01,145.0,-27.14,-1.33,False
Cinkassé,Maize (white),2009-01-01,160.0,7.38,0.09,False
Cinkassé,Maize (white),2009-02-01,163.0,6.54,0.07,False
Cinkassé,Maize (white),2009-03-01,169.0,16.55,0.39,False
Cinkassé,Maize (white),2009-04-01,173.0,8.13,0.12,False
Cinkassé,Maize (white),2009-05-01,163.0,0.0,-0.16,False
Cinkassé,Maize (white),2009-06-01,172.0,1.78,-0.08,False
Cinkassé,Maize (white),2009-07-01,175.0,1.16,-0.09,False
Cinkassé,Maize (white),2009-08-01,174.0,6.75,0.12,False
Cinkassé,Maize (white),2009-09-01,142.0,-17.44,-0.81,False
Cinkassé,Maize (white),2009-10-01,133.0,-24.0,-1.1,False
Cinkassé,Maize (white),2009-11-01,127.0,-27.01,-1.22,False
Cinkassé,Maize (white),2009-12-01,147.0,3.52,0.08,False
Cinkassé,Maize (white),2010-01-01,149.0,12.03,0.37,False
Cinkassé,Maize (white),2010-02-01,136.0,7.09,0.2,False
Cinkassé,Maize (white),2010-03-01,144.0,-2.04,-0.13,False
Cinkassé,Maize (white),2010-04-01,150.0,0.67,-0.01,False
Cinkassé,Maize (white),2010-05-01,149.0,9.56,0.33,False
Cinkassé,Maize (white),2010-06-01,136.0,-5.56,-0.21,False
Cinkassé,Maize (white),2010-07-01,132.0,-12.0,-0.47,False
Cinkassé,Maize (white),2010-08-01,135.0,-9.4,-0.32,False
Cinkassé,Maize (white),2010-09-01,128.0,-5.88,-0.13,False
Cinkassé,Maize (white),2010-10-01,116.0,-12.12,-0.43,False
Cinkassé,Maize (white),2010-11-01,110.0,-18.52,-0.88,False
Cinkassé,Maize (white),2010-12-01,129.0,0.78,0.09,False
Cinkassé,Maize (white),2011-01-01,136.0,17.24,0.87,False
Cinkassé,Maize (white),2011-02-01,144.0,30.91,1.42,False
Cinkassé,Maize (white),2011-03-01,143.0,10.85,0.5,False
Cinkassé,Maize (white),2011-04-01,134.0,-1.47,-0.13,False
Cinkassé,Maize (white),2011-05-01,144.0,0.0,-0.03,False
Cinkassé,Maize (white),2011-06-01,180.0,25.87,1.18,False
Cinkassé,Maize (white),2011-07-01,183.0,36.57,1.57,False
Cinkassé,Maize (white),2011-08-01,177.0,22.92,0.96,False
Cinkassé,Maize (white),2011-09-01,168.0,-6.67,-0.47,False
Cinkassé,Maize (white),2011-10-01,165.0,-9.84,-0.63,False
Cinkassé,Maize (white),2011-11-01,142.0,-19.77,-1.22,False
Cinkassé,Maize (white),2011-12-01,156.0,-7.14,-0.44,False
Cinkassé,Maize (white),2012-01-01,160.0,-3.03,-0.2,False
Cinkassé,Maize (white),2012-02-01,162.0,14.08,0.62,False
Cinkassé,Maize (white),2012-03-01,156.0,0.0,-0.1,False
Cinkassé,Maize (white),2012-04-01,164.0,2.5,0.01,False
Cinkassé,Maize (white),2012-05-01,172.0,6.17,0.19,False
Cinkassé,Maize (white),2012-06-01,189.0,21.15,0.89,False
Cinkassé,Maize (white),2012-07-01,202.0,23.17,0.95,False
Cinkassé,Maize (white),2012-08-01,189.0,9.88,0.3,False
Cinkassé,Maize (white),2012-09-01,183.0,-3.17,-0.39,False
Cinkassé,Maize (white),2012-10-01,170.0,-15.84,-1.14,False
Cinkassé,Maize (white),2012-11-01,162.0,-14.29,-1.01,False
Cinkassé,Maize (white),2012-12-01,162.0,-11.48,-0.8,False
Cinkassé,Maize (white),2013-01-01,166.0,-2.35,-0.2,False
Cinkassé,Maize (white),2013-02-01,166.0,2.47,0.1,False
Cinkassé,Maize (white),2013-03-01,167.0,3.09,0.16,False
Cinkassé,Maize (white),2013-04-01,154.0,-7.23,-0.45,False
Cinkassé,Maize (white),2013-05-01,147.0,-11.45,-0.72,False
Cinkassé,Maize (white),2013-06-01,149.0,-10.78,-0.65,False
Cinkassé,Maize (white),2013-07-01,150.0,-2.6,-0.07,False
Cinkassé,Maize (white),2013-08-01,155.0,5.44,0.46,False
Cinkassé,Maize (white),2013-09-01,163.0,9.4,0.71,False
Cinkassé,Maize (white),2013-10-01,132.0,-12.0,-0.71,False
Cinkassé,Maize (white),2013-11-01,126.0,-18.71,-1.31,False
Cinkassé,Maize (white),2013-12-01,126.0,-22.7,-1.8,False
Cinkassé,Maize (white),2014-01-01,124.0,-6.06,-0.4,False
Cinkassé,Maize (white),2014-02-01,131.0,3.97,0.36,False
Cinkassé,Maize (white),2014-03-01,126.0,0.0,0.08,False
Cinkassé,Maize (white),2014-04-01,128.0,3.23,0.33,False
Cinkassé,Maize (white),2014-05-01,112.0,-14.5,-1.07,False
Cinkassé,Maize (white),2014-06-01,122.0,-3.17,-0.12,False
Cinkassé,Maize (white),2014-07-01,117.0,-8.59,-0.54,False
Cinkassé,Maize (white),2014-08-01,126.0,12.5,1.01,False
Cinkassé,Maize (white),2014-09-01,117.0,-4.1,-0.18,False
Cinkassé,Maize (white),2014-10-01,110.0,-5.98,-0.35,False
Cinkassé,Maize (white),2014-11-01,114.0,-9.52,-0.68,False
Cinkassé,Maize (white),2014-12-01,125.0,6.84,0.6,False
Cinkassé,Maize (white),2015-01-01,127.0,15.45,1.22,False
Cinkassé,Maize (white),2015-02-01,127.0,11.4,0.92,False
Cinkassé,Maize (white),2015-03-01,130.0,4.0,0.36,False
Cinkassé,Maize (white),2015-04-01,126.0,-0.79,-0.02,False
Cinkassé,Maize (white),2015-05-01,170.0,33.86,2.37,True
Cinkassé,Maize (white),2015-06-01,159.0,22.31,1.56,False
Cinkassé,Maize (white),2015-07-01,173.0,37.3,2.37,True
Cinkassé,Maize (white),2015-08-01,177.0,4.12,0.22,False
Cinkassé,Maize (white),2015-09-01,194.0,22.01,1.36,False
Cinkassé,Maize (white),2015-10-01,174.0,0.58,-0.07,False
Cinkassé,Maize (white),2015-11-01,144.0,-18.64,-1.63,False
Cinkassé,Maize (white),2015-12-01,153.0,-21.13,-1.85,False
Cinkassé,Maize (white),2016-01-01,164.0,-5.75,-0.52,False
Cinkassé,Maize (white),2016-02-01,164.0,13.89,0.85,False
Cinkassé,Maize (white),2016-03-01,174.0,13.73,0.88,False
Cinkassé,Maize (white),2016-04-01,168.0,2.44,0.11,False
Cinkassé,Maize (white),2016-05-01,165.0,0.61,-0.02,False
Cinkassé,Maize (white),2016-06-01,180.0,3.45,0.18,False
Cinkassé,Maize (white),2016-07-01,171.0,1.79,0.09,False
Cinkassé,Maize (white),2016-08-01,151.0,-8.48,-0.7,False
Cinkassé,Maize (white),2016-09-01,123.0,-31.67,-2.98,False
Cinkassé,Maize (white),2016-10-01,116.0,-32.16,-2.8,False
Cinkassé,Maize (white),2016-11-01,107.0,-29.14,-2.31,False
Cinkassé,Maize (white),2016-12-01,109.0,-11.38,-0.71,False
Cinkassé,Maize (white),2017-01-01,97.0,-16.38,-1.1,False
Cinkassé,Maize (white),2017-02-01,105.0,-1.87,0.0,False
Cinkassé,Maize (white),2017-03-01,110.0,0.92,0.21,False
Cinkassé,Maize (white),2017-04-01,112.0,15.46,1.12,False
Cinkassé,Maize (white),2017-05-01,137.0,30.48,1.91,False
Cinkassé,Maize (white),2017-06-01,138.0,25.45,1.58,False
Cinkassé,Maize (white),2017-07-01,135.0,20.54,1.31,False
Cinkassé,Maize (white),2017-08-01,161.0,17.52,1.15,False
Cinkassé,Maize (white),2017-09-01,134.0,-2.9,-0.1,False
Cinkassé,Maize (white),2017-10-01,120.0,-11.11,-0.67,False
Cinkassé,Maize (white),2017-11-01,124.0,-22.98,-1.61,False
Cinkassé,Maize (white),2017-12-01,140.0,4.48,0.38,False
Cinkassé,Maize (white),2018-01-01,141.0,17.5,1.12,False
Cinkassé,Maize (white),2018-02-01,149.0,20.16,1.23,False
Cinkassé,Maize (white),2018-03-01,160.0,14.29,0.88,False
Cinkassé,Maize (white),2018-04-01,160.0,13.48,0.82,False
Cinkassé,Maize (white),2018-05-01,162.0,8.72,0.53,False
Cinkassé,Maize (white),2018-06-01,161.0,0.63,0.03,False
Cinkassé,Maize (white),2018-07-01,167.0,4.38,0.25,False
Cinkassé,Maize (white),2018-08-01,155.0,-4.32,-0.31,False
Cinkassé,Maize (white),2018-09-01,141.0,-12.42,-0.85,False
Cinkassé,Maize (white),2018-10-01,114.0,-31.74,-2.38,False
Cinkassé,Maize (white),2018-11-01,118.0,-23.87,-1.6,False
Cinkassé,Maize (white),2018-12-01,124.0,-12.06,-0.73,False
Cinkassé,Maize (white),2019-01-01,123.0,7.89,0.48,False
Cinkassé,Maize (white),2019-02-01,123.0,4.24,0.26,False
Cinkassé,Maize (white),2019-03-01,131.0,5.65,0.34,False
Cinkassé,Maize (white),2019-04-01,122.0,-0.81,-0.05,False
Cinkassé,Maize (white),2019-05-01,123.0,0.0,0.01,False
Cinkassé,Maize (white),2019-06-01,,-11.07,-0.72,False
Cinkassé,Maize (white),2019-07-01,110.0,-9.84,-0.62,False
Cinkassé,Maize (white),2019-08-01,114.0,-7.32,-0.46,False
Cinkassé,Maize (white),2019-09-01,110.0,-5.58,-0.33,False
Cinkassé,Maize (white),2019-10-01,106.0,-3.64,-0.2,False
Cinkassé,Maize (white),2019-11-01,106.0,-7.02,-0.42,False
Cinkassé,Maize (white),2019-12-01,110.0,0.0,0.02,False
Cinkassé,Maize (white),2020-01-01,132.0,24.53,1.35,False
Cinkassé,Maize (white),2020-02-01,132.0,24.53,1.33,False
Cinkassé,Maize (white),2020-03-01,135.0,22.73,1.22,False
Cinkassé,Maize (white),2020-04-01,135.0,2.27,0.12,False
Cinkassé,Maize (white),2020-05-01,130.0,-1.52,-0.1,False
Cinkassé,Maize (white),2020-06-01,135.0,0.0,0.02,False
Cinkassé,Maize (white),2020-07-01,141.0,4.44,0.3,False
Cinkassé,Maize (white),2020-08-01,153.0,17.69,1.1,False
Cinkassé,Maize (white),2020-09-01,150.0,11.11,0.71,False
Cinkassé,Maize (white),2020-10-01,140.0,-0.71,0.02,False
Cinkassé,Maize (white),2020-11-01,,-8.28,-0.48,False
Cinkassé,Maize (white),2020-12-01,,-6.22,-0.36,False
Cinkassé,Maize (white),2021-01-01,141.0,0.71,0.08,False
Cinkassé,Maize (white),2021-02-01,180.0,28.27,1.65,False
Cinkassé,Maize (white),2021-03-01,190.0,35.07,1.94,False
Cinkassé,Maize (white),2021-04-01,250.0,77.3,3.57,True
Cinkassé,Maize (white),2021-05-01,250.0,38.89,1.81,False
Cinkassé,Maize (white),2021-06-01,250.0,31.58,1.43,False
Cinkassé,Maize (white),2021-07-01,255.0,2.0,0.0,False
Cinkassé,Maize (white),2021-08-01,255.0,2.0,0.0,False
Cinkassé,Maize (white),2021-09-01,245.0,-2.0,-0.22,False
Cinkassé,Maize (white),2021-10-01,240.0,-5.88,-0.5,False
Cinkassé,Maize (white),2021-11-01,210.0,-17.65,-1.35,False
Cinkassé,Maize (white),2021-12-01,245.0,0.0,-0.21,False
Cinkassé,Maize (white),2022-01-01,242.0,0.83,-0.18,False
Cinkassé,Maize (white),2022-02-01,255.0,21.43,0.97,False
Cinkassé,Maize (white),2022-03-01,255.0,4.08,-0.02,False
Cinkassé,Maize (white),2022-04-01,269.0,11.16,0.38,False
Cinkassé,Maize (white),2022-05-01,265.0,3.92,-0.03,False
Cinkassé,Maize (white),2022-06-01,260.0,1.96,-0.13,False
Cinkassé,Rice (imported),2003-04-01,301.0,0.0,-0.26,False
Cinkassé,Rice (imported),2003-05-01,305.0,1.33,-0.1,False
Cinkassé,Rice (imported),2003-06-01,305.0,0.99,-0.14,False
Cinkassé,Rice (imported),2003-07-01,336.0,11.63,1.09,False
Cinkassé,Rice (imported),2003-08-01,308.0,0.98,-0.17,False
Cinkassé,Rice (imported),2003-09-01,290.0,-4.92,-0.92,False
Cinkassé,Rice (imported),2003-10-01,280.0,-16.67,-2.54,False
Cinkassé,Rice (imported),2003-11-01,243.0,-21.1,-2.9,False
Cinkassé,Rice (imported),2003-12-01,255.0,-12.07,-1.41,False
Cinkassé,Rice (imported),2004-01-01,258.0,-7.86,-0.86,False
Cinkassé,Rice (imported),2004-02-01,290.0,19.34,1.82,False
Cinkassé,Rice (imported),2004-03-01,280.0,9.8,0.88,False
Cinkassé,Rice (imported),2004-04-01,282.0,9.3,0.81,False
Cinkassé,Rice (imported),2004-05-01,268.0,-7.59,-0.89,False
Cinkassé,Rice (imported),2004-06-01,275.0,-1.79,-0.26,False
Cinkassé,Rice (imported),2004-07-01,293.0,3.9,0.32,False
Cinkassé,Rice (imported),2004-08-01,282.0,5.22,0.45,False
Cinkassé,Rice (imported),2004-09-01,280.0,1.82,0.1,False
Cinkassé,Rice (imported),2004-10-01,279.0,-4.78,-0.61,False
Cinkassé,Rice (imported),2004-11-01,293.0,3.9,0.33,False
Cinkassé,Rice (imported),2004-12-01,290.0,3.57,0.29,False
Cinkassé,Rice (imported),2005-01-01,297.0,6.45,0.58,False
Cinkassé,Rice (imported),2005-02-01,305.0,4.1,0.33,False
Cinkassé,Rice (imported),2005-03-01,310.0,6.9,0.62,False
Cinkassé,Rice (imported),2005-04-01,299.0,0.67,-0.06,False
Cinkassé,Rice (imported),2005-05-01,295.0,-3.28,-0.51,False
Cinkassé,Rice (imported),2005-06-01,305.0,-1.61,-0.31,False
Cinkassé,Rice (imported),2005-07-01,303.0,1.34,0.03,False
Cinkassé,Rice (imported),2005-08-01,300.0,1.69,0.07,False
Cinkassé,Rice (imported),2005-09-01,299.0,-1.97,-0.35,False
Cinkassé,Rice (imported),2005-10-01,283.0,-6.6,-0.92,False
Cinkassé,Rice (imported),2005-11-01,282.0,-6.0,-0.83,False
Cinkassé,Rice (imported),2005-12-01,309.0,3.34,0.3,False
Cinkassé,Rice (imported),2006-01-01,316.0,11.66,1.22,False
Cinkassé,Rice (imported),2006-02-01,310.0,9.93,1.01,False
Cinkassé,Rice (imported),2006-03-01,296.0,-4.21,-0.64,False
Cinkassé,Rice (imported),2006-04-01,316.0,0.0,-0.12,False
Cinkassé,Rice (imported),2006-05-01,310.0,0.0,-0.07,False
Cinkassé,Rice (imported),2006-06-01,311.0,5.07,0.65,False
Cinkassé,Rice (imported),2006-07-01,299.0,-5.38,-0.8,False
Cinkassé,Rice (imported),2006-08-01,336.0,8.39,1.08,False
Cinkassé,Rice (imported),2006-09-01,323.0,3.86,0.5,False
Cinkassé,Rice (imported),2006-10-01,320.0,7.02,0.94,False
Cinkassé,Rice (imported),2006-11-01,319.0,-5.06,-0.74,False
Cinkassé,Rice (imported),2006-12-01,325.0,0.62,0.08,False
Cinkassé,Rice (imported),2007-01-01,315.0,-1.56,-0.26,False
Cinkassé,Rice (imported),2007-02-01,302.0,-5.33,-0.86,False
Cinkassé,Rice (imported),2007-03-01,300.0,-7.69,-1.2,False
Cinkassé,Rice (imported),2007-04-01,300.0,-4.76,-0.71,False
Cinkassé,Rice (imported),2007-05-01,302.0,0.0,0.02,False
Cinkassé,Rice (imported),2007-06-01,302.0,0.67,0.12,False
Cinkassé,Rice (imported),2007-07-01,302.0,0.67,0.12,False
Cinkassé,Rice (imported),2007-08-01,309.0,2.32,0.36,False
Cinkassé,Rice (imported),2007-09-01,300.0,-0.66,-0.08,False
Cinkassé,Rice (imported),2007-10-01,318.0,5.3,0.77,False
Cinkassé,Rice (imported),2007-11-01,302.0,-2.27,-0.32,False
Cinkassé,Rice (imported),2007-12-01,318.0,6.0,0.85,False
Cinkassé,Rice (imported),2008-01-01,308.0,-3.14,-0.47,False
Cinkassé,Rice (imported),2008-02-01,315.0,4.3,0.59,False
Cinkassé,Rice (imported),2008-03-01,338.0,6.29,0.86,False
Cinkassé,Rice (imported),2008-04-01,362.0,17.53,2.29,True
Cinkassé,Rice (imported),2008-05-01,385.0,22.22,2.7,True
Cinkassé,Rice (imported),2008-06-01,363.0,7.4,0.82,False
Cinkassé,Rice (imported),2008-07-01,340.0,-6.08,-0.94,False
Cinkassé,Rice (imported),2008-08-01,490.0,27.27,3.07,True
Cinkassé,Rice (imported),2008-09-01,426.0,17.36,1.82,False
Cinkassé,Rice (imported),2008-10-01,416.0,22.35,2.23,True
Cinkassé,Rice (imported),2008-11-01,405.0,-17.35,-2.54,False
Cinkassé,Rice (imported),2008-12-01,410.0,-3.76,-0.74,False
Cinkassé,Rice (imported),2009-01-01,439.0,5.53,0.39,False
Cinkassé,Rice (imported),2009-02-01,488.0,20.49,2.07,True
Cinkassé,Rice (imported),2009-03-01,465.0,13.41,1.28,False
Cinkassé,Rice (imported),2009-04-01,490.0,11.62,1.07,False
Cinkassé,Rice (imported),2009-05-01,477.0,-2.25,-0.62,False
Cinkassé,Rice (imported),2009-06-01,461.0,-0.86,-0.46,False
Cinkassé,Rice (imported),2009-07-01,493.0,0.61,-0.27,False
Cinkassé,Rice (imported),2009-08-01,490.0,2.73,-0.0,False
Cinkassé,Rice (imported),2009-09-01,434.0,-5.86,-1.11,False
Cinkassé,Rice (imported),2009-10-01,421.0,-14.6,-2.32,False
Cinkassé,Rice (imported),2009-11-01,417.0,-14.9,-2.26,False
Cinkassé,Rice (imported),2009-12-01,419.0,-3.46,-0.65,False
Cinkassé,Rice (imported),2010-01-01,443.0,5.23,0.38,False
Cinkassé,Rice (imported),2010-02-01,447.0,7.19,0.6,False
Cinkassé,Rice (imported),2010-03-01,450.0,7.4,0.61,False
Cinkassé,Rice (imported),2010-04-01,470.0,6.09,0.47,False
Cinkassé,Rice (imported),2010-05-01,462.0,3.36,0.15,False
Cinkassé,Rice (imported),2010-06-01,467.0,3.78,0.19,False
Cinkassé,Rice (imported),2010-07-01,418.0,-11.06,-1.63,False
Cinkassé,Rice (imported),2010-08-01,481.0,4.11,0.23,False
Cinkassé,Rice (imported),2010-09-01,443.0,-5.14,-0.84,False
Cinkassé,Rice (imported),2010-10-01,426.0,1.91,-0.01,False
Cinkassé,Rice (imported),2010-11-01,425.0,-11.64,-1.67,False
Cinkassé,Rice (imported),2010-12-01,425.0,-4.06,-0.7,False
Cinkassé,Rice (imported),2011-01-01,451.0,5.87,0.43,False
Cinkassé,Rice (imported),2011-02-01,446.0,4.94,0.34,False
Cinkassé,Rice (imported),2011-03-01,451.0,6.12,0.48,False
Cinkassé,Rice (imported),2011-04-01,435.0,-3.55,-0.63,False
Cinkassé,Rice (imported),2011-05-01,438.0,-1.79,-0.42,False
Cinkassé,Rice (imported),2011-06-01,430.0,-4.66,-0.75,False
Cinkassé,Rice (imported),2011-07-01,429.0,-1.38,-0.35,False
Cinkassé,Rice (imported),2011-08-01,444.0,1.37,-0.04,False
Cinkassé,Rice (imported),2011-09-01,454.0,5.58,0.44,False
Cinkassé,Rice (imported),2011-10-01,468.0,9.09,0.81,False
Cinkassé,Rice (imported),2011-11-01,416.0,-6.31,-0.94,False
Cinkassé,Rice (imported),2011-12-01,463.0,1.98,0.04,False
Cinkassé,Rice (imported),2012-01-01,450.0,-3.85,-0.64,False
Cinkassé,Rice (imported),2012-02-01,447.0,7.45,0.63,False
Cinkassé,Rice (imported),2012-03-01,441.0,-4.75,-0.77,False
Cinkassé,Rice (imported),2012-04-01,458.0,1.78,-0.01,False
Cinkassé,Rice (imported),2012-05-01,427.0,-4.47,-0.76,False
Cinkassé,Rice (imported),2012-06-01,445.0,0.91,-0.12,False
Cinkassé,Rice (imported),2012-07-01,454.0,-0.87,-0.32,False
Cinkassé,Rice (imported),2012-08-01,466.0,9.13,0.79,False
Cinkassé,Rice (imported),2012-09-01,451.0,1.35,-0.08,False
Cinkassé,Rice (imported),2012-10-01,450.0,-0.88,-0.34,False
Cinkassé,Rice (imported),2012-11-01,447.0,-4.08,-0.7,False
Cinkassé,Rice (imported),2012-12-01,453.0,0.44,-0.17,False
Cinkassé,Rice (imported),2013-01-01,466.0,3.56,0.19,False
Cinkassé,Rice (imported),2013-02-01,454.0,1.57,-0.04,False
Cinkassé,Rice (imported),2013-03-01,459.0,1.32,-0.07,False
Cinkassé,Rice (imported),2013-04-01,443.0,-4.94,-0.79,False
Cinkassé,Rice (imported),2013-05-01,433.0,-4.63,-0.73,False
Cinkassé,Rice (imported),2013-06-01,440.0,-4.14,-0.64,False
Cinkassé,Rice (imported),2013-07-01,431.0,-2.71,-0.44,False
Cinkassé,Rice (imported),2013-08-01,430.0,-0.69,-0.2,False
Cinkassé,Rice (imported),2013-09-01,423.0,-3.86,-0.59,False
Cinkassé,Rice (imported),2013-10-01,392.0,-9.05,-1.32,False
Cinkassé,Rice (imported),2013-11-01,412.0,-4.19,-0.57,False
Cinkassé,Rice (imported),2013-12-01,393.0,-7.09,-1.12,False
Cinkassé,Rice (imported),2014-01-01,417.0,6.38,0.97,False
Cinkassé,Rice (imported),2014-02-01,405.0,-1.7,-0.24,False
Cinkassé,Rice (imported),2014-03-01,424.0,7.89,1.32,False
Cinkassé,Rice (imported),2014-04-01,403.0,-3.36,-0.48,False
Cinkassé,Rice (imported),2014-05-01,404.0,-0.25,0.09,False
Cinkassé,Rice (imported),2014-06-01,417.0,-1.65,-0.16,False
Cinkassé,Rice (imported),2014-07-01,402.0,-0.25,0.09,False
Cinkassé,Rice (imported),2014-08-01,413.0,2.23,0.52,False
Cinkassé,Rice (imported),2014-09-01,401.0,-3.84,-0.54,False
Cinkassé,Rice (imported),2014-10-01,405.0,0.75,0.26,False
Cinkassé,Rice (imported),2014-11-01,410.0,-0.73,-0.05,False
Cinkassé,Rice (imported),2014-12-01,416.0,3.74,0.79,False
Cinkassé,Rice (imported),2015-01-01,408.0,0.74,0.17,False
Cinkassé,Rice (imported),2015-02-01,406.0,-0.98,-0.16,False
Cinkassé,Rice (imported),2015-03-01,406.0,-2.4,-0.44,False
Cinkassé,Rice (imported),2015-04-01,402.0,-1.47,-0.21,False
Cinkassé,Rice (imported),2015-05-01,411.0,1.23,0.39,False
Cinkassé,Rice (imported),2015-06-01,406.0,0.0,0.14,False
Cinkassé,Rice (imported),2015-07-01,410.0,1.99,0.58,False
Cinkassé,Rice (imported),2015-08-01,417.0,1.46,0.44,False
Cinkassé,Rice (imported),2015-09-01,412.0,1.48,0.45,False
Cinkassé,Rice (imported),2015-10-01,406.0,-0.98,-0.14,False
Cinkassé,Rice (imported),2015-11-01,407.0,-2.4,-0.46,False
Cinkassé,Rice (imported),2015-12-01,401.0,-2.67,-0.61,False
Cinkassé,Rice (imported),2016-01-01,441.0,8.62,2.13,True
Cinkassé,Rice (imported),2016-02-01,386.0,-5.16,-1.25,False
Cinkassé,Rice (imported),2016-03-01,380.0,-5.24,-1.23,False
Cinkassé,Rice (imported),2016-04-01,375.0,-14.97,-3.87,False
Cinkassé,Rice (imported),2016-05-01,382.0,-1.04,-0.06,False
Cinkassé,Rice (imported),2016-06-01,381.0,0.26,0.23,False
Cinkassé,Rice (imported),2016-07-01,371.0,-1.07,-0.09,False
Cinkassé,Rice (imported),2016-08-01,387.0,1.31,0.44,False
Cinkassé,Rice (imported),2016-09-01,375.0,-1.57,-0.2,False
Cinkassé,Rice (imported),2016-10-01,378.0,1.89,0.6,False
Cinkassé,Rice (imported),2016-11-01,395.0,2.07,0.7,False
Cinkassé,Rice (imported),2016-12-01,435.0,16.0,3.73,True
Cinkassé,Rice (imported),2017-01-01,455.0,20.37,4.12,True
Cinkassé,Rice (imported),2017-02-01,442.0,11.9,2.18,True
Cinkassé,Rice (imported),2017-03-01,455.0,4.6,0.86,False
Cinkassé,Rice (imported),2017-04-01,462.0,1.54,0.28,False
Cinkassé,Rice (imported),2017-05-01,469.0,6.11,1.1,False
Cinkassé,Rice (imported),2017-06-01,470.0,3.3,0.56,False
Cinkassé,Rice (imported),2017-07-01,477.0,3.25,0.55,False
Cinkassé,Rice (imported),2017-08-01,469.0,0.0,-0.06,False
Cinkassé,Rice (imported),2017-09-01,477.0,1.49,0.25,False
Cinkassé,Rice (imported),2017-10-01,469.0,-1.68,-0.36,False
Cinkassé,Rice (imported),2017-11-01,469.0,0.0,-0.03,False
Cinkassé,Rice (imported),2017-12-01,484.0,1.47,0.23,False
Cinkassé,Rice (imported),2018-01-01,477.0,1.71,0.27,False
Cinkassé,Rice (imported),2018-02-01,467.0,-0.43,-0.13,False
Cinkassé,Rice (imported),2018-03-01,477.0,-1.45,-0.32,False
Cinkassé,Rice (imported),2018-04-01,469.0,-1.68,-0.35,False
Cinkassé,Rice (imported),2018-05-01,462.0,-1.07,-0.25,False
Cinkassé,Rice (imported),2018-06-01,462.0,-3.14,-0.67,False
Cinkassé,Rice (imported),2018-07-01,477.0,1.71,0.27,False
Cinkassé,Rice (imported),2018-08-01,477.0,3.25,0.55,False
Cinkassé,Rice (imported),2018-09-01,484.0,4.76,0.82,False
Cinkassé,Rice (imported),2018-10-01,485.0,1.68,0.21,False
Cinkassé,Rice (imported),2018-11-01,469.0,-1.68,-0.49,False
Cinkassé,Rice (imported),2018-12-01,469.0,-3.1,-0.8,False
Cinkassé,Rice (imported),2019-01-01,469.0,-3.3,-0.87,False
Cinkassé,Rice (imported),2019-02-01,469.0,0.0,-0.15,False
Cinkassé,Rice (imported),2019-03-01,469.0,0.0,-0.15,False
Cinkassé,Rice (imported),2019-04-01,469.0,0.0,-0.13,False
Cinkassé,Rice (imported),2019-05-01,469.0,0.0,-0.14,False
Cinkassé,Rice (imported),2019-06-01,,0.11,-0.12,False
Cinkassé,Rice (imported),2019-07-01,470.0,0.21,-0.1,False
Cinkassé,Rice (imported),2019-08-01,455.0,-2.99,-0.8,False
Cinkassé,Rice (imported),2019-09-01,455.0,-3.09,-0.8,False
Cinkassé,Rice (imported),2019-10-01,469.0,-0.21,-0.18,False
Cinkassé,Rice (imported),2019-11-01,469.0,3.08,0.51,False
Cinkassé,Rice (imported),2019-12-01,455.0,0.0,-0.14,False
Cinkassé,Rice (imported),2020-01-01,460.0,-1.92,-0.54,False
Cinkassé,Rice (imported),2020-02-01,455.0,-2.99,-0.77,False
Cinkassé,Rice (imported),2020-03-01,450.0,-1.1,-0.35,False
Cinkassé,Rice (imported),2020-04-01,465.0,1.09,0.11,False
Cinkassé,Rice (imported),2020-05-01,455.0,0.0,-0.13,False
Cinkassé,Rice (imported),2020-06-01,469.0,4.22,0.76,False
Cinkassé,Rice (imported),2020-07-01,469.0,0.86,0.04,False
Cinkassé,Rice (imported),2020-08-01,465.0,2.2,0.33,False
Cinkassé,Rice (imported),2020-09-01,465.0,-0.85,-0.32,False
Cinkassé,Rice (imported),2020-10-01,465.0,-0.85,-0.31,False
Cinkassé,Rice (imported),2020-11-01,,1.08,0.1,False
Cinkassé,Rice (imported),2020-12-01,,2.15,0.31,False
Cinkassé,Rice (imported),2021-01-01,480.0,3.23,0.52,False
Cinkassé,Rice (imported),2021-02-01,455.0,-3.19,-0.85,False
Cinkassé,Rice (imported),2021-03-01,455.0,-4.21,-1.1,False
Cinkassé,Rice (imported),2021-04-01,455.0,-5.21,-1.34,False
Cinkassé,Rice (imported),2021-05-01,465.0,2.2,0.32,False
Cinkassé,Rice (imported),2021-06-01,465.0,2.2,0.3,False
Cinkassé,Rice (imported),2021-07-01,450.0,-1.1,-0.52,False
Cinkassé,Rice (imported),2021-08-01,450.0,-3.23,-1.05,False
Cinkassé,Rice (imported),2021-09-01,450.0,-3.23,-1.03,False
Cinkassé,Rice (imported),2021-10-01,450.0,0.0,-0.21,False
Cinkassé,Rice (imported),2021-11-01,470.0,4.44,0.85,False
Cinkassé,Rice (imported),2021-12-01,469.0,4.22,0.79,False
Cinkassé,Rice (imported),2022-01-01,460.0,2.22,0.4,False
Cinkassé,Rice (imported),2022-02-01,460.0,-2.13,-0.89,False
Cinkassé,Rice (imported),2022-03-01,460.0,-1.92,-0.84,False
Cinkassé,Rice (imported),2022-04-01,465.0,1.09,0.39,False
Cinkassé,Rice (imported),2022-05-01,465.0,1.09,0.4,False
Cinkassé,Rice (imported),2022-06-01,465.0,1.09,0.45,False
Cinkassé,Sorghum,2003-04-01,91.0,7.06,0.24,False
Cinkassé,Sorghum,2003-05-01,80.0,-1.23,0.0,False
Cinkassé,Sorghum,2003-06-01,79.0,-15.96,-0.47,False
Cinkassé,Sorghum,2003-07-01,74.0,-18.68,-0.55,False
Cinkassé,Sorghum,2003-08-01,66.0,-17.5,-0.5,False
Cinkassé,Sorghum,2003-09-01,56.0,-29.11,-0.95,False
Cinkassé,Sorghum,2003-10-01,47.0,-36.49,-1.25,False
Cinkassé,Sorghum,2003-11-01,51.0,-22.73,-0.61,False
Cinkassé,Sorghum,2003-12-01,65.0,16.07,0.65,False
Cinkassé,Sorghum,2004-01-01,61.0,29.79,0.98,False
Cinkassé,Sorghum,2004-02-01,74.0,45.1,1.29,False
Cinkassé,Sorghum,2004-03-01,79.0,21.54,0.7,False
Cinkassé,Sorghum,2004-04-01,91.0,49.18,1.32,False
Cinkassé,Sorghum,2004-05-01,82.0,10.81,0.36,False
Cinkassé,Sorghum,2004-06-01,91.0,15.19,0.48,False
Cinkassé,Sorghum,2004-07-01,92.0,1.1,0.06,False
Cinkassé,Sorghum,2004-08-01,126.0,53.66,1.39,False
Cinkassé,Sorghum,2004-09-01,102.0,12.09,0.35,False
Cinkassé,Sorghum,2004-10-01,99.0,7.61,0.22,False
Cinkassé,Sorghum,2004-11-01,108.0,-14.29,-0.51,False
Cinkassé,Sorghum,2004-12-01,110.0,7.84,0.24,False
Cinkassé,Sorghum,2005-01-01,109.0,10.1,0.3,False
Cinkassé,Sorghum,2005-02-01,103.0,-4.63,-0.18,False
Cinkassé,Sorghum,2005-03-01,161.0,46.36,1.25,False
Cinkassé,Sorghum,2005-04-01,150.0,37.61,1.02,False
Cinkassé,Sorghum,2005-05-01,177.0,71.84,1.73,False
Cinkassé,Sorghum,2005-06-01,217.0,34.78,0.87,False
Cinkassé,Sorghum,2005-07-01,264.0,76.0,1.73,False
Cinkassé,Sorghum,2005-08-01,255.0,44.07,1.02,False
Cinkassé,Sorghum,2005-09-01,161.0,-25.81,-1.12,False
Cinkassé,Sorghum,2005-10-01,108.0,-59.09,-2.99,False
Cinkassé,Sorghum,2005-11-01,128.0,-49.8,-2.14,False
Cinkassé,Sorghum,2005-12-01,129.0,-19.88,-0.68,False
Cinkassé,Sorghum,2006-01-01,123.0,13.89,0.35,False
Cinkassé,Sorghum,2006-02-01,119.0,-7.03,-0.25,False
Cinkassé,Sorghum,2006-03-01,113.0,-12.4,-0.42,False
Cinkassé,Sorghum,2006-04-01,135.0,9.76,0.25,False
Cinkassé,Sorghum,2006-05-01,101.0,-15.13,-0.52,False
Cinkassé,Sorghum,2006-06-01,109.0,-3.54,-0.12,False
Cinkassé,Sorghum,2006-07-01,119.0,-11.85,-0.39,False
Cinkassé,Sorghum,2006-08-01,128.0,26.73,0.74,False
Cinkassé,Sorghum,2006-09-01,124.0,13.76,0.42,False
Cinkassé,Sorghum,2006-10-01,126.0,5.88,0.2,False
Cinkassé,Sorghum,2006-11-01,127.0,-0.78,-0.03,False
Cinkassé,Sorghum,2006-12-01,126.0,1.61,0.03,False
Cinkassé,Sorghum,2007-01-01,96.0,-23.81,-0.86,False
Cinkassé,Sorghum,2007-02-01,115.0,-9.45,-0.29,False
Cinkassé,Sorghum,2007-03-01,105.0,-16.67,-0.54,False
Cinkassé,Sorghum,2007-04-01,90.0,-6.25,-0.17,False
Cinkassé,Sorghum,2007-05-01,83.0,-27.83,-1.0,False
Cinkassé,Sorghum,2007-06-01,89.0,-15.24,-0.5,False
Cinkassé,Sorghum,2007-07-01,92.0,2.22,0.13,False
Cinkassé,Sorghum,2007-08-01,98.0,18.07,0.62,False
Cinkassé,Sorghum,2007-09-01,109.0,22.47,0.78,False
Cinkassé,Sorghum,2007-10-01,127.0,38.04,1.16,False
Cinkassé,Sorghum,2007-11-01,139.0,41.84,1.24,False
Cinkassé,Sorghum,2007-12-01,137.0,25.69,0.79,False
Cinkassé,Sorghum,2008-01-01,157.0,23.62,0.7,False
Cinkassé,Sorghum,2008-02-01,172.0,23.74,0.69,False
Cinkassé,Sorghum,2008-03-01,208.0,51.82,1.41,False
Cinkassé,Sorghum,2008-04-01,185.0,17.83,0.46,False
Cinkassé,Sorghum,2008-05-01,216.0,25.58,0.68,False
Cinkassé,Sorghum,2008-06-01,220.0,5.77,0.05,False
Cinkassé,Sorghum,2008-07-01,219.0,18.38,0.44,False
Cinkassé,Sorghum,2008-08-01,227.0,5.09,-0.01,False
Cinkassé,Sorghum,2008-09-01,153.0,-30.45,-1.51,False
Cinkassé,Sorghum,2008-10-01,131.0,-40.18,-2.05,False
Cinkassé,Sorghum,2008-11-01,139.0,-38.77,-1.95,False
Cinkassé,Sorghum,2008-12-01,147.0,-3.92,-0.32,False
Cinkassé,Sorghum,2009-01-01,155.0,18.32,0.42,False
Cinkassé,Sorghum,2009-02-01,169.0,21.58,0.52,False
Cinkassé,Sorghum,2009-03-01,166.0,12.93,0.28,False
Cinkassé,Sorghum,2009-04-01,160.0,3.23,-0.04,False
Cinkassé,Sorghum,2009-05-01,149.0,-11.83,-0.58,False
Cinkassé,Sorghum,2009-06-01,144.0,-13.25,-0.62,False
Cinkassé,Sorghum,2009-07-01,171.0,6.88,0.14,False
Cinkassé,Sorghum,2009-08-01,148.0,-0.67,-0.12,False
Cinkassé,Sorghum,2009-09-01,133.0,-7.64,-0.37,False
Cinkassé,Sorghum,2009-10-01,112.0,-34.5,-1.61,False
Cinkassé,Sorghum,2009-11-01,124.0,-16.22,-0.66,False
Cinkassé,Sorghum,2009-12-01,171.0,28.57,0.87,False
Cinkassé,Sorghum,2010-01-01,160.0,42.86,1.22,False
Cinkassé,Sorghum,2010-02-01,158.0,27.42,0.79,False
Cinkassé,Sorghum,2010-03-01,160.0,-6.43,-0.3,False
Cinkassé,Sorghum,2010-04-01,180.0,12.5,0.37,False
Cinkassé,Sorghum,2010-05-01,161.0,1.9,0.03,False
Cinkassé,Sorghum,2010-06-01,147.0,-8.12,-0.32,False
Cinkassé,Sorghum,2010-07-01,152.0,-15.56,-0.61,False
Cinkassé,Sorghum,2010-08-01,156.0,-3.11,-0.06,False
Cinkassé,Sorghum,2010-09-01,157.0,6.8,0.35,False
Cinkassé,Sorghum,2010-10-01,104.0,-31.58,-1.44,False
Cinkassé,Sorghum,2010-11-01,112.0,-28.21,-1.41,False
Cinkassé,Sorghum,2010-12-01,126.0,-19.75,-1.01,False
Cinkassé,Sorghum,2011-01-01,130.0,25.0,1.05,False
Cinkassé,Sorghum,2011-02-01,144.0,28.57,1.17,False
Cinkassé,Sorghum,2011-03-01,139.0,10.32,0.43,False
Cinkassé,Sorghum,2011-04-01,153.0,17.69,0.71,False
Cinkassé,Sorghum,2011-05-01,144.0,0.0,-0.04,False
Cinkassé,Sorghum,2011-06-01,165.0,18.71,0.73,False
Cinkassé,Sorghum,2011-07-01,168.0,9.8,0.36,False
Cinkassé,Sorghum,2011-08-01,160.0,11.11,0.4,False
Cinkassé,Sorghum,2011-09-01,154.0,-6.67,-0.39,False
Cinkassé,Sorghum,2011-10-01,147.0,-12.5,-0.68,False
Cinkassé,Sorghum,2011-11-01,132.0,-17.5,-0.93,False
Cinkassé,Sorghum,2011-12-01,149.0,-3.25,-0.18,False
Cinkassé,Sorghum,2012-01-01,161.0,9.52,0.39,False
Cinkassé,Sorghum,2012-02-01,151.0,14.39,0.57,False
Cinkassé,Sorghum,2012-03-01,156.0,4.7,0.14,False
Cinkassé,Sorghum,2012-04-01,181.0,12.42,0.45,False
Cinkassé,Sorghum,2012-05-01,172.0,13.91,0.5,False
Cinkassé,Sorghum,2012-06-01,163.0,4.49,0.06,False
Cinkassé,Sorghum,2012-07-01,167.0,-7.73,-0.55,False
Cinkassé,Sorghum,2012-08-01,177.0,2.91,-0.02,False
Cinkassé,Sorghum,2012-09-01,175.0,7.36,0.2,False
Cinkassé,Sorghum,2012-10-01,152.0,-8.98,-0.59,False
Cinkassé,Sorghum,2012-11-01,193.0,9.04,0.32,False
Cinkassé,Sorghum,2012-12-01,199.0,13.71,0.56,False
Cinkassé,Sorghum,2013-01-01,193.0,26.97,1.13,False
Cinkassé,Sorghum,2013-02-01,204.0,5.7,0.2,False
Cinkassé,Sorghum,2013-03-01,219.0,10.05,0.42,False
Cinkassé,Sorghum,2013-04-01,193.0,0.0,-0.04,False
Cinkassé,Sorghum,2013-05-01,185.0,-9.31,-0.54,False
Cinkassé,Sorghum,2013-06-01,,-7.99,-0.44,False
Cinkassé,Sorghum,2013-07-01,218.0,12.95,0.67,False
Cinkassé,Sorghum,2013-08-01,202.0,9.19,0.49,False
Cinkassé,Sorghum,2013-09-01,148.0,-26.55,-1.63,False
Cinkassé,Sorghum,2013-10-01,125.0,-42.66,-2.99,False
Cinkassé,Sorghum,2013-11-01,146.0,-27.72,-1.72,False
Cinkassé,Sorghum,2013-12-01,133.0,-10.14,-0.59,False
Cinkassé,Sorghum,2014-01-01,134.0,7.2,0.39,False
Cinkassé,Sorghum,2014-02-01,151.0,3.42,0.2,False
Cinkassé,Sorghum,2014-03-01,147.0,10.53,0.59,False
Cinkassé,Sorghum,2014-04-01,137.0,2.24,0.16,False
Cinkassé,Sorghum,2014-05-01,122.0,-19.21,-1.16,False
Cinkassé,Sorghum,2014-06-01,,-16.67,-0.97,False
Cinkassé,Sorghum,2014-07-01,123.0,-10.22,-0.55,False
Cinkassé,Sorghum,2014-08-01,130.0,6.56,0.42,False
Cinkassé,Sorghum,2014-09-01,108.0,-11.84,-0.64,False
Cinkassé,Sorghum,2014-10-01,106.0,-13.82,-0.76,False
Cinkassé,Sorghum,2014-11-01,124.0,-4.62,-0.23,False
Cinkassé,Sorghum,2014-12-01,129.0,19.44,1.06,False
Cinkassé,Sorghum,2015-01-01,128.0,20.75,1.14,False
Cinkassé,Sorghum,2015-02-01,132.0,6.45,0.43,False
Cinkassé,Sorghum,2015-03-01,138.0,6.98,0.48,False
Cinkassé,Sorghum,2015-04-01,141.0,10.16,0.65,False
Cinkassé,Sorghum,2015-05-01,147.0,11.36,0.72,False
Cinkassé,Sorghum,2015-06-01,139.0,0.72,0.09,False
Cinkassé,Sorghum,2015-07-01,153.0,8.51,0.54,False
Cinkassé,Sorghum,2015-08-01,141.0,-4.08,-0.24,False
Cinkassé,Sorghum,2015-09-01,177.0,27.34,1.5,False
Cinkassé,Sorghum,2015-10-01,128.0,-16.34,-1.08,False
Cinkassé,Sorghum,2015-11-01,143.0,1.42,0.06,False
Cinkassé,Sorghum,2015-12-01,145.0,-18.08,-1.36,False
Cinkassé,Sorghum,2016-01-01,154.0,20.31,1.15,False
Cinkassé,Sorghum,2016-02-01,173.0,20.98,1.19,False
Cinkassé,Sorghum,2016-03-01,177.0,22.07,1.27,False
Cinkassé,Sorghum,2016-04-01,147.0,-4.55,-0.37,False
Cinkassé,Sorghum,2016-05-01,,-10.69,-0.79,False
Cinkassé,Sorghum,2016-06-01,162.0,-8.47,-0.61,False
Cinkassé,Sorghum,2016-07-01,179.0,21.77,1.31,False
Cinkassé,Sorghum,2016-08-01,149.0,-3.56,-0.25,False
Cinkassé,Sorghum,2016-09-01,125.0,-22.84,-1.71,False
Cinkassé,Sorghum,2016-10-01,114.0,-36.31,-2.89,False
Cinkassé,Sorghum,2016-11-01,111.0,-25.5,-1.73,False
Cinkassé,Sorghum,2016-12-01,104.0,-16.8,-1.04,False
Cinkassé,Sorghum,2017-01-01,106.0,-7.02,-0.35,False
Cinkassé,Sorghum,2017-02-01,114.0,2.7,0.25,False
Cinkassé,Sorghum,2017-03-01,115.0,10.58,0.71,False
Cinkassé,Sorghum,2017-04-01,119.0,12.26,0.79,False
Cinkassé,Sorghum,2017-05-01,,6.73,0.49,False
Cinkassé,Sorghum,2017-06-01,,8.12,0.57,False
Cinkassé,Sorghum,2017-07-01,127.0,6.72,0.49,False
Cinkassé,Sorghum,2017-08-01,121.0,-0.55,0.06,False
Cinkassé,Sorghum,2017-09-01,129.0,3.75,0.31,False
Cinkassé,Sorghum,2017-10-01,124.0,-2.36,-0.05,False
Cinkassé,Sorghum,2017-11-01,125.0,3.31,0.28,False
Cinkassé,Sorghum,2017-12-01,142.0,10.08,0.67,False
Cinkassé,Sorghum,2018-01-01,174.0,40.32,2.14,True
Cinkassé,Sorghum,2018-02-01,178.0,42.4,2.18,True
Cinkassé,Sorghum,2018-03-01,178.0,25.35,1.34,False
Cinkassé,Sorghum,2018-04-01,184.0,5.75,0.36,False
Cinkassé,Sorghum,2018-05-01,208.0,16.85,0.91,False
Cinkassé,Sorghum,2018-06-01,217.0,21.91,1.12,False
Cinkassé,Sorghum,2018-07-01,228.0,23.91,1.18,False
Cinkassé,Sorghum,2018-08-01,230.0,10.58,0.53,False
Cinkassé,Sorghum,2018-09-01,132.0,-39.17,-2.76,False
Cinkassé,Sorghum,2018-10-01,137.0,-39.91,-2.71,False
Cinkassé,Sorghum,2018-11-01,140.0,-39.13,-2.68,False
Cinkassé,Sorghum,2018-12-01,142.0,7.58,0.39,False
Cinkassé,Sorghum,2019-01-01,142.0,3.65,0.18,False
Cinkassé,Sorghum,2019-02-01,144.0,2.86,0.14,False
Cinkassé,Sorghum,2019-03-01,142.0,0.0,-0.01,False
Cinkassé,Sorghum,2019-04-01,142.0,0.0,0.0,False
Cinkassé,Sorghum,2019-05-01,126.0,-12.5,-0.69,False
Cinkassé,Sorghum,2019-06-01,,-13.73,-0.78,False
Cinkassé,Sorghum,2019-07-01,119.0,-16.2,-0.94,False
Cinkassé,Sorghum,2019-08-01,124.0,-1.59,-0.08,False
Cinkassé,Sorghum,2019-09-01,120.0,-2.04,-0.1,False
Cinkassé,Sorghum,2019-10-01,119.0,0.0,-0.0,False
Cinkassé,Sorghum,2019-11-01,107.0,-13.71,-0.8,False
Cinkassé,Sorghum,2019-12-01,124.0,3.33,0.17,False
Cinkassé,Sorghum,2020-01-01,154.0,29.41,1.38,False
Cinkassé,Sorghum,2020-02-01,133.0,24.3,1.15,False
Cinkassé,Sorghum,2020-03-01,133.0,7.26,0.35,False
Cinkassé,Sorghum,2020-04-01,133.0,-13.64,-0.78,False
Cinkassé,Sorghum,2020-05-01,,0.75,0.05,False
Cinkassé,Sorghum,2020-06-01,135.0,1.5,0.09,False
Cinkassé,Sorghum,2020-07-01,123.0,-7.52,-0.39,False
Cinkassé,Sorghum,2020-08-01,144.0,7.46,0.41,False
Cinkassé,Sorghum,2020-09-01,145.0,7.41,0.39,False
Cinkassé,Sorghum,2020-10-01,135.0,9.76,0.53,False
Cinkassé,Sorghum,2020-11-01,,-0.93,-0.04,False
Cinkassé,Sorghum,2020-12-01,,3.68,0.2,False
Cinkassé,Sorghum,2021-01-01,158.0,17.04,0.84,False
Cinkassé,Sorghum,2021-02-01,178.0,24.77,1.18,False
Cinkassé,Sorghum,2021-03-01,210.0,39.69,1.78,False
Cinkassé,Sorghum,2021-04-01,210.0,32.91,1.48,False
Cinkassé,Sorghum,2021-05-01,,29.21,1.28,False
Cinkassé,Sorghum,2021-06-01,250.0,19.05,0.81,False
Cinkassé,Sorghum,2021-07-01,226.0,7.62,0.27,False
Cinkassé,Sorghum,2021-08-01,230.0,0.0,-0.09,False
Cinkassé,Sorghum,2021-09-01,220.0,-12.0,-0.75,False
Cinkassé,Sorghum,2021-10-01,220.0,-2.65,-0.25,False
Cinkassé,Sorghum,2021-11-01,220.0,-4.35,-0.4,False
Cinkassé,Sorghum,2021-12-01,220.0,0.0,-0.18,False
Cinkassé,Sorghum,2022-01-01,235.0,6.82,0.18,False
Cinkassé,Sorghum,2022-02-01,245.0,11.36,0.4,False
Cinkassé,Sorghum,2022-03-01,250.0,13.64,0.51,False
Cinkassé,Sorghum,2022-04-01,250.0,6.38,0.13,False
Cinkassé,Sorghum,2022-05-01,310.0,26.53,1.13,False
Cinkassé,Sorghum,2022-06-01,270.0,8.0,0.2,False
Kara,Cassava meal (gari),2003-04-01,113.0,-3.42,-0.11,False
Kara,Cassava meal (gari),2003-05-01,110.0,-2.65,-0.08,False
Kara,Cassava meal (gari),2003-06-01,118.0,8.26,0.29,False
Kara,Cassava meal (gari),2003-07-01,121.0,7.08,0.25,False
Kara,Cassava meal (gari),2003-08-01,98.0,-10.91,-0.42,False
Kara,Cassava meal (gari),2003-09-01,69.0,-41.53,-1.95,False
Kara,Cassava meal (gari),2003-10-01,81.0,-33.06,-1.33,False
Kara,Cassava meal (gari),2003-11-01,65.0,-33.67,-1.3,False
Kara,Cassava meal (gari),2003-12-01,76.0,10.14,0.48,False
Kara,Cassava meal (gari),2004-01-01,71.0,-12.35,-0.31,False
Kara,Cassava meal (gari),2004-02-01,69.0,6.15,0.36,False
Kara,Cassava meal (gari),2004-03-01,78.0,2.63,0.24,False
Kara,Cassava meal (gari),2004-04-01,79.0,11.27,0.52,False
Kara,Cassava meal (gari),2004-05-01,79.0,14.49,0.62,False
Kara,Cassava meal (gari),2004-06-01,105.0,34.62,1.2,False
Kara,Cassava meal (gari),2004-07-01,101.0,27.85,0.98,False
Kara,Cassava meal (gari),2004-08-01,110.0,39.24,1.27,False
Kara,Cassava meal (gari),2004-09-01,120.0,14.29,0.51,False
Kara,Cassava meal (gari),2004-10-01,99.0,-1.98,-0.06,False
Kara,Cassava meal (gari),2004-11-01,97.0,-11.82,-0.45,False
Kara,Cassava meal (gari),2004-12-01,127.0,5.83,0.24,False
Kara,Cassava meal (gari),2005-01-01,118.0,19.19,0.68,False
Kara,Cassava meal (gari),2005-02-01,128.0,31.96,1.06,False
Kara,Cassava meal (gari),2005-03-01,129.0,1.57,0.04,False
Kara,Cassava meal (gari),2005-04-01,142.0,20.34,0.69,False
Kara,Cassava meal (gari),2005-05-01,197.0,53.91,1.63,False
Kara,Cassava meal (gari),2005-06-01,207.0,60.47,1.73,False
Kara,Cassava meal (gari),2005-07-01,230.0,61.97,1.7,False
Kara,Cassava meal (gari),2005-08-01,230.0,16.75,0.44,False
Kara,Cassava meal (gari),2005-09-01,178.0,-14.01,-0.69,False
Kara,Cassava meal (gari),2005-10-01,203.0,-11.74,-0.59,False
Kara,Cassava meal (gari),2005-11-01,195.0,-15.22,-0.73,False
Kara,Cassava meal (gari),2005-12-01,192.0,7.87,0.18,False
Kara,Cassava meal (gari),2006-01-01,213.0,4.93,0.08,False
Kara,Cassava meal (gari),2006-02-01,251.0,28.72,0.86,False
Kara,Cassava meal (gari),2006-03-01,227.0,18.23,0.52,False
Kara,Cassava meal (gari),2006-04-01,208.0,-2.35,-0.22,False
Kara,Cassava meal (gari),2006-05-01,254.0,1.2,-0.08,False
Kara,Cassava meal (gari),2006-06-01,182.0,-19.82,-0.98,False
Kara,Cassava meal (gari),2006-07-01,211.0,1.44,-0.04,False
Kara,Cassava meal (gari),2006-08-01,182.0,-28.35,-1.38,False
Kara,Cassava meal (gari),2006-09-01,176.0,-3.3,-0.16,False
Kara,Cassava meal (gari),2006-10-01,182.0,-13.74,-0.6,False
Kara,Cassava meal (gari),2006-11-01,195.0,7.14,0.24,False
Kara,Cassava meal (gari),2006-12-01,197.0,11.93,0.4,False
Kara,Cassava meal (gari),2007-01-01,148.0,-18.68,-0.85,False
Kara,Cassava meal (gari),2007-02-01,150.0,-23.08,-1.11,False
Kara,Cassava meal (gari),2007-03-01,134.0,-31.98,-1.58,False
Kara,Cassava meal (gari),2007-04-01,144.0,-2.7,-0.12,False
Kara,Cassava meal (gari),2007-05-01,149.0,-0.67,0.0,False
Kara,Cassava meal (gari),2007-06-01,189.0,41.04,1.43,False
Kara,Cassava meal (gari),2007-07-01,179.0,24.31,0.88,False
Kara,Cassava meal (gari),2007-08-01,142.0,-4.7,-0.21,False
Kara,Cassava meal (gari),2007-09-01,104.0,-44.97,-2.42,False
Kara,Cassava meal (gari),2007-10-01,138.0,-22.91,-1.0,False
Kara,Cassava meal (gari),2007-11-01,139.0,-2.11,-0.06,False
Kara,Cassava meal (gari),2007-12-01,143.0,37.5,1.28,False
Kara,Cassava meal (gari),2008-01-01,140.0,1.45,0.04,False
Kara,Cassava meal (gari),2008-02-01,156.0,12.23,0.44,False
Kara,Cassava meal (gari),2008-03-01,120.0,-16.08,-0.83,False
Kara,Cassava meal (gari),2008-04-01,143.0,2.14,0.05,False
Kara,Cassava meal (gari),2008-05-01,158.0,1.28,0.01,False
Kara,Cassava meal (gari),2008-06-01,210.0,75.0,2.37,True
Kara,Cassava meal (gari),2008-07-01,195.0,36.36,1.2,False
Kara,Cassava meal (gari),2008-08-01,201.0,27.22,0.89,False
Kara,Cassava meal (gari),2008-09-01,185.0,-11.9,-0.64,False
Kara,Cassava meal (gari),2008-10-01,151.0,-22.56,-1.24,False
Kara,Cassava meal (gari),2008-11-01,162.0,-19.4,-1.1,False
Kara,Cassava meal (gari),2008-12-01,150.0,-18.92,-1.11,False
Kara,Cassava meal (gari),2009-01-01,166.0,9.93,0.25,False
Kara,Cassava meal (gari),2009-02-01,193.0,19.14,0.59,False
Kara,Cassava meal (gari),2009-03-01,198.0,32.0,1.03,False
Kara,Cassava meal (gari),2009-04-01,211.0,27.11,0.84,False
Kara,Cassava meal (gari),2009-05-01,210.0,8.81,0.15,False
Kara,Cassava meal (gari),2009-06-01,246.0,24.24,0.73,False
Kara,Cassava meal (gari),2009-07-01,230.0,9.0,0.17,False
Kara,Cassava meal (gari),2009-08-01,199.0,-5.24,-0.43,False
Kara,Cassava meal (gari),2009-09-01,189.0,-23.17,-1.34,False
Kara,Cassava meal (gari),2009-10-01,191.0,-16.96,-0.95,False
Kara,Cassava meal (gari),2009-11-01,174.0,-12.56,-0.71,False
Kara,Cassava meal (gari),2009-12-01,144.0,-23.81,-1.3,False
Kara,Cassava meal (gari),2010-01-01,208.0,8.9,0.27,False
Kara,Cassava meal (gari),2010-02-01,244.0,40.23,1.36,False
Kara,Cassava meal (gari),2010-03-01,234.0,62.5,1.98,False
Kara,Cassava meal (gari),2010-04-01,210.0,0.96,-0.09,False
Kara,Cassava meal (gari),2010-05-01,200.0,-18.03,-0.94,False
Kara,Cassava meal (gari),2010-06-01,229.0,-2.14,-0.16,False
Kara,Cassava meal (gari),2010-07-01,261.0,24.29,0.91,False
Kara,Cassava meal (gari),2010-08-01,233.0,16.5,0.67,False
Kara,Cassava meal (gari),2010-09-01,233.0,1.75,0.06,False
Kara,Cassava meal (gari),2010-10-01,226.0,-13.41,-0.68,False
Kara,Cassava meal (gari),2010-11-01,213.0,-8.58,-0.43,False
Kara,Cassava meal (gari),2010-12-01,244.0,4.72,0.17,False
Kara,Cassava meal (gari),2011-01-01,215.0,-4.87,-0.26,False
Kara,Cassava meal (gari),2011-02-01,215.0,0.94,0.02,False
Kara,Cassava meal (gari),2011-03-01,221.0,-9.43,-0.46,False
Kara,Cassava meal (gari),2011-04-01,238.0,10.7,0.48,False
Kara,Cassava meal (gari),2011-05-01,221.0,2.79,0.13,False
Kara,Cassava meal (gari),2011-06-01,217.0,-1.81,-0.08,False
Kara,Cassava meal (gari),2011-07-01,227.0,-4.62,-0.23,False
Kara,Cassava meal (gari),2011-08-01,228.0,3.17,0.14,False
Kara,Cassava meal (gari),2011-09-01,226.0,4.15,0.15,False
Kara,Cassava meal (gari),2011-10-01,224.0,-1.32,-0.11,False
Kara,Cassava meal (gari),2011-11-01,205.0,-10.09,-0.56,False
Kara,Cassava meal (gari),2011-12-01,266.0,17.7,0.73,False
Kara,Cassava meal (gari),2012-01-01,233.0,4.02,0.14,False
Kara,Cassava meal (gari),2012-02-01,230.0,12.2,0.49,False
Kara,Cassava meal (gari),2012-03-01,232.0,-12.78,-0.76,False
Kara,Cassava meal (gari),2012-04-01,234.0,0.43,-0.1,False
Kara,Cassava meal (gari),2012-05-01,274.0,19.13,0.75,False
Kara,Cassava meal (gari),2012-06-01,258.0,11.21,0.39,False
Kara,Cassava meal (gari),2012-07-01,217.0,-7.26,-0.5,False
Kara,Cassava meal (gari),2012-08-01,218.0,-20.44,-1.26,False
Kara,Cassava meal (gari),2012-09-01,219.0,-15.12,-0.9,False
Kara,Cassava meal (gari),2012-10-01,245.0,12.9,0.54,False
Kara,Cassava meal (gari),2012-11-01,261.0,19.72,0.84,False
Kara,Cassava meal (gari),2012-12-01,245.0,11.87,0.44,False
Kara,Cassava meal (gari),2013-01-01,270.0,10.2,0.38,False
Kara,Cassava meal (gari),2013-02-01,234.0,-10.34,-0.79,False
Kara,Cassava meal (gari),2013-03-01,268.0,9.39,0.35,False
Kara,Cassava meal (gari),2013-04-01,289.0,7.04,0.21,False
Kara,Cassava meal (gari),2013-05-01,278.0,18.8,0.8,False
Kara,Cassava meal (gari),2013-06-01,303.0,13.06,0.5,False
Kara,Cassava meal (gari),2013-07-01,310.0,7.27,0.26,False
Kara,Cassava meal (gari),2013-08-01,314.0,12.95,0.62,False
Kara,Cassava meal (gari),2013-09-01,327.0,7.92,0.35,False
Kara,Cassava meal (gari),2013-10-01,333.0,7.42,0.3,False
Kara,Cassava meal (gari),2013-11-01,330.0,5.1,0.13,False
Kara,Cassava meal (gari),2013-12-01,300.0,-8.26,-0.81,False
Kara,Cassava meal (gari),2014-01-01,310.0,-6.91,-0.74,False
Kara,Cassava meal (gari),2014-02-01,300.0,-9.09,-0.88,False
Kara,Cassava meal (gari),2014-03-01,323.0,7.67,0.3,False
Kara,Cassava meal (gari),2014-04-01,280.0,-9.68,-0.89,False
Kara,Cassava meal (gari),2014-05-01,271.0,-9.67,-0.87,False
Kara,Cassava meal (gari),2014-06-01,260.0,-19.5,-1.65,False
Kara,Cassava meal (gari),2014-07-01,270.0,-3.57,-0.33,False
Kara,Cassava meal (gari),2014-08-01,264.0,-2.58,-0.24,False
Kara,Cassava meal (gari),2014-09-01,268.0,3.08,0.16,False
Kara,Cassava meal (gari),2014-10-01,266.0,-1.48,-0.2,False
Kara,Cassava meal (gari),2014-11-01,236.0,-10.61,-0.95,False
Kara,Cassava meal (gari),2014-12-01,244.0,-8.96,-0.82,False
Kara,Cassava meal (gari),2015-01-01,282.0,6.02,0.3,False
Kara,Cassava meal (gari),2015-02-01,270.0,14.41,0.89,False
Kara,Cassava meal (gari),2015-03-01,268.0,9.84,0.63,False
Kara,Cassava meal (gari),2015-04-01,266.0,-5.67,-0.63,False
Kara,Cassava meal (gari),2015-05-01,264.0,-2.22,-0.28,False
Kara,Cassava meal (gari),2015-06-01,257.0,-4.1,-0.5,False
Kara,Cassava meal (gari),2015-07-01,181.0,-31.95,-3.77,False
Kara,Cassava meal (gari),2015-08-01,184.0,-30.3,-3.19,False
Kara,Cassava meal (gari),2015-09-01,201.0,-21.79,-1.97,False
Kara,Cassava meal (gari),2015-10-01,197.0,8.84,0.78,False
Kara,Cassava meal (gari),2015-11-01,198.0,7.61,0.66,False
Kara,Cassava meal (gari),2015-12-01,200.0,-0.5,0.01,False
Kara,Cassava meal (gari),2016-01-01,270.0,37.06,2.6,True
Kara,Cassava meal (gari),2016-02-01,264.0,33.33,2.21,True
Kara,Cassava meal (gari),2016-03-01,265.0,32.5,2.05,True
Kara,Cassava meal (gari),2016-04-01,260.0,-3.7,-0.34,False
Kara,Cassava meal (gari),2016-05-01,258.0,-2.27,-0.22,False
Kara,Cassava meal (gari),2016-06-01,321.0,21.13,1.33,False
Kara,Cassava meal (gari),2016-07-01,323.0,24.23,1.46,False
Kara,Cassava meal (gari),2016-08-01,312.0,20.93,1.22,False
Kara,Cassava meal (gari),2016-09-01,325.0,1.25,-0.04,False
Kara,Cassava meal (gari),2016-10-01,298.0,-7.74,-0.67,False
Kara,Cassava meal (gari),2016-11-01,254.0,-18.59,-1.52,False
Kara,Cassava meal (gari),2016-12-01,298.0,-8.31,-0.69,False
Kara,Cassava meal (gari),2017-01-01,299.0,0.34,-0.05,False
Kara,Cassava meal (gari),2017-02-01,302.0,18.9,1.11,False
Kara,Cassava meal (gari),2017-03-01,303.0,1.68,0.04,False
Kara,Cassava meal (gari),2017-04-01,305.0,2.01,0.05,False
Kara,Cassava meal (gari),2017-05-01,312.0,3.31,0.13,False
Kara,Cassava meal (gari),2017-06-01,317.0,4.62,0.24,False
Kara,Cassava meal (gari),2017-07-01,320.0,4.92,0.26,False
Kara,Cassava meal (gari),2017-08-01,324.0,3.85,0.18,False
Kara,Cassava meal (gari),2017-09-01,312.0,-1.58,-0.23,False
Kara,Cassava meal (gari),2017-10-01,314.0,-1.88,-0.27,False
Kara,Cassava meal (gari),2017-11-01,317.0,-2.16,-0.28,False
Kara,Cassava meal (gari),2017-12-01,312.0,0.0,-0.1,False
Kara,Cassava meal (gari),2018-01-01,302.0,-3.82,-0.37,False
Kara,Cassava meal (gari),2018-02-01,300.0,-5.36,-0.47,False
Kara,Cassava meal (gari),2018-03-01,288.0,-7.69,-0.67,False
Kara,Cassava meal (gari),2018-04-01,291.0,-3.64,-0.33,False
Kara,Cassava meal (gari),2018-05-01,299.0,-0.33,-0.07,False
Kara,Cassava meal (gari),2018-06-01,302.0,4.86,0.34,False
Kara,Cassava meal (gari),2018-07-01,305.0,4.81,0.35,False
Kara,Cassava meal (gari),2018-08-01,304.0,1.67,0.12,False
Kara,Cassava meal (gari),2018-09-01,283.0,-6.29,-0.49,False
Kara,Cassava meal (gari),2018-10-01,295.0,-3.28,-0.23,False
Kara,Cassava meal (gari),2018-11-01,287.0,-5.59,-0.4,False
Kara,Cassava meal (gari),2018-12-01,290.0,2.47,0.24,False
Kara,Cassava meal (gari),2019-01-01,225.0,-23.73,-2.04,False
Kara,Cassava meal (gari),2019-02-01,220.0,-23.34,-1.91,False
Kara,Cassava meal (gari),2019-03-01,220.0,-24.14,-1.92,False
Kara,Cassava meal (gari),2019-04-01,220.0,-2.22,-0.04,False
Kara,Cassava meal (gari),2019-05-01,220.0,0.0,0.11,False
Kara,Cassava meal (gari),2019-06-01,,0.45,0.13,False
Kara,Cassava meal (gari),2019-07-01,222.0,0.91,0.14,False
Kara,Cassava meal (gari),2019-08-01,222.0,0.91,0.13,False
Kara,Cassava meal (gari),2019-09-01,220.0,-0.45,0.03,False
Kara,Cassava meal (gari),2019-10-01,220.0,-0.9,0.0,False
Kara,Cassava meal (gari),2019-11-01,200.0,-9.91,-0.69,False
Kara,Cassava meal (gari),2019-12-01,200.0,-9.09,-0.62,False
Kara,Cassava meal (gari),2020-01-01,200.0,-9.09,-0.62,False
Kara,Cassava meal (gari),2020-02-01,200.0,0.0,0.09,False
Kara,Cassava meal (gari),2020-03-01,220.0,10.0,0.8,False
Kara,Cassava meal (gari),2020-04-01,240.0,20.0,1.43,False
Kara,Cassava meal (gari),2020-05-01,260.0,30.0,1.96,False
Kara,Cassava meal (gari),2020-06-01,280.0,27.27,1.72,False
Kara,Cassava meal (gari),2020-07-01,261.0,8.75,0.57,False
Kara,Cassava meal (gari),2020-08-01,269.0,3.46,0.19,False
Kara,Cassava meal (gari),2020-09-01,260.0,-7.14,-0.68,False
Kara,Cassava meal (gari),2020-10-01,265.0,1.53,-0.01,False
Kara,Cassava meal (gari),2020-11-01,265.0,-1.49,-0.24,False
Kara,Cassava meal (gari),2020-12-01,326.0,25.38,1.69,False
Kara,Cassava meal (gari),2021-01-01,300.0,13.21,0.83,False
Kara,Cassava meal (gari),2021-02-01,348.0,31.32,2.1,True
Kara,Cassava meal (gari),2021-03-01,362.0,11.04,0.74,False
Kara,Cassava meal (gari),2021-04-01,391.0,30.33,2.15,True
Kara,Cassava meal (gari),2021-05-01,400.0,14.94,1.0,False
Kara,Cassava meal (gari),2021-06-01,430.0,18.78,1.24,False
Kara,Cassava meal (gari),2021-07-01,415.0,6.14,0.33,False
Kara,Cassava meal (gari),2021-08-01,410.0,2.5,0.07,False
Kara,Cassava meal (gari),2021-09-01,380.0,-11.63,-1.16,False
Kara,Cassava meal (gari),2021-10-01,380.0,-8.43,-0.83,False
Kara,Cassava meal (gari),2021-11-01,384.0,-6.34,-0.64,False
Kara,Cassava meal (gari),2021-12-01,398.0,4.74,0.28,False
Kara,Cassava meal (gari),2022-01-01,398.0,4.74,0.26,False
Kara,Cassava meal (gari),2022-02-01,398.0,3.65,0.17,False
Kara,Cassava meal (gari),2022-03-01,400.0,0.5,-0.08,False
Kara,Cassava meal (gari),2022-04-01,400.0,0.5,-0.08,False
Kara,Cassava meal (gari),2022-05-01,400.0,0.5,-0.08,False
Kara,Cassava meal (gari),2022-06-01,470.0,17.5,1.3,False
Kara,Maize (white),2003-04-01,90.0,2.27,0.07,False
Kara,Maize (white),2003-05-01,93.0,8.14,0.33,False
Kara,Maize (white),2003-06-01,84.0,-4.55,-0.26,False
Kara,Maize (white),2003-07-01,71.0,-21.11,-1.16,False
Kara,Maize (white),2003-08-01,63.0,-32.26,-1.83,False
Kara,Maize (white),2003-09-01,50.0,-40.48,-2.29,False
Kara,Maize (white),2003-10-01,51.0,-28.17,-1.27,False
Kara,Maize (white),2003-11-01,51.0,-19.05,-0.72,False
Kara,Maize (white),2003-12-01,53.0,6.0,0.45,False
Kara,Maize (white),2004-01-01,60.0,17.65,0.89,False
Kara,Maize (white),2004-02-01,59.0,15.69,0.79,False
Kara,Maize (white),2004-03-01,66.0,24.53,1.09,False
Kara,Maize (white),2004-04-01,73.0,21.67,0.96,False
Kara,Maize (white),2004-05-01,71.0,20.34,0.89,False
Kara,Maize (white),2004-06-01,82.0,24.24,1.01,False
Kara,Maize (white),2004-07-01,91.0,24.66,0.99,False
Kara,Maize (white),2004-08-01,120.0,69.01,2.3,True
Kara,Maize (white),2004-09-01,118.0,43.9,1.47,False
Kara,Maize (white),2004-10-01,85.0,-6.59,-0.36,False
Kara,Maize (white),2004-11-01,83.0,-30.83,-1.6,False
Kara,Maize (white),2004-12-01,91.0,-22.88,-1.09,False
Kara,Maize (white),2005-01-01,93.0,9.41,0.36,False
Kara,Maize (white),2005-02-01,105.0,26.51,0.95,False
Kara,Maize (white),2005-03-01,127.0,39.56,1.33,False
Kara,Maize (white),2005-04-01,119.0,27.96,0.94,False
Kara,Maize (white),2005-05-01,149.0,41.9,1.34,False
Kara,Maize (white),2005-06-01,162.0,27.56,0.88,False
Kara,Maize (white),2005-07-01,170.0,42.86,1.32,False
Kara,Maize (white),2005-08-01,241.0,61.74,1.79,False
Kara,Maize (white),2005-09-01,129.0,-20.37,-1.08,False
Kara,Maize (white),2005-10-01,137.0,-19.41,-1.01,False
Kara,Maize (white),2005-11-01,123.0,-48.96,-2.8,False
Kara,Maize (white),2005-12-01,122.0,-5.43,-0.3,False
Kara,Maize (white),2006-01-01,74.0,-45.99,-2.4,False
Kara,Maize (white),2006-02-01,113.0,-8.13,-0.35,False
Kara,Maize (white),2006-03-01,110.0,-9.84,-0.41,False
Kara,Maize (white),2006-04-01,92.0,24.32,0.77,False
Kara,Maize (white),2006-05-01,138.0,22.12,0.74,False
Kara,Maize (white),2006-06-01,102.0,-7.27,-0.29,False
Kara,Maize (white),2006-07-01,116.0,26.09,0.88,False
Kara,Maize (white),2006-08-01,100.0,-27.54,-1.22,False
Kara,Maize (white),2006-09-01,104.0,1.96,0.09,False
Kara,Maize (white),2006-10-01,97.0,-16.38,-0.64,False
Kara,Maize (white),2006-11-01,110.0,10.0,0.38,False
Kara,Maize (white),2006-12-01,122.0,17.31,0.6,False
Kara,Maize (white),2007-01-01,84.0,-13.4,-0.57,False
Kara,Maize (white),2007-02-01,91.0,-17.27,-0.73,False
Kara,Maize (white),2007-03-01,85.0,-30.33,-1.36,False
Kara,Maize (white),2007-04-01,89.0,5.95,0.26,False
Kara,Maize (white),2007-05-01,84.0,-7.69,-0.25,False
Kara,Maize (white),2007-06-01,80.0,-5.88,-0.18,False
Kara,Maize (white),2007-07-01,76.0,-14.61,-0.55,False
Kara,Maize (white),2007-08-01,87.0,3.57,0.2,False
Kara,Maize (white),2007-09-01,81.0,1.25,0.11,False
Kara,Maize (white),2007-10-01,116.0,52.63,1.67,False
Kara,Maize (white),2007-11-01,132.0,51.72,1.58,False
Kara,Maize (white),2007-12-01,135.0,66.67,1.87,False
Kara,Maize (white),2008-01-01,155.0,33.62,0.98,False
Kara,Maize (white),2008-02-01,158.0,19.7,0.56,False
Kara,Maize (white),2008-03-01,162.0,20.0,0.55,False
Kara,Maize (white),2008-04-01,176.0,13.55,0.35,False
Kara,Maize (white),2008-05-01,205.0,29.75,0.83,False
Kara,Maize (white),2008-06-01,227.0,40.12,1.09,False
Kara,Maize (white),2008-07-01,282.0,60.23,1.53,False
Kara,Maize (white),2008-08-01,251.0,22.44,0.53,False
Kara,Maize (white),2008-09-01,177.0,-22.03,-1.12,False
Kara,Maize (white),2008-10-01,141.0,-50.0,-2.81,False
Kara,Maize (white),2008-11-01,147.0,-41.43,-2.1,False
Kara,Maize (white),2008-12-01,165.0,-6.78,-0.43,False
Kara,Maize (white),2009-01-01,173.0,22.7,0.52,False
Kara,Maize (white),2009-02-01,179.0,21.77,0.49,False
Kara,Maize (white),2009-03-01,185.0,12.12,0.2,False
Kara,Maize (white),2009-04-01,196.0,13.29,0.24,False
Kara,Maize (white),2009-05-01,211.0,17.88,0.39,False
Kara,Maize (white),2009-06-01,174.0,-5.95,-0.39,False
Kara,Maize (white),2009-07-01,166.0,-15.31,-0.73,False
Kara,Maize (white),2009-08-01,156.0,-26.07,-1.18,False
Kara,Maize (white),2009-09-01,108.0,-37.93,-1.75,False
Kara,Maize (white),2009-10-01,111.0,-33.13,-1.42,False
Kara,Maize (white),2009-11-01,109.0,-30.13,-1.24,False
Kara,Maize (white),2009-12-01,116.0,7.41,0.22,False
Kara,Maize (white),2010-01-01,204.0,83.78,2.03,True
Kara,Maize (white),2010-02-01,200.0,83.49,1.93,False
Kara,Maize (white),2010-03-01,197.0,69.83,1.61,False
Kara,Maize (white),2010-04-01,170.0,-16.67,-0.68,False
Kara,Maize (white),2010-05-01,168.0,-16.0,-0.63,False
Kara,Maize (white),2010-06-01,148.0,-24.87,-0.96,False
Kara,Maize (white),2010-07-01,151.0,-11.18,-0.4,False
Kara,Maize (white),2010-08-01,139.0,-17.26,-0.6,False
Kara,Maize (white),2010-09-01,139.0,-6.08,-0.16,False
Kara,Maize (white),2010-10-01,133.0,-11.92,-0.38,False
Kara,Maize (white),2010-11-01,130.0,-6.47,-0.19,False
Kara,Maize (white),2010-12-01,134.0,-3.6,-0.13,False
Kara,Maize (white),2011-01-01,150.0,12.78,0.41,False
Kara,Maize (white),2011-02-01,156.0,20.0,0.6,False
Kara,Maize (white),2011-03-01,165.0,23.13,0.67,False
Kara,Maize (white),2011-04-01,161.0,7.33,0.17,False
Kara,Maize (white),2011-05-01,173.0,10.9,0.29,False
Kara,Maize (white),2011-06-01,180.0,9.09,0.24,False
Kara,Maize (white),2011-07-01,192.0,19.25,0.55,False
Kara,Maize (white),2011-08-01,191.0,10.4,0.28,False
Kara,Maize (white),2011-09-01,166.0,-7.78,-0.4,False
Kara,Maize (white),2011-10-01,154.0,-19.79,-0.9,False
Kara,Maize (white),2011-11-01,153.0,-19.9,-0.9,False
Kara,Maize (white),2011-12-01,168.0,1.2,-0.03,False
Kara,Maize (white),2012-01-01,166.0,7.79,0.2,False
Kara,Maize (white),2012-02-01,175.0,14.38,0.41,False
Kara,Maize (white),2012-03-01,177.0,5.36,0.09,False
Kara,Maize (white),2012-04-01,179.0,7.83,0.15,False
Kara,Maize (white),2012-05-01,182.0,4.0,0.02,False
Kara,Maize (white),2012-06-01,177.0,0.0,-0.14,False
Kara,Maize (white),2012-07-01,161.0,-10.06,-0.53,False
Kara,Maize (white),2012-08-01,163.0,-10.44,-0.55,False
Kara,Maize (white),2012-09-01,182.0,2.82,-0.03,False
Kara,Maize (white),2012-10-01,176.0,9.32,0.19,False
Kara,Maize (white),2012-11-01,182.0,11.66,0.3,False
Kara,Maize (white),2012-12-01,181.0,-0.55,-0.12,False
Kara,Maize (white),2013-01-01,212.0,20.45,0.67,False
Kara,Maize (white),2013-02-01,209.0,14.84,0.49,False
Kara,Maize (white),2013-03-01,189.0,4.42,0.11,False
Kara,Maize (white),2013-04-01,155.0,-26.89,-1.3,False
Kara,Maize (white),2013-05-01,149.0,-28.71,-1.36,False
Kara,Maize (white),2013-06-01,160.0,-15.34,-0.63,False
Kara,Maize (white),2013-07-01,160.0,3.23,0.18,False
Kara,Maize (white),2013-08-01,163.0,9.4,0.45,False
Kara,Maize (white),2013-09-01,183.0,14.38,0.65,False
Kara,Maize (white),2013-10-01,198.0,23.75,0.95,False
Kara,Maize (white),2013-11-01,199.0,22.09,0.89,False
Kara,Maize (white),2013-12-01,148.0,-19.13,-1.03,False
Kara,Maize (white),2014-01-01,147.0,-25.76,-1.41,False
Kara,Maize (white),2014-02-01,157.0,-21.11,-1.08,False
Kara,Maize (white),2014-03-01,162.0,9.46,0.44,False
Kara,Maize (white),2014-04-01,151.0,2.72,0.15,False
Kara,Maize (white),2014-05-01,155.0,-1.27,-0.02,False
Kara,Maize (white),2014-06-01,135.0,-16.67,-0.78,False
Kara,Maize (white),2014-07-01,139.0,-7.95,-0.31,False
Kara,Maize (white),2014-08-01,132.0,-14.84,-0.68,False
Kara,Maize (white),2014-09-01,127.0,-5.93,-0.24,False
Kara,Maize (white),2014-10-01,112.0,-19.42,-1.02,False
Kara,Maize (white),2014-11-01,132.0,0.0,-0.0,False
Kara,Maize (white),2014-12-01,132.0,3.94,0.16,False
Kara,Maize (white),2015-01-01,158.0,41.07,1.71,False
Kara,Maize (white),2015-02-01,156.0,18.18,0.89,False
Kara,Maize (white),2015-03-01,158.0,19.7,1.09,False
Kara,Maize (white),2015-04-01,160.0,1.27,0.16,False
Kara,Maize (white),2015-05-01,163.0,4.49,0.34,False
Kara,Maize (white),2015-06-01,177.0,12.03,0.77,False
Kara,Maize (white),2015-07-01,152.0,-5.0,-0.35,False
Kara,Maize (white),2015-08-01,164.0,0.61,0.02,False
Kara,Maize (white),2015-09-01,188.0,6.21,0.37,False
Kara,Maize (white),2015-10-01,171.0,12.5,0.75,False
Kara,Maize (white),2015-11-01,163.0,-0.61,-0.12,False
Kara,Maize (white),2015-12-01,163.0,-13.3,-1.06,False
Kara,Maize (white),2016-01-01,169.0,-1.17,-0.16,False
Kara,Maize (white),2016-02-01,173.0,6.13,0.34,False
Kara,Maize (white),2016-03-01,176.0,7.98,0.48,False
Kara,Maize (white),2016-04-01,175.0,3.55,0.21,False
Kara,Maize (white),2016-05-01,180.0,4.05,0.25,False
Kara,Maize (white),2016-06-01,182.0,3.41,0.21,False
Kara,Maize (white),2016-07-01,179.0,2.29,0.14,False
Kara,Maize (white),2016-08-01,171.0,-5.0,-0.36,False
Kara,Maize (white),2016-09-01,170.0,-6.59,-0.47,False
Kara,Maize (white),2016-10-01,143.0,-20.11,-1.59,False
Kara,Maize (white),2016-11-01,121.0,-29.24,-2.45,False
Kara,Maize (white),2016-12-01,132.0,-22.35,-1.72,False
Kara,Maize (white),2017-01-01,118.0,-17.48,-1.24,False
Kara,Maize (white),2017-02-01,121.0,0.0,0.09,False
Kara,Maize (white),2017-03-01,124.0,-6.06,-0.32,False
Kara,Maize (white),2017-04-01,126.0,6.78,0.56,False
Kara,Maize (white),2017-05-01,131.0,8.26,0.66,False
Kara,Maize (white),2017-06-01,134.0,8.06,0.64,False
Kara,Maize (white),2017-07-01,142.0,12.7,0.91,False
Kara,Maize (white),2017-08-01,143.0,9.16,0.67,False
Kara,Maize (white),2017-09-01,132.0,-1.49,-0.04,False
Kara,Maize (white),2017-10-01,131.0,-7.75,-0.48,False
Kara,Maize (white),2017-11-01,132.0,-7.69,-0.45,False
Kara,Maize (white),2017-12-01,139.0,5.3,0.45,False
Kara,Maize (white),2018-01-01,161.0,22.9,1.49,False
Kara,Maize (white),2018-02-01,167.0,26.52,1.68,False
Kara,Maize (white),2018-03-01,171.0,23.02,1.46,False
Kara,Maize (white),2018-04-01,168.0,4.35,0.34,False
Kara,Maize (white),2018-05-01,172.0,2.99,0.23,False
Kara,Maize (white),2018-06-01,175.0,2.34,0.15,False
Kara,Maize (white),2018-07-01,181.0,7.74,0.5,False
Kara,Maize (white),2018-08-01,178.0,3.49,0.2,False
Kara,Maize (white),2018-09-01,160.0,-8.57,-0.68,False
Kara,Maize (white),2018-10-01,158.0,-12.71,-0.98,False
Kara,Maize (white),2018-11-01,157.0,-11.8,-0.88,False
Kara,Maize (white),2018-12-01,160.0,0.0,0.07,False
Kara,Maize (white),2019-01-01,167.0,5.7,0.46,False
Kara,Maize (white),2019-02-01,155.0,-1.27,-0.1,False
Kara,Maize (white),2019-03-01,155.0,-3.12,-0.28,False
Kara,Maize (white),2019-04-01,155.0,-7.19,-0.61,False
Kara,Maize (white),2019-05-01,155.0,0.0,0.0,False
Kara,Maize (white),2019-06-01,,0.65,0.05,False
Kara,Maize (white),2019-07-01,157.0,1.29,0.08,False
Kara,Maize (white),2019-08-01,157.0,1.29,0.07,False
Kara,Maize (white),2019-09-01,153.0,-1.92,-0.22,False
Kara,Maize (white),2019-10-01,125.0,-20.38,-1.99,False
Kara,Maize (white),2019-11-01,134.0,-14.65,-1.39,False
Kara,Maize (white),2019-12-01,146.0,-4.58,-0.43,False
Kara,Maize (white),2020-01-01,150.0,20.0,1.47,False
Kara,Maize (white),2020-02-01,144.0,7.46,0.62,False
Kara,Maize (white),2020-03-01,144.0,-1.37,-0.12,False
Kara,Maize (white),2020-04-01,153.0,2.0,0.21,False
Kara,Maize (white),2020-05-01,163.0,13.19,1.15,False
Kara,Maize (white),2020-06-01,165.0,14.58,1.24,False
Kara,Maize (white),2020-07-01,169.0,10.46,0.9,False
Kara,Maize (white),2020-08-01,192.0,17.79,1.44,False
Kara,Maize (white),2020-09-01,188.0,13.94,1.11,False
Kara,Maize (white),2020-10-01,160.0,-5.33,-0.51,False
Kara,Maize (white),2020-11-01,150.0,-21.88,-2.16,False
Kara,Maize (white),2020-12-01,192.0,2.13,0.2,False
Kara,Maize (white),2021-01-01,192.0,20.0,1.54,False
Kara,Maize (white),2021-02-01,187.0,24.67,1.8,False
Kara,Maize (white),2021-03-01,200.0,4.17,0.28,False
Kara,Maize (white),2021-04-01,231.0,20.31,1.46,False
Kara,Maize (white),2021-05-01,265.0,41.71,2.72,True
Kara,Maize (white),2021-06-01,240.0,20.0,1.27,False
Kara,Maize (white),2021-07-01,230.0,-0.43,-0.15,False
Kara,Maize (white),2021-08-01,266.0,0.38,-0.09,False
Kara,Maize (white),2021-09-01,250.0,4.17,0.18,False
Kara,Maize (white),2021-10-01,225.0,-2.17,-0.3,False
Kara,Maize (white),2021-11-01,202.0,-24.06,-2.28,False
Kara,Maize (white),2021-12-01,253.0,1.2,-0.08,False
Kara,Maize (white),2022-01-01,269.0,19.56,1.24,False
Kara,Maize (white),2022-02-01,269.0,33.17,2.11,True
Kara,Maize (white),2022-03-01,270.0,6.72,0.22,False
Kara,Maize (white),2022-04-01,280.0,4.09,0.0,False
Kara,Maize (white),2022-05-01,270.0,0.37,-0.29,False
Kara,Maize (white),2022-06-01,270.0,0.0,-0.31,False
Kara,Rice (imported),2003-04-01,325.0,4.5,0.33,False
Kara,Rice (imported),2003-05-01,329.0,3.79,0.26,False
Kara,Rice (imported),2003-06-01,337.0,3.37,0.21,False
Kara,Rice (imported),2003-07-01,342.0,5.23,0.4,False
Kara,Rice (imported),2003-08-01,345.0,4.86,0.35,False
Kara,Rice (imported),2003-09-01,348.0,3.26,0.17,False
Kara,Rice (imported),2003-10-01,348.0,1.75,-0.0,False
Kara,Rice (imported),2003-11-01,359.0,4.06,0.26,False
Kara,Rice (imported),2003-12-01,370.0,6.32,0.51,False
Kara,Rice (imported),2004-01-01,323.0,-7.18,-1.12,False
Kara,Rice (imported),2004-02-01,336.0,-6.41,-0.99,False
Kara,Rice (imported),2004-03-01,349.0,-5.68,-0.87,False
Kara,Rice (imported),2004-04-01,367.0,13.62,1.38,False
Kara,Rice (imported),2004-05-01,345.0,2.68,0.13,False
Kara,Rice (imported),2004-06-01,280.0,-19.77,-2.83,False
Kara,Rice (imported),2004-07-01,323.0,-11.99,-1.52,False
Kara,Rice (imported),2004-08-01,333.0,-3.48,-0.45,False
Kara,Rice (imported),2004-09-01,312.0,11.43,1.13,False
Kara,Rice (imported),2004-10-01,290.0,-10.22,-1.26,False
Kara,Rice (imported),2004-11-01,339.0,1.8,0.14,False
Kara,Rice (imported),2004-12-01,367.0,17.63,1.73,False
Kara,Rice (imported),2005-01-01,323.0,11.38,1.07,False
Kara,Rice (imported),2005-02-01,331.0,-2.36,-0.37,False
Kara,Rice (imported),2005-03-01,339.0,-7.63,-0.97,False
Kara,Rice (imported),2005-04-01,316.0,-2.17,-0.33,False
Kara,Rice (imported),2005-05-01,352.0,6.34,0.59,False
Kara,Rice (imported),2005-06-01,356.0,5.01,0.44,False
Kara,Rice (imported),2005-07-01,319.0,0.95,-0.0,False
Kara,Rice (imported),2005-08-01,330.0,-6.25,-0.83,False
Kara,Rice (imported),2005-09-01,271.0,-23.88,-3.17,False
Kara,Rice (imported),2005-10-01,383.0,20.06,1.88,False
Kara,Rice (imported),2005-11-01,357.0,8.18,0.74,False
Kara,Rice (imported),2005-12-01,339.0,25.09,2.22,True
Kara,Rice (imported),2006-01-01,304.0,-20.63,-2.4,False
Kara,Rice (imported),2006-02-01,297.0,-16.81,-1.82,False
Kara,Rice (imported),2006-03-01,319.0,-5.9,-0.61,False
Kara,Rice (imported),2006-04-01,288.0,-5.26,-0.54,False
Kara,Rice (imported),2006-05-01,325.0,9.43,0.82,False
Kara,Rice (imported),2006-06-01,352.0,10.34,0.88,False
Kara,Rice (imported),2006-07-01,274.0,-4.86,-0.53,False
Kara,Rice (imported),2006-08-01,265.0,-18.46,-1.95,False
Kara,Rice (imported),2006-09-01,300.0,-14.77,-1.46,False
Kara,Rice (imported),2006-10-01,238.0,-13.14,-1.25,False
Kara,Rice (imported),2006-11-01,230.0,-13.21,-1.22,False
Kara,Rice (imported),2006-12-01,235.0,-21.67,-2.07,False
Kara,Rice (imported),2007-01-01,301.0,26.47,2.14,True
Kara,Rice (imported),2007-02-01,296.0,28.7,2.18,True
Kara,Rice (imported),2007-03-01,284.0,20.85,1.58,False
Kara,Rice (imported),2007-04-01,280.0,-6.98,-0.52,False
Kara,Rice (imported),2007-05-01,300.0,1.35,0.17,False
Kara,Rice (imported),2007-06-01,278.0,-2.11,-0.1,False
Kara,Rice (imported),2007-07-01,285.0,1.79,0.21,False
Kara,Rice (imported),2007-08-01,270.0,-10.0,-0.81,False
Kara,Rice (imported),2007-09-01,333.0,19.78,1.5,False
Kara,Rice (imported),2007-10-01,278.0,-2.46,-0.16,False
Kara,Rice (imported),2007-11-01,294.0,8.89,0.77,False
Kara,Rice (imported),2007-12-01,289.0,-13.21,-1.09,False
Kara,Rice (imported),2008-01-01,308.0,10.79,0.91,False
Kara,Rice (imported),2008-02-01,313.0,6.46,0.56,False
Kara,Rice (imported),2008-03-01,325.0,12.46,0.99,False
Kara,Rice (imported),2008-04-01,334.0,8.44,0.66,False
Kara,Rice (imported),2008-05-01,374.0,19.49,1.44,False
Kara,Rice (imported),2008-06-01,458.0,40.92,2.71,True
Kara,Rice (imported),2008-07-01,447.0,33.83,2.13,True
Kara,Rice (imported),2008-08-01,425.0,13.64,0.84,False
Kara,Rice (imported),2008-09-01,422.0,-7.86,-0.68,False
Kara,Rice (imported),2008-10-01,429.0,-4.03,-0.38,False
Kara,Rice (imported),2008-11-01,415.0,-2.35,-0.24,False
Kara,Rice (imported),2008-12-01,408.0,-3.32,-0.31,False
Kara,Rice (imported),2009-01-01,406.0,-5.36,-0.45,False
Kara,Rice (imported),2009-02-01,408.0,-1.69,-0.18,False
Kara,Rice (imported),2009-03-01,422.0,3.43,0.18,False
Kara,Rice (imported),2009-04-01,406.0,0.0,-0.07,False
Kara,Rice (imported),2009-05-01,461.0,12.99,0.83,False
Kara,Rice (imported),2009-06-01,420.0,-0.47,-0.1,False
Kara,Rice (imported),2009-07-01,426.0,4.93,0.26,False
Kara,Rice (imported),2009-08-01,403.0,-12.58,-1.12,False
Kara,Rice (imported),2009-09-01,418.0,-0.48,-0.14,False
Kara,Rice (imported),2009-10-01,415.0,-2.58,-0.29,False
Kara,Rice (imported),2009-11-01,429.0,6.45,0.36,False
Kara,Rice (imported),2009-12-01,401.0,-4.07,-0.42,False
Kara,Rice (imported),2010-01-01,430.0,3.61,0.18,False
Kara,Rice (imported),2010-02-01,430.0,0.23,-0.06,False
Kara,Rice (imported),2010-03-01,514.0,28.18,1.8,False
Kara,Rice (imported),2010-04-01,417.0,-3.02,-0.35,False
Kara,Rice (imported),2010-05-01,422.0,-1.86,-0.26,False
Kara,Rice (imported),2010-06-01,402.0,-21.79,-1.93,False
Kara,Rice (imported),2010-07-01,407.0,-2.4,-0.24,False
Kara,Rice (imported),2010-08-01,426.0,0.95,0.0,False
Kara,Rice (imported),2010-09-01,429.0,6.72,0.39,False
Kara,Rice (imported),2010-10-01,444.0,9.09,0.53,False
Kara,Rice (imported),2010-11-01,444.0,4.23,0.2,False
Kara,Rice (imported),2010-12-01,445.0,3.73,0.17,False
Kara,Rice (imported),2011-01-01,405.0,-8.78,-0.79,False
Kara,Rice (imported),2011-02-01,418.0,-5.86,-0.58,False
Kara,Rice (imported),2011-03-01,431.0,-3.15,-0.38,False
Kara,Rice (imported),2011-04-01,444.0,9.63,0.62,False
Kara,Rice (imported),2011-05-01,427.0,2.15,0.03,False
Kara,Rice (imported),2011-06-01,429.0,-0.46,-0.17,False
Kara,Rice (imported),2011-07-01,444.0,0.0,-0.12,False
Kara,Rice (imported),2011-08-01,428.0,0.23,-0.11,False
Kara,Rice (imported),2011-09-01,432.0,0.7,-0.1,False
Kara,Rice (imported),2011-10-01,428.0,-3.6,-0.5,False
Kara,Rice (imported),2011-11-01,436.0,1.87,-0.05,False
Kara,Rice (imported),2011-12-01,456.0,5.56,0.24,False
Kara,Rice (imported),2012-01-01,422.0,-1.4,-0.42,False
Kara,Rice (imported),2012-02-01,422.0,-3.21,-0.58,False
Kara,Rice (imported),2012-03-01,424.0,-7.02,-0.95,False
Kara,Rice (imported),2012-04-01,440.0,4.27,0.24,False
Kara,Rice (imported),2012-05-01,429.0,1.66,-0.04,False
Kara,Rice (imported),2012-06-01,473.0,11.56,0.91,False
Kara,Rice (imported),2012-07-01,427.0,-2.95,-0.53,False
Kara,Rice (imported),2012-08-01,441.0,2.8,0.06,False
Kara,Rice (imported),2012-09-01,450.0,-4.86,-0.76,False
Kara,Rice (imported),2012-10-01,429.0,0.47,-0.16,False
Kara,Rice (imported),2012-11-01,464.0,5.22,0.32,False
Kara,Rice (imported),2012-12-01,460.0,2.22,0.02,False
Kara,Rice (imported),2013-01-01,457.0,6.53,0.44,False
Kara,Rice (imported),2013-02-01,459.0,-1.08,-0.36,False
Kara,Rice (imported),2013-03-01,434.0,-5.65,-0.86,False
Kara,Rice (imported),2013-04-01,433.0,-5.25,-0.78,False
Kara,Rice (imported),2013-05-01,431.0,-6.1,-0.85,False
Kara,Rice (imported),2013-06-01,445.0,2.53,0.15,False
Kara,Rice (imported),2013-07-01,443.0,2.31,0.21,False
Kara,Rice (imported),2013-08-01,457.0,6.03,0.82,False
Kara,Rice (imported),2013-09-01,454.0,2.02,0.29,False
Kara,Rice (imported),2013-10-01,452.0,2.03,0.27,False
Kara,Rice (imported),2013-11-01,462.0,1.09,0.11,False
Kara,Rice (imported),2013-12-01,438.0,-3.52,-0.6,False
Kara,Rice (imported),2014-01-01,439.0,-2.88,-0.5,False
Kara,Rice (imported),2014-02-01,439.0,-4.98,-0.84,False
Kara,Rice (imported),2014-03-01,433.0,-1.14,-0.23,False
Kara,Rice (imported),2014-04-01,442.0,0.68,0.06,False
Kara,Rice (imported),2014-05-01,442.0,0.68,0.06,False
Kara,Rice (imported),2014-06-01,437.0,0.92,0.12,False
Kara,Rice (imported),2014-07-01,439.0,-0.68,-0.13,False
Kara,Rice (imported),2014-08-01,434.0,-1.81,-0.29,False
Kara,Rice (imported),2014-09-01,437.0,0.0,-0.04,False
Kara,Rice (imported),2014-10-01,437.0,-0.46,-0.11,False
Kara,Rice (imported),2014-11-01,440.0,1.38,0.18,False
Kara,Rice (imported),2014-12-01,446.0,2.06,0.3,False
Kara,Rice (imported),2015-01-01,445.0,1.83,0.25,False
Kara,Rice (imported),2015-02-01,445.0,1.14,0.14,False
Kara,Rice (imported),2015-03-01,450.0,0.9,0.1,False
Kara,Rice (imported),2015-04-01,455.0,2.25,0.45,False
Kara,Rice (imported),2015-05-01,454.0,2.02,0.39,False
Kara,Rice (imported),2015-06-01,452.0,0.44,0.08,False
Kara,Rice (imported),2015-07-01,464.0,1.98,0.37,False
Kara,Rice (imported),2015-08-01,464.0,2.2,0.41,False
Kara,Rice (imported),2015-09-01,462.0,2.21,0.41,False
Kara,Rice (imported),2015-10-01,454.0,-2.16,-0.67,False
Kara,Rice (imported),2015-11-01,454.0,-2.16,-0.65,False
Kara,Rice (imported),2015-12-01,452.0,-2.16,-0.63,False
Kara,Rice (imported),2016-01-01,478.0,5.29,1.33,False
Kara,Rice (imported),2016-02-01,500.0,10.13,2.56,True
Kara,Rice (imported),2016-03-01,500.0,10.62,2.54,True
Kara,Rice (imported),2016-04-01,500.0,4.6,0.94,False
Kara,Rice (imported),2016-05-01,498.0,-0.4,-0.3,False
Kara,Rice (imported),2016-06-01,498.0,-0.4,-0.29,False
Kara,Rice (imported),2016-07-01,500.0,0.0,-0.19,False
Kara,Rice (imported),2016-08-01,500.0,0.4,-0.08,False
Kara,Rice (imported),2016-09-01,500.0,0.4,-0.08,False
Kara,Rice (imported),2016-10-01,500.0,0.0,-0.19,False
Kara,Rice (imported),2016-11-01,502.0,0.4,-0.1,False
Kara,Rice (imported),2016-12-01,502.0,0.4,-0.09,False
Kara,Rice (imported),2017-01-01,468.0,-6.4,-1.98,False
Kara,Rice (imported),2017-02-01,471.0,-6.18,-1.83,False
Kara,Rice (imported),2017-03-01,477.0,-4.98,-1.46,False
Kara,Rice (imported),2017-04-01,475.0,1.5,0.25,False
Kara,Rice (imported),2017-05-01,475.0,0.85,0.09,False
Kara,Rice (imported),2017-06-01,477.0,0.0,-0.13,False
Kara,Rice (imported),2017-07-01,478.0,0.63,0.09,False
Kara,Rice (imported),2017-08-01,478.0,0.63,0.07,False
Kara,Rice (imported),2017-09-01,480.0,0.63,0.08,False
Kara,Rice (imported),2017-10-01,481.0,0.63,0.06,False
Kara,Rice (imported),2017-11-01,481.0,0.63,0.06,False
Kara,Rice (imported),2017-12-01,484.0,0.83,0.14,False
Kara,Rice (imported),2018-01-01,477.0,-0.83,-0.35,False
Kara,Rice (imported),2018-02-01,477.0,-0.83,-0.32,False
Kara,Rice (imported),2018-03-01,477.0,-1.45,-0.52,False
Kara,Rice (imported),2018-04-01,477.0,0.0,-0.09,False
Kara,Rice (imported),2018-05-01,477.0,0.0,-0.13,False
Kara,Rice (imported),2018-06-01,477.0,0.0,-0.17,False
Kara,Rice (imported),2018-07-01,477.0,0.0,-0.15,False
Kara,Rice (imported),2018-08-01,480.0,0.63,0.08,False
Kara,Rice (imported),2018-09-01,480.0,0.63,0.11,False
Kara,Rice (imported),2018-10-01,483.0,1.26,0.34,False
Kara,Rice (imported),2018-11-01,481.0,0.21,-0.03,False
Kara,Rice (imported),2018-12-01,481.0,0.21,-0.02,False
Kara,Rice (imported),2019-01-01,450.0,-6.83,-2.69,False
Kara,Rice (imported),2019-02-01,450.0,-6.44,-2.4,False
Kara,Rice (imported),2019-03-01,450.0,-6.44,-2.34,False
Kara,Rice (imported),2019-04-01,450.0,0.0,-0.05,False
Kara,Rice (imported),2019-05-01,450.0,0.0,-0.04,False
Kara,Rice (imported),2019-06-01,,0.0,-0.04,False
Kara,Rice (imported),2019-07-01,450.0,0.0,-0.04,False
Kara,Rice (imported),2019-08-01,450.0,0.0,-0.04,False
Kara,Rice (imported),2019-09-01,450.0,0.0,-0.05,False
Kara,Rice (imported),2019-10-01,400.0,-11.11,-3.9,False
Kara,Rice (imported),2019-11-01,450.0,0.0,0.01,False
Kara,Rice (imported),2019-12-01,450.0,0.0,0.02,False
Kara,Rice (imported),2020-01-01,450.0,12.5,3.49,True
Kara,Rice (imported),2020-02-01,450.0,0.0,-0.02,False
Kara,Rice (imported),2020-03-01,450.0,0.0,-0.01,False
Kara,Rice (imported),2020-04-01,455.0,1.11,0.29,False
Kara,Rice (imported),2020-05-01,455.0,1.11,0.29,False
Kara,Rice (imported),2020-06-01,450.0,0.0,-0.0,False
Kara,Rice (imported),2020-07-01,450.0,-1.1,-0.3,False
Kara,Rice (imported),2020-08-01,450.0,-1.1,-0.28,False
Kara,Rice (imported),2020-09-01,450.0,0.0,0.03,False
Kara,Rice (imported),2020-10-01,450.0,0.0,0.04,False
Kara,Rice (imported),2020-11-01,450.0,0.0,0.03,False
Kara,Rice (imported),2020-12-01,450.0,0.0,0.02,False
Kara,Rice (imported),2021-01-01,450.0,0.0,0.01,False
Kara,Rice (imported),2021-02-01,450.0,0.0,0.03,False
Kara,Rice (imported),2021-03-01,450.0,0.0,0.08,False
Kara,Rice (imported),2021-04-01,450.0,0.0,0.15,False
Kara,Rice (imported),2021-05-01,480.0,6.67,2.33,True
Kara,Rice (imported),2021-06-01,480.0,6.67,2.2,True
Kara,Rice (imported),2021-07-01,480.0,6.67,2.08,True
Kara,Rice (imported),2021-08-01,475.0,-1.04,-0.25,False
Kara,Rice (imported),2021-09-01,475.0,-1.04,-0.25,False
Kara,Rice (imported),2021-10-01,465.0,-3.13,-0.87,False
Kara,Rice (imported),2021-11-01,470.0,-1.05,-0.23,False
Kara,Rice (imported),2021-12-01,465.0,-2.11,-0.54,False
Kara,Rice (imported),2022-01-01,470.0,1.08,0.42,False
Kara,Rice (imported),2022-02-01,472.0,0.43,0.2,False
Kara,Rice (imported),2022-03-01,472.0,1.51,0.5,False
Kara,Rice (imported),2022-04-01,472.0,0.43,0.14,False
Kara,Rice (imported),2022-05-01,465.0,-1.48,-0.47,False
Kara,Rice (imported),2022-06-01,465.0,-1.48,-0.46,False
Kara,Sorghum,2003-04-01,107.0,-10.83,-0.43,False
Kara,Sorghum,2003-05-01,103.0,-16.26,-0.61,False
Kara,Sorghum,2003-06-01,108.0,-3.57,-0.17,False
Kara,Sorghum,2003-07-01,90.0,-15.89,-0.58,False
Kara,Sorghum,2003-08-01,90.0,-12.62,-0.45,False
Kara,Sorghum,2003-09-01,83.0,-23.15,-0.84,False
Kara,Sorghum,2003-10-01,85.0,-5.56,-0.17,False
Kara,Sorghum,2003-11-01,83.0,-7.78,-0.25,False
Kara,Sorghum,2003-12-01,67.0,-19.28,-0.67,False
Kara,Sorghum,2004-01-01,70.0,-17.65,-0.59,False
Kara,Sorghum,2004-02-01,75.0,-9.64,-0.28,False
Kara,Sorghum,2004-03-01,82.0,22.39,0.75,False
Kara,Sorghum,2004-04-01,100.0,42.86,1.25,False
Kara,Sorghum,2004-05-01,100.0,33.33,0.98,False
Kara,Sorghum,2004-06-01,114.0,39.02,1.09,False
Kara,Sorghum,2004-07-01,121.0,21.0,0.6,False
Kara,Sorghum,2004-08-01,132.0,32.0,0.88,False
Kara,Sorghum,2004-09-01,146.0,28.07,0.76,False
Kara,Sorghum,2004-10-01,175.0,44.63,1.16,False
Kara,Sorghum,2004-11-01,160.0,21.21,0.53,False
Kara,Sorghum,2004-12-01,106.0,-27.4,-1.23,False
Kara,Sorghum,2005-01-01,115.0,-34.29,-1.54,False
Kara,Sorghum,2005-02-01,121.0,-24.37,-1.01,False
Kara,Sorghum,2005-03-01,139.0,31.13,0.86,False
Kara,Sorghum,2005-04-01,143.0,24.35,0.66,False
Kara,Sorghum,2005-05-01,159.0,31.4,0.84,False
Kara,Sorghum,2005-06-01,170.0,22.3,0.58,False
Kara,Sorghum,2005-07-01,232.0,62.24,1.54,False
Kara,Sorghum,2005-08-01,254.0,59.75,1.44,False
Kara,Sorghum,2005-09-01,231.0,35.88,0.86,False
Kara,Sorghum,2005-10-01,339.0,46.12,1.09,False
Kara,Sorghum,2005-11-01,260.0,2.36,-0.12,False
Kara,Sorghum,2005-12-01,148.0,-35.93,-1.7,False
Kara,Sorghum,2006-01-01,126.0,-62.83,-3.46,False
Kara,Sorghum,2006-02-01,149.0,-42.69,-1.8,False
Kara,Sorghum,2006-03-01,136.0,-8.11,-0.32,False
Kara,Sorghum,2006-04-01,131.0,3.97,0.05,False
Kara,Sorghum,2006-05-01,147.0,-1.34,-0.08,False
Kara,Sorghum,2006-06-01,131.0,-3.68,-0.13,False
Kara,Sorghum,2006-07-01,132.0,0.76,0.02,False
Kara,Sorghum,2006-08-01,124.0,-15.65,-0.54,False
Kara,Sorghum,2006-09-01,140.0,6.87,0.22,False
Kara,Sorghum,2006-10-01,110.0,-16.67,-0.55,False
Kara,Sorghum,2006-11-01,115.0,-7.26,-0.19,False
Kara,Sorghum,2006-12-01,112.0,-20.0,-0.64,False
Kara,Sorghum,2007-01-01,96.0,-12.73,-0.36,False
Kara,Sorghum,2007-02-01,111.0,-3.48,-0.05,False
Kara,Sorghum,2007-03-01,99.0,-11.61,-0.38,False
Kara,Sorghum,2007-04-01,104.0,8.33,0.33,False
Kara,Sorghum,2007-05-01,108.0,-2.7,-0.02,False
Kara,Sorghum,2007-06-01,108.0,9.09,0.37,False
Kara,Sorghum,2007-07-01,110.0,5.77,0.25,False
Kara,Sorghum,2007-08-01,118.0,9.26,0.36,False
Kara,Sorghum,2007-09-01,116.0,7.41,0.32,False
Kara,Sorghum,2007-10-01,144.0,30.91,1.01,False
Kara,Sorghum,2007-11-01,160.0,35.59,1.13,False
Kara,Sorghum,2007-12-01,129.0,11.21,0.41,False
Kara,Sorghum,2008-01-01,133.0,-7.64,-0.3,False
Kara,Sorghum,2008-02-01,154.0,-3.75,-0.18,False
Kara,Sorghum,2008-03-01,161.0,24.81,0.8,False
Kara,Sorghum,2008-04-01,169.0,27.07,0.86,False
Kara,Sorghum,2008-05-01,197.0,27.92,0.86,False
Kara,Sorghum,2008-06-01,238.0,47.83,1.37,False
Kara,Sorghum,2008-07-01,257.0,52.07,1.43,False
Kara,Sorghum,2008-08-01,277.0,40.61,1.09,False
Kara,Sorghum,2008-09-01,284.0,19.33,0.46,False
Kara,Sorghum,2008-10-01,294.0,14.4,0.28,False
Kara,Sorghum,2008-11-01,298.0,7.58,0.05,False
Kara,Sorghum,2008-12-01,181.0,-36.27,-1.88,False
Kara,Sorghum,2009-01-01,196.0,-33.33,-1.67,False
Kara,Sorghum,2009-02-01,190.0,-36.24,-1.78,False
Kara,Sorghum,2009-03-01,185.0,2.21,-0.09,False
Kara,Sorghum,2009-04-01,195.0,-0.51,-0.18,False
Kara,Sorghum,2009-05-01,212.0,11.58,0.24,False
Kara,Sorghum,2009-06-01,198.0,7.03,0.11,False
Kara,Sorghum,2009-07-01,191.0,-2.05,-0.19,False
Kara,Sorghum,2009-08-01,194.0,-8.49,-0.42,False
Kara,Sorghum,2009-09-01,205.0,3.54,0.04,False
Kara,Sorghum,2009-10-01,192.0,0.52,-0.05,False
Kara,Sorghum,2009-11-01,204.0,5.15,0.13,False
Kara,Sorghum,2009-12-01,134.0,-34.63,-1.6,False
Kara,Sorghum,2010-01-01,170.0,-11.46,-0.48,False
Kara,Sorghum,2010-02-01,168.0,-17.65,-0.77,False
Kara,Sorghum,2010-03-01,172.0,28.36,0.87,False
Kara,Sorghum,2010-04-01,180.0,5.88,0.15,False
Kara,Sorghum,2010-05-01,184.0,9.52,0.29,False
Kara,Sorghum,2010-06-01,156.0,-9.3,-0.4,False
Kara,Sorghum,2010-07-01,155.0,-13.89,-0.58,False
Kara,Sorghum,2010-08-01,162.0,-11.96,-0.47,False
Kara,Sorghum,2010-09-01,168.0,7.69,0.36,False
Kara,Sorghum,2010-10-01,186.0,20.0,0.82,False
Kara,Sorghum,2010-11-01,175.0,8.02,0.41,False
Kara,Sorghum,2010-12-01,134.0,-20.24,-0.84,False
Kara,Sorghum,2011-01-01,154.0,-17.2,-0.71,False
Kara,Sorghum,2011-02-01,159.0,-9.14,-0.45,False
Kara,Sorghum,2011-03-01,180.0,34.33,1.53,False
Kara,Sorghum,2011-04-01,186.0,20.78,0.93,False
Kara,Sorghum,2011-05-01,184.0,15.72,0.69,False
Kara,Sorghum,2011-06-01,216.0,20.0,0.86,False
Kara,Sorghum,2011-07-01,214.0,15.05,0.62,False
Kara,Sorghum,2011-08-01,224.0,21.74,0.89,False
Kara,Sorghum,2011-09-01,222.0,2.78,0.01,False
Kara,Sorghum,2011-10-01,189.0,-11.68,-0.76,False
Kara,Sorghum,2011-11-01,266.0,18.75,0.74,False
Kara,Sorghum,2011-12-01,278.0,25.23,0.99,False
Kara,Sorghum,2012-01-01,207.0,9.52,0.27,False
Kara,Sorghum,2012-02-01,208.0,-21.8,-1.48,False
Kara,Sorghum,2012-03-01,215.0,-22.66,-1.49,False
Kara,Sorghum,2012-04-01,207.0,0.0,-0.18,False
Kara,Sorghum,2012-05-01,210.0,0.96,-0.13,False
Kara,Sorghum,2012-06-01,211.0,-1.86,-0.27,False
Kara,Sorghum,2012-07-01,220.0,6.28,0.14,False
Kara,Sorghum,2012-08-01,231.0,10.0,0.31,False
Kara,Sorghum,2012-09-01,207.0,-1.9,-0.27,False
Kara,Sorghum,2012-10-01,216.0,-1.82,-0.25,False
Kara,Sorghum,2012-11-01,214.0,-7.36,-0.53,False
Kara,Sorghum,2012-12-01,213.0,2.9,0.04,False
Kara,Sorghum,2013-01-01,220.0,1.85,-0.01,False
Kara,Sorghum,2013-02-01,223.0,4.21,0.1,False
Kara,Sorghum,2013-03-01,207.0,-2.82,-0.27,False
Kara,Sorghum,2013-04-01,193.0,-12.27,-0.78,False
Kara,Sorghum,2013-05-01,197.0,-11.66,-0.71,False
Kara,Sorghum,2013-06-01,230.0,11.11,0.52,False
Kara,Sorghum,2013-07-01,235.0,21.76,1.07,False
Kara,Sorghum,2013-08-01,236.0,19.8,1.04,False
Kara,Sorghum,2013-09-01,228.0,-0.87,-0.02,False
Kara,Sorghum,2013-10-01,242.0,2.98,0.22,False
Kara,Sorghum,2013-11-01,254.0,7.63,0.49,False
Kara,Sorghum,2013-12-01,213.0,-6.58,-0.34,False
Kara,Sorghum,2014-01-01,218.0,-9.92,-0.63,False
Kara,Sorghum,2014-02-01,217.0,-14.57,-1.05,False
Kara,Sorghum,2014-03-01,217.0,1.88,0.08,False
Kara,Sorghum,2014-04-01,225.0,3.21,0.18,False
Kara,Sorghum,2014-05-01,224.0,3.23,0.17,False
Kara,Sorghum,2014-06-01,220.0,1.38,0.06,False
Kara,Sorghum,2014-07-01,220.0,-2.22,-0.2,False
Kara,Sorghum,2014-08-01,221.0,-1.34,-0.13,False
Kara,Sorghum,2014-09-01,217.0,-1.36,-0.14,False
Kara,Sorghum,2014-10-01,218.0,-0.91,-0.1,False
Kara,Sorghum,2014-11-01,188.0,-14.93,-1.19,False
Kara,Sorghum,2014-12-01,196.0,-9.68,-0.73,False
Kara,Sorghum,2015-01-01,238.0,9.17,0.62,False
Kara,Sorghum,2015-02-01,240.0,27.66,1.8,False
Kara,Sorghum,2015-03-01,240.0,22.45,1.42,False
Kara,Sorghum,2015-04-01,242.0,1.68,-0.0,False
Kara,Sorghum,2015-05-01,247.0,2.92,0.1,False
Kara,Sorghum,2015-06-01,238.0,-0.83,-0.18,False
Kara,Sorghum,2015-07-01,172.0,-28.93,-2.8,False
Kara,Sorghum,2015-08-01,174.0,-29.55,-2.71,False
Kara,Sorghum,2015-09-01,182.0,-23.53,-1.97,False
Kara,Sorghum,2015-10-01,176.0,2.33,0.13,False
Kara,Sorghum,2015-11-01,177.0,1.72,0.11,False
Kara,Sorghum,2015-12-01,178.0,-2.2,-0.16,False
Kara,Sorghum,2016-01-01,162.0,-7.95,-0.62,False
Kara,Sorghum,2016-02-01,188.0,6.21,0.39,False
Kara,Sorghum,2016-03-01,191.0,7.3,0.45,False
Kara,Sorghum,2016-04-01,190.0,17.28,1.17,False
Kara,Sorghum,2016-05-01,188.0,0.0,-0.03,False
Kara,Sorghum,2016-06-01,181.0,-5.24,-0.42,False
Kara,Sorghum,2016-07-01,183.0,-3.68,-0.27,False
Kara,Sorghum,2016-08-01,179.0,-4.79,-0.34,False
Kara,Sorghum,2016-09-01,179.0,-1.1,-0.01,False
Kara,Sorghum,2016-10-01,122.0,-33.33,-3.17,False
Kara,Sorghum,2016-11-01,116.0,-35.2,-3.13,False
Kara,Sorghum,2016-12-01,128.0,-28.49,-2.18,False
Kara,Sorghum,2017-01-01,132.0,8.2,0.78,False
Kara,Sorghum,2017-02-01,139.0,19.83,1.49,False
Kara,Sorghum,2017-03-01,141.0,10.16,0.86,False
Kara,Sorghum,2017-04-01,143.0,8.33,0.72,False
Kara,Sorghum,2017-05-01,146.0,5.04,0.49,False
Kara,Sorghum,2017-06-01,145.0,2.84,0.33,False
Kara,Sorghum,2017-07-01,143.0,0.0,0.13,False
Kara,Sorghum,2017-08-01,141.0,-3.42,-0.11,False
Kara,Sorghum,2017-09-01,129.0,-11.03,-0.67,False
Kara,Sorghum,2017-10-01,129.0,-9.79,-0.56,False
Kara,Sorghum,2017-11-01,129.0,-8.51,-0.45,False
Kara,Sorghum,2017-12-01,143.0,10.85,0.9,False
Kara,Sorghum,2018-01-01,178.0,37.98,2.42,True
Kara,Sorghum,2018-02-01,182.0,41.09,2.42,True
Kara,Sorghum,2018-03-01,182.0,27.27,1.62,False
Kara,Sorghum,2018-04-01,180.0,1.12,0.13,False
Kara,Sorghum,2018-05-01,211.0,15.93,0.97,False
Kara,Sorghum,2018-06-01,217.0,19.23,1.11,False
Kara,Sorghum,2018-07-01,242.0,34.44,1.85,False
Kara,Sorghum,2018-08-01,244.0,15.64,0.88,False
Kara,Sorghum,2018-09-01,212.0,-2.3,-0.14,False
Kara,Sorghum,2018-10-01,217.0,-10.33,-0.67,False
Kara,Sorghum,2018-11-01,219.0,-10.25,-0.65,False
Kara,Sorghum,2018-12-01,220.0,3.77,0.26,False
Kara,Sorghum,2019-01-01,213.0,-1.84,-0.09,False
Kara,Sorghum,2019-02-01,190.0,-13.24,-0.86,False
Kara,Sorghum,2019-03-01,190.0,-13.64,-0.89,False
Kara,Sorghum,2019-04-01,190.0,-10.8,-0.67,False
Kara,Sorghum,2019-05-01,190.0,0.0,0.04,False
Kara,Sorghum,2019-06-01,,0.53,0.08,False
Kara,Sorghum,2019-07-01,192.0,1.05,0.11,False
Kara,Sorghum,2019-08-01,190.0,0.0,0.04,False
Kara,Sorghum,2019-09-01,190.0,-0.52,0.01,False
Kara,Sorghum,2019-10-01,192.0,0.0,0.04,False
Kara,Sorghum,2019-11-01,180.0,-5.26,-0.29,False
Kara,Sorghum,2019-12-01,215.0,13.16,0.79,False
Kara,Sorghum,2020-01-01,200.0,4.17,0.26,False
Kara,Sorghum,2020-02-01,200.0,11.11,0.66,False
Kara,Sorghum,2020-03-01,220.0,2.33,0.17,False
Kara,Sorghum,2020-04-01,245.0,22.5,1.33,False
Kara,Sorghum,2020-05-01,245.0,22.5,1.29,False
Kara,Sorghum,2020-06-01,245.0,11.36,0.67,False
Kara,Sorghum,2020-07-01,265.0,8.16,0.48,False
Kara,Sorghum,2020-08-01,260.0,6.12,0.33,False
Kara,Sorghum,2020-09-01,260.0,6.12,0.3,False
Kara,Sorghum,2020-10-01,265.0,0.0,-0.14,False
Kara,Sorghum,2020-11-01,200.0,-23.08,-1.93,False
Kara,Sorghum,2020-12-01,245.0,-5.77,-0.49,False
Kara,Sorghum,2021-01-01,240.0,-9.43,-0.75,False
Kara,Sorghum,2021-02-01,262.0,31.0,1.7,False
Kara,Sorghum,2021-03-01,270.0,10.2,0.52,False
Kara,Sorghum,2021-04-01,280.0,16.67,0.88,False
Kara,Sorghum,2021-05-01,295.0,12.6,0.65,False
Kara,Sorghum,2021-06-01,310.0,14.81,0.76,False
Kara,Sorghum,2021-07-01,310.0,10.71,0.51,False
Kara,Sorghum,2021-08-01,320.0,8.47,0.36,False
Kara,Sorghum,2021-09-01,325.0,4.84,0.13,False
Kara,Sorghum,2021-10-01,315.0,1.61,-0.08,False
Kara,Sorghum,2021-11-01,280.0,-12.5,-1.17,False
Kara,Sorghum,2021-12-01,276.0,-15.08,-1.54,False
Kara,Sorghum,2022-01-01,276.0,-12.38,-1.39,False
Kara,Sorghum,2022-02-01,275.0,-1.79,-0.45,False
Kara,Sorghum,2022-03-01,275.0,-0.36,-0.32,False
Kara,Sorghum,2022-04-01,280.0,1.45,-0.16,False
Kara,Sorghum,2022-05-01,315.0,14.55,0.81,False
Kara,Sorghum,2022-06-01,309.0,12.36,0.64,False
Korbongou,Cassava meal (gari),2003-04-01,190.0,6.74,0.03,False
Korbongou,Cassava meal (gari),2003-05-01,137.0,-25.95,-0.7,False
Korbongou,Cassava meal (gari),2003-06-01,132.0,-32.65,-0.87,False
Korbongou,Cassava meal (gari),2003-07-01,114.0,-40.0,-1.08,False
Korbongou,Cassava meal (gari),2003-08-01,119.0,-13.14,-0.29,False
Korbongou,Cassava meal (gari),2003-09-01,120.0,-9.09,-0.19,False
Korbongou,Cassava meal (gari),2003-10-01,123.0,7.89,0.17,False
Korbongou,Cassava meal (gari),2003-11-01,107.0,-10.08,-0.22,False
Korbongou,Cassava meal (gari),2003-12-01,116.0,-3.33,-0.06,False
Korbongou,Cassava meal (gari),2004-01-01,125.0,1.63,0.05,False
Korbongou,Cassava meal (gari),2004-02-01,115.0,7.48,0.18,False
Korbongou,Cassava meal (gari),2004-03-01,127.0,9.48,0.22,False
Korbongou,Cassava meal (gari),2004-04-01,117.0,-6.4,-0.15,False
Korbongou,Cassava meal (gari),2004-05-01,116.0,0.87,0.03,False
Korbongou,Cassava meal (gari),2004-06-01,115.0,-9.45,-0.23,False
Korbongou,Cassava meal (gari),2004-07-01,125.0,6.84,0.17,False
Korbongou,Cassava meal (gari),2004-08-01,124.0,6.9,0.17,False
Korbongou,Cassava meal (gari),2004-09-01,130.0,13.04,0.31,False
Korbongou,Cassava meal (gari),2004-10-01,125.0,0.0,-0.0,False
Korbongou,Cassava meal (gari),2004-11-01,132.0,6.45,0.15,False
Korbongou,Cassava meal (gari),2004-12-01,139.0,6.92,0.16,False
Korbongou,Cassava meal (gari),2005-01-01,136.0,8.8,0.21,False
Korbongou,Cassava meal (gari),2005-02-01,137.0,3.79,0.08,False
Korbongou,Cassava meal (gari),2005-03-01,130.0,-6.47,-0.19,False
Korbongou,Cassava meal (gari),2005-04-01,143.0,5.15,0.12,False
Korbongou,Cassava meal (gari),2005-05-01,202.0,47.45,1.02,False
Korbongou,Cassava meal (gari),2005-06-01,222.0,70.77,1.4,False
Korbongou,Cassava meal (gari),2005-07-01,247.0,72.73,1.39,False
Korbongou,Cassava meal (gari),2005-08-01,236.0,16.83,0.32,False
Korbongou,Cassava meal (gari),2005-09-01,205.0,-7.66,-0.31,False
Korbongou,Cassava meal (gari),2005-10-01,241.0,-2.43,-0.16,False
Korbongou,Cassava meal (gari),2005-11-01,247.0,4.66,0.03,False
Korbongou,Cassava meal (gari),2005-12-01,248.0,20.98,0.43,False
Korbongou,Cassava meal (gari),2006-01-01,258.0,7.05,0.09,False
Korbongou,Cassava meal (gari),2006-02-01,244.0,-1.21,-0.13,False
Korbongou,Cassava meal (gari),2006-03-01,236.0,-4.84,-0.24,False
Korbongou,Cassava meal (gari),2006-04-01,286.0,10.85,0.19,False
Korbongou,Cassava meal (gari),2006-05-01,244.0,0.0,-0.06,False
Korbongou,Cassava meal (gari),2006-06-01,255.0,8.05,0.27,False
Korbongou,Cassava meal (gari),2006-07-01,245.0,-14.34,-0.52,False
Korbongou,Cassava meal (gari),2006-08-01,248.0,1.64,0.1,False
Korbongou,Cassava meal (gari),2006-09-01,250.0,-1.96,-0.04,False
Korbongou,Cassava meal (gari),2006-10-01,253.0,3.27,0.1,False
Korbongou,Cassava meal (gari),2006-11-01,255.0,2.82,0.05,False
Korbongou,Cassava meal (gari),2006-12-01,260.0,4.0,0.06,False
Korbongou,Cassava meal (gari),2007-01-01,266.0,5.14,0.1,False
Korbongou,Cassava meal (gari),2007-02-01,242.0,-5.1,-0.36,False
Korbongou,Cassava meal (gari),2007-03-01,237.0,-8.85,-0.65,False
Korbongou,Cassava meal (gari),2007-04-01,240.0,-9.77,-0.69,False
Korbongou,Cassava meal (gari),2007-05-01,233.0,-3.72,-0.33,False
Korbongou,Cassava meal (gari),2007-06-01,262.0,10.55,0.42,False
Korbongou,Cassava meal (gari),2007-07-01,250.0,4.17,0.11,False
Korbongou,Cassava meal (gari),2007-08-01,221.0,-5.15,-0.36,False
Korbongou,Cassava meal (gari),2007-09-01,227.0,-13.36,-0.85,False
Korbongou,Cassava meal (gari),2007-10-01,227.0,-9.2,-0.65,False
Korbongou,Cassava meal (gari),2007-11-01,227.0,2.71,0.09,False
Korbongou,Cassava meal (gari),2007-12-01,182.0,-19.82,-1.41,False
Korbongou,Cassava meal (gari),2008-01-01,205.0,-9.69,-0.64,False
Korbongou,Cassava meal (gari),2008-02-01,206.0,-9.25,-0.61,False
Korbongou,Cassava meal (gari),2008-03-01,206.0,13.19,0.72,False
Korbongou,Cassava meal (gari),2008-04-01,193.0,-5.85,-0.39,False
Korbongou,Cassava meal (gari),2008-05-01,209.0,1.46,0.07,False
Korbongou,Cassava meal (gari),2008-06-01,223.0,8.25,0.44,False
Korbongou,Cassava meal (gari),2008-07-01,236.0,22.28,1.21,False
Korbongou,Cassava meal (gari),2008-08-01,235.0,12.44,0.64,False
Korbongou,Cassava meal (gari),2008-09-01,194.0,-13.0,-1.25,False
Korbongou,Cassava meal (gari),2008-10-01,185.0,-21.61,-1.99,False
Korbongou,Cassava meal (gari),2008-11-01,174.0,-25.96,-2.29,False
Korbongou,Cassava meal (gari),2008-12-01,197.0,1.55,-0.05,False
Korbongou,Cassava meal (gari),2009-01-01,180.0,-2.7,-0.35,False
Korbongou,Cassava meal (gari),2009-02-01,199.0,14.37,0.75,False
Korbongou,Cassava meal (gari),2009-03-01,226.0,14.72,0.76,False
Korbongou,Cassava meal (gari),2009-04-01,216.0,20.0,1.06,False
Korbongou,Cassava meal (gari),2009-05-01,232.0,16.58,0.83,False
Korbongou,Cassava meal (gari),2009-06-01,236.0,4.42,0.08,False
Korbongou,Cassava meal (gari),2009-07-01,220.0,1.85,-0.1,False
Korbongou,Cassava meal (gari),2009-08-01,217.0,-6.47,-0.67,False
Korbongou,Cassava meal (gari),2009-09-01,217.0,-8.05,-0.76,False
Korbongou,Cassava meal (gari),2009-10-01,199.0,-9.55,-0.85,False
Korbongou,Cassava meal (gari),2009-11-01,210.0,-3.23,-0.39,False
Korbongou,Cassava meal (gari),2009-12-01,214.0,-1.38,-0.25,False
Korbongou,Cassava meal (gari),2010-01-01,216.0,8.54,0.39,False
Korbongou,Cassava meal (gari),2010-02-01,197.0,-6.19,-0.57,False
Korbongou,Cassava meal (gari),2010-03-01,178.0,-16.82,-1.35,False
Korbongou,Cassava meal (gari),2010-04-01,215.0,-0.46,-0.15,False
Korbongou,Cassava meal (gari),2010-05-01,200.0,1.52,-0.02,False
Korbongou,Cassava meal (gari),2010-06-01,232.0,30.34,1.74,False
Korbongou,Cassava meal (gari),2010-07-01,240.0,11.63,0.77,False
Korbongou,Cassava meal (gari),2010-08-01,240.0,20.0,1.61,False
Korbongou,Cassava meal (gari),2010-09-01,243.0,4.74,0.4,False
Korbongou,Cassava meal (gari),2010-10-01,211.0,-12.08,-1.16,False
Korbongou,Cassava meal (gari),2010-11-01,203.0,-15.42,-1.47,False
Korbongou,Cassava meal (gari),2010-12-01,198.0,-18.52,-1.73,False
Korbongou,Cassava meal (gari),2011-01-01,199.0,-5.69,-0.42,False
Korbongou,Cassava meal (gari),2011-02-01,213.0,4.93,0.51,False
Korbongou,Cassava meal (gari),2011-03-01,218.0,10.1,0.91,False
Korbongou,Cassava meal (gari),2011-04-01,207.0,4.02,0.4,False
Korbongou,Cassava meal (gari),2011-05-01,200.0,-6.1,-0.46,False
Korbongou,Cassava meal (gari),2011-06-01,203.0,-6.88,-0.52,False
Korbongou,Cassava meal (gari),2011-07-01,215.0,3.86,0.43,False
Korbongou,Cassava meal (gari),2011-08-01,208.0,4.0,0.42,False
Korbongou,Cassava meal (gari),2011-09-01,159.0,-21.67,-2.04,False
Korbongou,Cassava meal (gari),2011-10-01,200.0,-6.98,-0.5,False
Korbongou,Cassava meal (gari),2011-11-01,205.0,-1.44,-0.0,False
Korbongou,Cassava meal (gari),2011-12-01,212.0,33.33,2.54,True
Korbongou,Cassava meal (gari),2012-01-01,215.0,7.5,0.66,False
Korbongou,Cassava meal (gari),2012-02-01,238.0,16.1,1.27,False
Korbongou,Cassava meal (gari),2012-03-01,227.0,7.08,0.59,False
Korbongou,Cassava meal (gari),2012-04-01,218.0,1.4,0.14,False
Korbongou,Cassava meal (gari),2012-05-01,209.0,-12.18,-1.01,False
Korbongou,Cassava meal (gari),2012-06-01,216.0,-4.85,-0.36,False
Korbongou,Cassava meal (gari),2012-07-01,225.0,3.21,0.3,False
Korbongou,Cassava meal (gari),2012-08-01,217.0,3.83,0.35,False
Korbongou,Cassava meal (gari),2012-09-01,228.0,5.56,0.47,False
Korbongou,Cassava meal (gari),2012-10-01,218.0,-3.11,-0.24,False
Korbongou,Cassava meal (gari),2012-11-01,226.0,4.15,0.33,False
Korbongou,Cassava meal (gari),2012-12-01,219.0,-3.95,-0.32,False
Korbongou,Cassava meal (gari),2013-01-01,223.0,2.29,0.17,False
Korbongou,Cassava meal (gari),2013-02-01,233.0,3.1,0.22,False
Korbongou,Cassava meal (gari),2013-03-01,234.0,6.85,0.5,False
Korbongou,Cassava meal (gari),2013-04-01,236.0,5.83,0.43,False
Korbongou,Cassava meal (gari),2013-05-01,252.0,8.15,0.59,False
Korbongou,Cassava meal (gari),2013-06-01,219.0,-6.41,-0.62,False
Korbongou,Cassava meal (gari),2013-07-01,221.0,-6.36,-0.6,False
Korbongou,Cassava meal (gari),2013-08-01,301.0,19.44,1.5,False
Korbongou,Cassava meal (gari),2013-09-01,304.0,38.81,2.74,True
Korbongou,Cassava meal (gari),2013-10-01,304.0,37.56,2.48,True
Korbongou,Cassava meal (gari),2013-11-01,283.0,-5.98,-0.65,False
Korbongou,Cassava meal (gari),2013-12-01,261.0,-14.14,-1.48,False
Korbongou,Cassava meal (gari),2014-01-01,272.0,-10.53,-1.09,False
Korbongou,Cassava meal (gari),2014-02-01,251.0,-11.31,-1.14,False
Korbongou,Cassava meal (gari),2014-03-01,265.0,1.53,-0.0,False
Korbongou,Cassava meal (gari),2014-04-01,265.0,-2.57,-0.32,False
Korbongou,Cassava meal (gari),2014-05-01,287.0,14.34,1.03,False
Korbongou,Cassava meal (gari),2014-06-01,381.0,43.77,2.96,True
Korbongou,Cassava meal (gari),2014-07-01,277.0,4.53,0.23,False
Korbongou,Cassava meal (gari),2014-08-01,272.0,-5.23,-0.54,False
Korbongou,Cassava meal (gari),2014-09-01,193.0,-49.34,-5.44,False
Korbongou,Cassava meal (gari),2014-10-01,237.0,-14.44,-1.04,False
Korbongou,Cassava meal (gari),2014-11-01,260.0,-4.41,-0.32,False
Korbongou,Cassava meal (gari),2014-12-01,241.0,24.87,1.39,False
Korbongou,Cassava meal (gari),2015-01-01,262.0,10.55,0.58,False
Korbongou,Cassava meal (gari),2015-02-01,264.0,1.54,0.04,False
Korbongou,Cassava meal (gari),2015-03-01,262.0,8.71,0.46,False
Korbongou,Cassava meal (gari),2015-04-01,282.0,7.63,0.38,False
Korbongou,Cassava meal (gari),2015-05-01,290.0,9.85,0.5,False
Korbongou,Cassava meal (gari),2015-06-01,265.0,1.15,-0.04,False
Korbongou,Cassava meal (gari),2015-07-01,273.0,-3.19,-0.29,False
Korbongou,Cassava meal (gari),2015-08-01,229.0,-21.03,-1.6,False
Korbongou,Cassava meal (gari),2015-09-01,270.0,1.89,0.1,False
Korbongou,Cassava meal (gari),2015-10-01,261.0,-4.4,-0.31,False
Korbongou,Cassava meal (gari),2015-11-01,246.0,7.42,0.43,False
Korbongou,Cassava meal (gari),2015-12-01,277.0,2.59,0.11,False
Korbongou,Cassava meal (gari),2016-01-01,281.0,7.66,0.41,False
Korbongou,Cassava meal (gari),2016-02-01,266.0,8.13,0.42,False
Korbongou,Cassava meal (gari),2016-03-01,307.0,10.83,0.58,False
Korbongou,Cassava meal (gari),2016-04-01,288.0,2.49,0.06,False
Korbongou,Cassava meal (gari),2016-05-01,295.0,10.9,0.59,False
Korbongou,Cassava meal (gari),2016-06-01,317.0,3.26,0.1,False
Korbongou,Cassava meal (gari),2016-07-01,364.0,26.39,1.43,False
Korbongou,Cassava meal (gari),2016-08-01,346.0,17.29,0.89,False
Korbongou,Cassava meal (gari),2016-09-01,355.0,11.99,0.58,False
Korbongou,Cassava meal (gari),2016-10-01,287.0,-21.15,-1.79,False
Korbongou,Cassava meal (gari),2016-11-01,242.0,-30.06,-2.51,False
Korbongou,Cassava meal (gari),2016-12-01,290.0,-18.31,-1.39,False
Korbongou,Cassava meal (gari),2017-01-01,298.0,3.83,0.15,False
Korbongou,Cassava meal (gari),2017-02-01,304.0,25.62,1.34,False
Korbongou,Cassava meal (gari),2017-03-01,304.0,4.83,0.2,False
Korbongou,Cassava meal (gari),2017-04-01,307.0,3.02,0.1,False
Korbongou,Cassava meal (gari),2017-05-01,319.0,4.93,0.21,False
Korbongou,Cassava meal (gari),2017-06-01,335.0,10.2,0.5,False
Korbongou,Cassava meal (gari),2017-07-01,355.0,15.64,0.78,False
Korbongou,Cassava meal (gari),2017-08-01,359.0,12.54,0.6,False
Korbongou,Cassava meal (gari),2017-09-01,353.0,5.37,0.18,False
Korbongou,Cassava meal (gari),2017-10-01,307.0,-13.52,-1.04,False
Korbongou,Cassava meal (gari),2017-11-01,321.0,-10.58,-0.82,False
Korbongou,Cassava meal (gari),2017-12-01,305.0,-13.6,-1.01,False
Korbongou,Cassava meal (gari),2018-01-01,296.0,-3.58,-0.32,False
Korbongou,Cassava meal (gari),2018-02-01,294.0,-8.41,-0.63,False
Korbongou,Cassava meal (gari),2018-03-01,296.0,-2.95,-0.27,False
Korbongou,Cassava meal (gari),2018-04-01,283.0,-4.39,-0.35,False
Korbongou,Cassava meal (gari),2018-05-01,300.0,2.04,0.06,False
Korbongou,Cassava meal (gari),2018-06-01,303.0,2.36,0.08,False
Korbongou,Cassava meal (gari),2018-07-01,309.0,9.19,0.46,False
Korbongou,Cassava meal (gari),2018-08-01,307.0,2.33,0.06,False
Korbongou,Cassava meal (gari),2018-09-01,276.0,-8.91,-0.64,False
Korbongou,Cassava meal (gari),2018-10-01,288.0,-6.8,-0.47,False
Korbongou,Cassava meal (gari),2018-11-01,279.0,-9.12,-0.61,False
Korbongou,Cassava meal (gari),2018-12-01,283.0,2.54,0.18,False
Korbongou,Cassava meal (gari),2019-01-01,292.0,1.39,0.09,False
Korbongou,Cassava meal (gari),2019-02-01,279.0,0.0,-0.02,False
Korbongou,Cassava meal (gari),2019-03-01,275.0,-2.83,-0.22,False
Korbongou,Cassava meal (gari),2019-04-01,283.0,-3.08,-0.23,False
Korbongou,Cassava meal (gari),2019-05-01,269.0,-3.58,-0.26,False
Korbongou,Cassava meal (gari),2019-06-01,,-3.82,-0.26,False
Korbongou,Cassava meal (gari),2019-07-01,260.0,-8.13,-0.55,False
Korbongou,Cassava meal (gari),2019-08-01,272.0,1.12,0.14,False
Korbongou,Cassava meal (gari),2019-09-01,269.0,1.7,0.17,False
Korbongou,Cassava meal (gari),2019-10-01,273.0,5.0,0.4,False
Korbongou,Cassava meal (gari),2019-11-01,240.0,-11.76,-1.21,False
Korbongou,Cassava meal (gari),2019-12-01,261.0,-2.97,-0.33,False
Korbongou,Cassava meal (gari),2020-01-01,283.0,3.66,0.31,False
Korbongou,Cassava meal (gari),2020-02-01,283.0,17.92,1.53,False
Korbongou,Cassava meal (gari),2020-03-01,282.0,8.05,0.67,False
Korbongou,Cassava meal (gari),2020-04-01,269.0,-4.95,-0.5,False
Korbongou,Cassava meal (gari),2020-05-01,304.0,7.42,0.64,False
Korbongou,Cassava meal (gari),2020-06-01,300.0,6.38,0.56,False
Korbongou,Cassava meal (gari),2020-07-01,300.0,11.52,0.98,False
Korbongou,Cassava meal (gari),2020-08-01,306.0,0.66,0.02,False
Korbongou,Cassava meal (gari),2020-09-01,300.0,0.0,-0.08,False
Korbongou,Cassava meal (gari),2020-10-01,297.0,-1.0,-0.17,False
Korbongou,Cassava meal (gari),2020-11-01,275.0,-10.13,-1.1,False
Korbongou,Cassava meal (gari),2020-12-01,279.0,-7.0,-0.74,False
Korbongou,Cassava meal (gari),2021-01-01,305.0,2.69,0.21,False
Korbongou,Cassava meal (gari),2021-02-01,341.0,24.0,2.0,True
Korbongou,Cassava meal (gari),2021-03-01,348.0,24.73,1.98,False
Korbongou,Cassava meal (gari),2021-04-01,345.0,13.11,1.04,False
Korbongou,Cassava meal (gari),2021-05-01,400.0,17.3,1.34,False
Korbongou,Cassava meal (gari),2021-06-01,400.0,14.94,1.14,False
Korbongou,Cassava meal (gari),2021-07-01,385.0,11.59,0.85,False
Korbongou,Cassava meal (gari),2021-08-01,430.0,7.5,0.56,False
Korbongou,Cassava meal (gari),2021-09-01,418.0,4.5,0.32,False
Korbongou,Cassava meal (gari),2021-10-01,405.0,5.19,0.4,False
Korbongou,Cassava meal (gari),2021-11-01,400.0,-6.98,-0.8,False
Korbongou,Cassava meal (gari),2021-12-01,425.0,1.67,-0.0,False
Korbongou,Cassava meal (gari),2022-01-01,434.0,7.16,0.55,False
Korbongou,Cassava meal (gari),2022-02-01,434.0,8.5,0.68,False
Korbongou,Cassava meal (gari),2022-03-01,435.0,2.35,0.05,False
Korbongou,Cassava meal (gari),2022-04-01,435.0,0.23,-0.19,False
Korbongou,Cassava meal (gari),2022-05-01,440.0,1.38,-0.05,False
Korbongou,Cassava meal (gari),2022-06-01,470.0,8.05,0.71,False
Korbongou,Maize (white),2003-04-01,105.0,1.94,0.03,False
Korbongou,Maize (white),2003-05-01,87.0,-12.12,-0.47,False
Korbongou,Maize (white),2003-06-01,93.0,-9.71,-0.37,False
Korbongou,Maize (white),2003-07-01,69.0,-34.29,-1.47,False
Korbongou,Maize (white),2003-08-01,62.0,-28.74,-1.11,False
Korbongou,Maize (white),2003-09-01,59.0,-36.56,-1.47,False
Korbongou,Maize (white),2003-10-01,56.0,-18.84,-0.57,False
Korbongou,Maize (white),2003-11-01,56.0,-9.68,-0.19,False
Korbongou,Maize (white),2003-12-01,58.0,-1.69,0.1,False
Korbongou,Maize (white),2004-01-01,59.0,5.36,0.34,False
Korbongou,Maize (white),2004-02-01,65.0,16.07,0.68,False
Korbongou,Maize (white),2004-03-01,84.0,44.83,1.46,False
Korbongou,Maize (white),2004-04-01,78.0,32.2,1.08,False
Korbongou,Maize (white),2004-05-01,65.0,0.0,0.06,False
Korbongou,Maize (white),2004-06-01,87.0,3.57,0.19,False
Korbongou,Maize (white),2004-07-01,89.0,14.1,0.53,False
Korbongou,Maize (white),2004-08-01,104.0,60.0,1.76,False
Korbongou,Maize (white),2004-09-01,98.0,12.64,0.43,False
Korbongou,Maize (white),2004-10-01,103.0,15.73,0.52,False
Korbongou,Maize (white),2004-11-01,87.0,-16.35,-0.67,False
Korbongou,Maize (white),2004-12-01,103.0,5.1,0.18,False
Korbongou,Maize (white),2005-01-01,105.0,1.94,0.06,False
Korbongou,Maize (white),2005-02-01,95.0,9.2,0.32,False
Korbongou,Maize (white),2005-03-01,125.0,21.36,0.71,False
Korbongou,Maize (white),2005-04-01,159.0,51.43,1.54,False
Korbongou,Maize (white),2005-05-01,177.0,86.32,2.26,True
Korbongou,Maize (white),2005-06-01,216.0,72.8,1.86,False
Korbongou,Maize (white),2005-07-01,263.0,65.41,1.63,False
Korbongou,Maize (white),2005-08-01,248.0,40.11,1.0,False
Korbongou,Maize (white),2005-09-01,142.0,-34.26,-1.63,False
Korbongou,Maize (white),2005-10-01,96.0,-63.5,-3.58,False
Korbongou,Maize (white),2005-11-01,112.0,-54.84,-2.53,False
Korbongou,Maize (white),2005-12-01,121.0,-14.79,-0.5,False
Korbongou,Maize (white),2006-01-01,86.0,-10.42,-0.35,False
Korbongou,Maize (white),2006-02-01,99.0,-11.61,-0.39,False
Korbongou,Maize (white),2006-03-01,101.0,-16.53,-0.56,False
Korbongou,Maize (white),2006-04-01,121.0,40.7,1.03,False
Korbongou,Maize (white),2006-05-01,97.0,-2.02,-0.06,False
Korbongou,Maize (white),2006-06-01,102.0,0.99,0.03,False
Korbongou,Maize (white),2006-07-01,113.0,-6.61,-0.2,False
Korbongou,Maize (white),2006-08-01,100.0,3.09,0.12,False
Korbongou,Maize (white),2006-09-01,89.0,-12.75,-0.38,False
Korbongou,Maize (white),2006-10-01,92.0,-18.58,-0.61,False
Korbongou,Maize (white),2006-11-01,95.0,-5.0,-0.13,False
Korbongou,Maize (white),2006-12-01,100.0,12.36,0.38,False
Korbongou,Maize (white),2007-01-01,78.0,-15.22,-0.48,False
Korbongou,Maize (white),2007-02-01,105.0,10.53,0.35,False
Korbongou,Maize (white),2007-03-01,93.0,-7.0,-0.21,False
Korbongou,Maize (white),2007-04-01,92.0,17.95,0.56,False
Korbongou,Maize (white),2007-05-01,74.0,-29.52,-1.1,False
Korbongou,Maize (white),2007-06-01,72.0,-22.58,-0.77,False
Korbongou,Maize (white),2007-07-01,89.0,-3.26,-0.05,False
Korbongou,Maize (white),2007-08-01,90.0,21.62,0.72,False
Korbongou,Maize (white),2007-09-01,95.0,31.94,1.01,False
Korbongou,Maize (white),2007-10-01,175.0,96.63,2.29,True
Korbongou,Maize (white),2007-11-01,131.0,45.56,1.22,False
Korbongou,Maize (white),2007-12-01,129.0,35.79,0.95,False
Korbongou,Maize (white),2008-01-01,148.0,-15.43,-0.62,False
Korbongou,Maize (white),2008-02-01,163.0,24.43,0.66,False
Korbongou,Maize (white),2008-03-01,190.0,47.29,1.19,False
Korbongou,Maize (white),2008-04-01,185.0,25.0,0.64,False
Korbongou,Maize (white),2008-05-01,209.0,28.22,0.7,False
Korbongou,Maize (white),2008-06-01,225.0,18.42,0.43,False
Korbongou,Maize (white),2008-07-01,240.0,29.73,0.71,False
Korbongou,Maize (white),2008-08-01,236.0,12.92,0.23,False
Korbongou,Maize (white),2008-09-01,178.0,-20.89,-0.96,False
Korbongou,Maize (white),2008-10-01,133.0,-44.58,-2.17,False
Korbongou,Maize (white),2008-11-01,144.0,-38.98,-1.77,False
Korbongou,Maize (white),2008-12-01,128.0,-28.09,-1.19,False
Korbongou,Maize (white),2009-01-01,145.0,9.02,0.13,False
Korbongou,Maize (white),2009-02-01,154.0,6.94,0.07,False
Korbongou,Maize (white),2009-03-01,167.0,30.47,0.7,False
Korbongou,Maize (white),2009-04-01,162.0,11.72,0.22,False
Korbongou,Maize (white),2009-05-01,158.0,2.6,-0.04,False
Korbongou,Maize (white),2009-06-01,173.0,3.59,-0.01,False
Korbongou,Maize (white),2009-07-01,156.0,-3.7,-0.24,False
Korbongou,Maize (white),2009-08-01,163.0,3.16,-0.01,False
Korbongou,Maize (white),2009-09-01,160.0,-7.51,-0.34,False
Korbongou,Maize (white),2009-10-01,122.0,-21.79,-0.87,False
Korbongou,Maize (white),2009-11-01,122.0,-25.15,-0.98,False
Korbongou,Maize (white),2009-12-01,134.0,-16.25,-0.61,False
Korbongou,Maize (white),2010-01-01,149.0,22.13,0.59,False
Korbongou,Maize (white),2010-02-01,158.0,29.51,0.76,False
Korbongou,Maize (white),2010-03-01,161.0,20.15,0.52,False
Korbongou,Maize (white),2010-04-01,164.0,10.07,0.24,False
Korbongou,Maize (white),2010-05-01,160.0,1.27,-0.0,False
Korbongou,Maize (white),2010-06-01,138.0,-14.29,-0.52,False
Korbongou,Maize (white),2010-07-01,136.0,-17.07,-0.6,False
Korbongou,Maize (white),2010-08-01,128.0,-20.0,-0.7,False
Korbongou,Maize (white),2010-09-01,126.0,-8.7,-0.21,False
Korbongou,Maize (white),2010-10-01,108.0,-20.59,-0.73,False
Korbongou,Maize (white),2010-11-01,97.0,-24.22,-1.05,False
Korbongou,Maize (white),2010-12-01,129.0,2.38,0.11,False
Korbongou,Maize (white),2011-01-01,166.0,53.7,1.84,False
Korbongou,Maize (white),2011-02-01,141.0,45.36,1.52,False
Korbongou,Maize (white),2011-03-01,141.0,9.3,0.29,False
Korbongou,Maize (white),2011-04-01,135.0,-18.67,-0.95,False
Korbongou,Maize (white),2011-05-01,140.0,-0.71,-0.09,False
Korbongou,Maize (white),2011-06-01,183.0,29.79,1.03,False
Korbongou,Maize (white),2011-07-01,182.0,34.81,1.16,False
Korbongou,Maize (white),2011-08-01,174.0,24.29,0.79,False
Korbongou,Maize (white),2011-09-01,169.0,-7.65,-0.43,False
Korbongou,Maize (white),2011-10-01,133.0,-26.92,-1.39,False
Korbongou,Maize (white),2011-11-01,113.0,-35.06,-1.85,False
Korbongou,Maize (white),2011-12-01,131.0,-22.49,-1.08,False
Korbongou,Maize (white),2012-01-01,171.0,28.57,0.93,False
Korbongou,Maize (white),2012-02-01,175.0,54.87,1.62,False
Korbongou,Maize (white),2012-03-01,168.0,28.24,0.85,False
Korbongou,Maize (white),2012-04-01,173.0,1.17,-0.08,False
Korbongou,Maize (white),2012-05-01,189.0,8.0,0.18,False
Korbongou,Maize (white),2012-06-01,182.0,8.33,0.17,False
Korbongou,Maize (white),2012-07-01,193.0,11.56,0.27,False
Korbongou,Maize (white),2012-08-01,204.0,7.94,0.13,False
Korbongou,Maize (white),2012-09-01,197.0,8.24,0.15,False
Korbongou,Maize (white),2012-10-01,174.0,-9.84,-0.56,False
Korbongou,Maize (white),2012-11-01,174.0,-14.71,-0.77,False
Korbongou,Maize (white),2012-12-01,172.0,-12.69,-0.65,False
Korbongou,Maize (white),2013-01-01,185.0,6.32,0.22,False
Korbongou,Maize (white),2013-02-01,180.0,3.45,0.09,False
Korbongou,Maize (white),2013-03-01,182.0,5.81,0.2,False
Korbongou,Maize (white),2013-04-01,158.0,-14.59,-0.72,False
Korbongou,Maize (white),2013-05-01,163.0,-9.44,-0.43,False
Korbongou,Maize (white),2013-06-01,151.0,-17.03,-0.8,False
Korbongou,Maize (white),2013-07-01,148.0,-6.33,-0.23,False
Korbongou,Maize (white),2013-08-01,160.0,-1.84,0.0,False
Korbongou,Maize (white),2013-09-01,161.0,6.62,0.39,False
Korbongou,Maize (white),2013-10-01,180.0,21.62,0.97,False
Korbongou,Maize (white),2013-11-01,121.0,-24.37,-1.34,False
Korbongou,Maize (white),2013-12-01,123.0,-23.6,-1.36,False
Korbongou,Maize (white),2014-01-01,128.0,-28.89,-1.74,False
Korbongou,Maize (white),2014-02-01,132.0,9.09,0.46,False
Korbongou,Maize (white),2014-03-01,133.0,8.13,0.41,False
Korbongou,Maize (white),2014-04-01,179.0,39.84,1.73,False
Korbongou,Maize (white),2014-05-01,116.0,-12.12,-0.61,False
Korbongou,Maize (white),2014-06-01,119.0,-10.53,-0.51,False
Korbongou,Maize (white),2014-07-01,111.0,-37.99,-2.29,False
Korbongou,Maize (white),2014-08-01,106.0,-8.62,-0.34,False
Korbongou,Maize (white),2014-09-01,100.0,-15.97,-0.73,False
Korbongou,Maize (white),2014-10-01,110.0,-0.9,0.05,False
Korbongou,Maize (white),2014-11-01,113.0,6.6,0.38,False
Korbongou,Maize (white),2014-12-01,119.0,19.0,0.88,False
Korbongou,Maize (white),2015-01-01,122.0,10.91,0.52,False
Korbongou,Maize (white),2015-02-01,135.0,19.47,0.89,False
Korbongou,Maize (white),2015-03-01,129.0,8.4,0.43,False
Korbongou,Maize (white),2015-04-01,132.0,8.2,0.43,False
Korbongou,Maize (white),2015-05-01,167.0,23.7,1.08,False
Korbongou,Maize (white),2015-06-01,180.0,39.53,1.64,False
Korbongou,Maize (white),2015-07-01,189.0,43.18,1.69,False
Korbongou,Maize (white),2015-08-01,207.0,23.95,0.95,False
Korbongou,Maize (white),2015-09-01,201.0,11.67,0.43,False
Korbongou,Maize (white),2015-10-01,169.0,-10.58,-0.62,False
Korbongou,Maize (white),2015-11-01,127.0,-38.65,-2.42,False
Korbongou,Maize (white),2015-12-01,138.0,-31.34,-1.81,False
Korbongou,Maize (white),2016-01-01,145.0,-14.2,-0.74,False
Korbongou,Maize (white),2016-02-01,167.0,31.5,1.24,False
Korbongou,Maize (white),2016-03-01,177.0,28.26,1.14,False
Korbongou,Maize (white),2016-04-01,178.0,22.76,0.92,False
Korbongou,Maize (white),2016-05-01,180.0,7.78,0.29,False
Korbongou,Maize (white),2016-06-01,143.0,-19.21,-1.04,False
Korbongou,Maize (white),2016-07-01,145.0,-18.54,-0.96,False
Korbongou,Maize (white),2016-08-01,141.0,-21.67,-1.12,False
Korbongou,Maize (white),2016-09-01,138.0,-3.5,-0.11,False
Korbongou,Maize (white),2016-10-01,123.0,-15.17,-0.71,False
Korbongou,Maize (white),2016-11-01,111.0,-21.28,-1.08,False
Korbongou,Maize (white),2016-12-01,125.0,-9.42,-0.45,False
Korbongou,Maize (white),2017-01-01,134.0,8.94,0.43,False
Korbongou,Maize (white),2017-02-01,141.0,27.03,1.2,False
Korbongou,Maize (white),2017-03-01,156.0,24.8,1.16,False
Korbongou,Maize (white),2017-04-01,149.0,11.19,0.58,False
Korbongou,Maize (white),2017-05-01,155.0,9.93,0.52,False
Korbongou,Maize (white),2017-06-01,154.0,-1.28,-0.03,False
Korbongou,Maize (white),2017-07-01,163.0,9.4,0.5,False
Korbongou,Maize (white),2017-08-01,170.0,9.68,0.51,False
Korbongou,Maize (white),2017-09-01,140.0,-9.09,-0.44,False
Korbongou,Maize (white),2017-10-01,134.0,-17.79,-0.93,False
Korbongou,Maize (white),2017-11-01,131.0,-22.94,-1.25,False
Korbongou,Maize (white),2017-12-01,140.0,0.0,0.07,False
Korbongou,Maize (white),2018-01-01,158.0,17.91,0.89,False
Korbongou,Maize (white),2018-02-01,168.0,28.24,1.29,False
Korbongou,Maize (white),2018-03-01,172.0,22.86,1.05,False
Korbongou,Maize (white),2018-04-01,154.0,-2.53,-0.1,False
Korbongou,Maize (white),2018-05-01,172.0,2.38,0.13,False
Korbongou,Maize (white),2018-06-01,174.0,1.16,0.06,False
Korbongou,Maize (white),2018-07-01,178.0,15.58,0.7,False
Korbongou,Maize (white),2018-08-01,168.0,-2.33,-0.15,False
Korbongou,Maize (white),2018-09-01,136.0,-21.84,-1.25,False
Korbongou,Maize (white),2018-10-01,136.0,-23.6,-1.32,False
Korbongou,Maize (white),2018-11-01,123.0,-26.79,-1.48,False
Korbongou,Maize (white),2018-12-01,123.0,-9.56,-0.45,False
Korbongou,Maize (white),2019-01-01,115.0,-15.44,-0.8,False
Korbongou,Maize (white),2019-02-01,143.0,16.26,0.76,False
Korbongou,Maize (white),2019-03-01,121.0,-1.63,-0.08,False
Korbongou,Maize (white),2019-04-01,131.0,13.91,0.66,False
Korbongou,Maize (white),2019-05-01,118.0,-17.48,-0.95,False
Korbongou,Maize (white),2019-06-01,,0.41,0.05,False
Korbongou,Maize (white),2019-07-01,125.0,-4.58,-0.21,False
Korbongou,Maize (white),2019-08-01,144.0,22.03,1.05,False
Korbongou,Maize (white),2019-09-01,120.0,-1.23,-0.1,False
Korbongou,Maize (white),2019-10-01,114.0,-8.8,-0.54,False
Korbongou,Maize (white),2019-11-01,125.0,-13.19,-0.8,False
Korbongou,Maize (white),2019-12-01,121.0,0.83,0.02,False
Korbongou,Maize (white),2020-01-01,125.0,9.65,0.48,False
Korbongou,Maize (white),2020-02-01,148.0,18.4,0.89,False
Korbongou,Maize (white),2020-03-01,135.0,11.57,0.57,False
Korbongou,Maize (white),2020-04-01,135.0,8.0,0.4,False
Korbongou,Maize (white),2020-05-01,135.0,-8.78,-0.5,False
Korbongou,Maize (white),2020-06-01,135.0,0.0,0.01,False
Korbongou,Maize (white),2020-07-01,146.0,8.15,0.48,False
Korbongou,Maize (white),2020-08-01,150.0,11.11,0.68,False
Korbongou,Maize (white),2020-09-01,150.0,11.11,0.69,False
Korbongou,Maize (white),2020-10-01,140.0,-4.11,-0.16,False
Korbongou,Maize (white),2020-11-01,140.0,-6.67,-0.32,False
Korbongou,Maize (white),2020-12-01,135.0,-10.0,-0.62,False
Korbongou,Maize (white),2021-01-01,140.0,0.0,0.01,False
Korbongou,Maize (white),2021-02-01,156.0,11.43,0.71,False
Korbongou,Maize (white),2021-03-01,192.0,42.22,2.38,True
Korbongou,Maize (white),2021-04-01,192.0,37.14,2.07,True
Korbongou,Maize (white),2021-05-01,230.0,47.44,2.48,True
Korbongou,Maize (white),2021-06-01,240.0,25.0,1.33,False
Korbongou,Maize (white),2021-07-01,230.0,19.79,1.02,False
Korbongou,Maize (white),2021-08-01,245.0,6.52,0.26,False
Korbongou,Maize (white),2021-09-01,210.0,-12.5,-1.01,False
Korbongou,Maize (white),2021-10-01,210.0,-8.7,-0.72,False
Korbongou,Maize (white),2021-11-01,220.0,-10.2,-0.84,False
Korbongou,Maize (white),2021-12-01,240.0,14.29,0.68,False
Korbongou,Maize (white),2022-01-01,250.0,19.05,0.92,False
Korbongou,Maize (white),2022-02-01,255.0,15.91,0.74,False
Korbongou,Maize (white),2022-03-01,255.0,6.25,0.19,False
Korbongou,Maize (white),2022-04-01,270.0,8.0,0.32,False
Korbongou,Maize (white),2022-05-01,270.0,5.88,0.19,False
Korbongou,Maize (white),2022-06-01,265.0,3.92,0.07,False
Korbongou,Rice (imported),2003-04-01,306.0,2.0,0.09,False
Korbongou,Rice (imported),2003-05-01,305.0,-1.93,-0.37,False
Korbongou,Rice (imported),2003-06-01,304.0,-1.3,-0.29,False
Korbongou,Rice (imported),2003-07-01,322.0,5.23,0.49,False
Korbongou,Rice (imported),2003-08-01,310.0,1.64,0.06,False
Korbongou,Rice (imported),2003-09-01,304.0,0.0,-0.15,False
Korbongou,Rice (imported),2003-10-01,326.0,1.24,0.01,False
Korbongou,Rice (imported),2003-11-01,292.0,-5.81,-0.92,False
Korbongou,Rice (imported),2003-12-01,305.0,0.33,-0.08,False
Korbongou,Rice (imported),2004-01-01,215.0,-34.05,-5.59,False
Korbongou,Rice (imported),2004-02-01,178.0,-39.04,-4.7,False
Korbongou,Rice (imported),2004-03-01,223.0,-26.89,-2.23,False
Korbongou,Rice (imported),2004-04-01,225.0,4.65,0.51,False
Korbongou,Rice (imported),2004-05-01,227.0,27.53,1.94,False
Korbongou,Rice (imported),2004-06-01,246.0,10.31,0.8,False
Korbongou,Rice (imported),2004-07-01,218.0,-3.11,-0.13,False
Korbongou,Rice (imported),2004-08-01,254.0,11.89,0.9,False
Korbongou,Rice (imported),2004-09-01,215.0,-12.6,-0.88,False
Korbongou,Rice (imported),2004-10-01,222.0,1.83,0.23,False
Korbongou,Rice (imported),2004-11-01,235.0,-7.48,-0.47,False
Korbongou,Rice (imported),2004-12-01,213.0,-0.93,0.04,False
Korbongou,Rice (imported),2005-01-01,300.0,35.14,2.34,True
Korbongou,Rice (imported),2005-02-01,289.0,22.98,1.52,False
Korbongou,Rice (imported),2005-03-01,279.0,30.99,1.91,False
Korbongou,Rice (imported),2005-04-01,280.0,-6.67,-0.48,False
Korbongou,Rice (imported),2005-05-01,278.0,-3.81,-0.27,False
Korbongou,Rice (imported),2005-06-01,299.0,7.17,0.48,False
Korbongou,Rice (imported),2005-07-01,288.0,2.86,0.19,False
Korbongou,Rice (imported),2005-08-01,278.0,0.0,-0.01,False
Korbongou,Rice (imported),2005-09-01,268.0,-10.37,-0.79,False
Korbongou,Rice (imported),2005-10-01,281.0,-2.43,-0.17,False
Korbongou,Rice (imported),2005-11-01,278.0,0.0,0.0,False
Korbongou,Rice (imported),2005-12-01,320.0,19.4,1.29,False
Korbongou,Rice (imported),2006-01-01,322.0,14.59,0.96,False
Korbongou,Rice (imported),2006-02-01,304.0,9.35,0.61,False
Korbongou,Rice (imported),2006-03-01,356.0,11.25,0.73,False
Korbongou,Rice (imported),2006-04-01,320.0,-0.62,-0.1,False
Korbongou,Rice (imported),2006-05-01,307.0,0.99,0.02,False
Korbongou,Rice (imported),2006-06-01,338.0,-5.06,-0.43,False
Korbongou,Rice (imported),2006-07-01,312.0,-2.5,-0.23,False
Korbongou,Rice (imported),2006-08-01,318.0,3.58,0.22,False
Korbongou,Rice (imported),2006-09-01,320.0,-5.33,-0.44,False
Korbongou,Rice (imported),2006-10-01,322.0,3.21,0.19,False
Korbongou,Rice (imported),2006-11-01,325.0,2.2,0.12,False
Korbongou,Rice (imported),2006-12-01,338.0,5.63,0.35,False
Korbongou,Rice (imported),2007-01-01,320.0,-0.62,-0.1,False
Korbongou,Rice (imported),2007-02-01,320.0,-1.54,-0.16,False
Korbongou,Rice (imported),2007-03-01,354.0,4.73,0.29,False
Korbongou,Rice (imported),2007-04-01,300.0,-6.25,-0.51,False
Korbongou,Rice (imported),2007-05-01,312.0,-2.5,-0.22,False
Korbongou,Rice (imported),2007-06-01,320.0,-9.6,-0.77,False
Korbongou,Rice (imported),2007-07-01,329.0,9.67,0.65,False
Korbongou,Rice (imported),2007-08-01,358.0,14.74,0.98,False
Korbongou,Rice (imported),2007-09-01,320.0,0.0,-0.04,False
Korbongou,Rice (imported),2007-10-01,344.0,4.56,0.3,False
Korbongou,Rice (imported),2007-11-01,320.0,-10.61,-0.83,False
Korbongou,Rice (imported),2007-12-01,320.0,0.0,-0.03,False
Korbongou,Rice (imported),2008-01-01,324.0,-5.81,-0.48,False
Korbongou,Rice (imported),2008-02-01,323.0,0.94,0.03,False
Korbongou,Rice (imported),2008-03-01,332.0,3.75,0.27,False
Korbongou,Rice (imported),2008-04-01,342.0,5.56,0.39,False
Korbongou,Rice (imported),2008-05-01,358.0,10.84,0.76,False
Korbongou,Rice (imported),2008-06-01,391.0,17.77,1.2,False
Korbongou,Rice (imported),2008-07-01,424.0,23.98,1.55,False
Korbongou,Rice (imported),2008-08-01,488.0,36.31,2.2,True
Korbongou,Rice (imported),2008-09-01,405.0,3.58,0.13,False
Korbongou,Rice (imported),2008-10-01,380.0,-10.38,-0.9,False
Korbongou,Rice (imported),2008-11-01,367.0,-24.8,-2.11,False
Korbongou,Rice (imported),2008-12-01,394.0,-2.72,-0.26,False
Korbongou,Rice (imported),2009-01-01,414.0,8.95,0.51,False
Korbongou,Rice (imported),2009-02-01,453.0,23.43,1.41,False
Korbongou,Rice (imported),2009-03-01,450.0,14.21,0.85,False
Korbongou,Rice (imported),2009-04-01,460.0,11.11,0.6,False
Korbongou,Rice (imported),2009-05-01,444.0,-1.99,-0.53,False
Korbongou,Rice (imported),2009-06-01,450.0,0.0,-0.32,False
Korbongou,Rice (imported),2009-07-01,450.0,-2.17,-0.5,False
Korbongou,Rice (imported),2009-08-01,440.0,-0.9,-0.39,False
Korbongou,Rice (imported),2009-09-01,400.0,-11.11,-1.37,False
Korbongou,Rice (imported),2009-10-01,400.0,-11.11,-1.38,False
Korbongou,Rice (imported),2009-11-01,400.0,-9.09,-1.13,False
Korbongou,Rice (imported),2009-12-01,432.0,8.0,0.43,False
Korbongou,Rice (imported),2010-01-01,,10.37,0.62,False
Korbongou,Rice (imported),2010-02-01,,12.75,0.88,False
Korbongou,Rice (imported),2010-03-01,,6.6,0.37,False
Korbongou,Rice (imported),2010-04-01,470.0,6.46,0.41,False
Korbongou,Rice (imported),2010-05-01,466.0,3.33,0.09,False
Korbongou,Rice (imported),2010-06-01,469.0,1.85,-0.07,False
Korbongou,Rice (imported),2010-07-01,308.0,-34.47,-4.6,False
Korbongou,Rice (imported),2010-08-01,457.0,-1.93,-0.32,False
Korbongou,Rice (imported),2010-09-01,437.0,-6.82,-0.77,False
Korbongou,Rice (imported),2010-10-01,398.0,29.22,2.12,True
Korbongou,Rice (imported),2010-11-01,402.0,-12.04,-1.29,False
Korbongou,Rice (imported),2010-12-01,367.0,-16.02,-1.65,False
Korbongou,Rice (imported),2011-01-01,400.0,0.5,-0.08,False
Korbongou,Rice (imported),2011-02-01,403.0,0.25,-0.08,False
Korbongou,Rice (imported),2011-03-01,404.0,10.08,0.73,False
Korbongou,Rice (imported),2011-04-01,405.0,1.25,0.02,False
Korbongou,Rice (imported),2011-05-01,403.0,0.0,-0.09,False
Korbongou,Rice (imported),2011-06-01,408.0,0.99,-0.01,False
Korbongou,Rice (imported),2011-07-01,441.0,8.89,0.63,False
Korbongou,Rice (imported),2011-08-01,438.0,8.68,0.6,False
Korbongou,Rice (imported),2011-09-01,426.0,4.41,0.25,False
Korbongou,Rice (imported),2011-10-01,391.0,-11.34,-1.16,False
Korbongou,Rice (imported),2011-11-01,363.0,-17.12,-1.7,False
Korbongou,Rice (imported),2011-12-01,409.0,-3.99,-0.42,False
Korbongou,Rice (imported),2012-01-01,400.0,2.3,0.12,False
Korbongou,Rice (imported),2012-02-01,386.0,6.34,0.43,False
Korbongou,Rice (imported),2012-03-01,380.0,-7.09,-0.69,False
Korbongou,Rice (imported),2012-04-01,403.0,0.75,-0.0,False
Korbongou,Rice (imported),2012-05-01,409.0,5.96,0.4,False
Korbongou,Rice (imported),2012-06-01,401.0,5.53,0.36,False
Korbongou,Rice (imported),2012-07-01,444.0,10.17,0.69,False
Korbongou,Rice (imported),2012-08-01,415.0,1.47,0.01,False
Korbongou,Rice (imported),2012-09-01,395.0,-1.5,-0.22,False
Korbongou,Rice (imported),2012-10-01,392.0,-11.71,-1.13,False
Korbongou,Rice (imported),2012-11-01,391.0,-5.78,-0.56,False
Korbongou,Rice (imported),2012-12-01,407.0,3.04,0.17,False
Korbongou,Rice (imported),2013-01-01,405.0,3.32,0.19,False
Korbongou,Rice (imported),2013-02-01,407.0,4.09,0.24,False
Korbongou,Rice (imported),2013-03-01,404.0,-0.74,-0.16,False
Korbongou,Rice (imported),2013-04-01,411.0,1.48,0.03,False
Korbongou,Rice (imported),2013-05-01,390.0,-4.18,-0.44,False
Korbongou,Rice (imported),2013-06-01,421.0,4.21,0.28,False
Korbongou,Rice (imported),2013-07-01,420.0,2.19,0.14,False
Korbongou,Rice (imported),2013-08-01,441.0,13.08,1.05,False
Korbongou,Rice (imported),2013-09-01,481.0,14.25,1.23,False
Korbongou,Rice (imported),2013-10-01,481.0,14.52,1.23,False
Korbongou,Rice (imported),2013-11-01,426.0,-3.4,-0.36,False
Korbongou,Rice (imported),2013-12-01,443.0,-7.9,-0.88,False
Korbongou,Rice (imported),2014-01-01,443.0,-7.9,-0.87,False
Korbongou,Rice (imported),2014-02-01,435.0,2.11,0.15,False
Korbongou,Rice (imported),2014-03-01,453.0,2.26,0.2,False
Korbongou,Rice (imported),2014-04-01,453.0,2.26,0.22,False
Korbongou,Rice (imported),2014-05-01,461.0,5.98,0.6,False
Korbongou,Rice (imported),2014-06-01,442.0,-2.43,-0.25,False
Korbongou,Rice (imported),2014-07-01,455.0,0.44,0.04,False
Korbongou,Rice (imported),2014-08-01,500.0,8.46,0.82,False
Korbongou,Rice (imported),2014-09-01,500.0,13.12,1.22,False
Korbongou,Rice (imported),2014-10-01,500.0,9.89,0.89,False
Korbongou,Rice (imported),2014-11-01,500.0,0.0,-0.1,False
Korbongou,Rice (imported),2014-12-01,500.0,0.0,-0.11,False
Korbongou,Rice (imported),2015-01-01,500.0,0.0,-0.1,False
Korbongou,Rice (imported),2015-02-01,500.0,0.0,-0.09,False
Korbongou,Rice (imported),2015-03-01,500.0,0.0,-0.07,False
Korbongou,Rice (imported),2015-04-01,500.0,0.0,-0.05,False
Korbongou,Rice (imported),2015-05-01,500.0,0.0,-0.04,False
Korbongou,Rice (imported),2015-06-01,500.0,0.0,-0.04,False
Korbongou,Rice (imported),2015-07-01,500.0,0.0,-0.03,False
Korbongou,Rice (imported),2015-08-01,500.0,0.0,-0.14,False
Korbongou,Rice (imported),2015-09-01,500.0,0.0,-0.14,False
Korbongou,Rice (imported),2015-10-01,500.0,0.0,-0.16,False
Korbongou,Rice (imported),2015-11-01,500.0,0.0,-0.11,False
Korbongou,Rice (imported),2015-12-01,500.0,0.0,-0.15,False
Korbongou,Rice (imported),2016-01-01,500.0,0.0,-0.21,False
Korbongou,Rice (imported),2016-02-01,500.0,0.0,-0.2,False
Korbongou,Rice (imported),2016-03-01,500.0,0.0,-0.2,False
Korbongou,Rice (imported),2016-04-01,500.0,0.0,-0.18,False
Korbongou,Rice (imported),2016-05-01,500.0,0.0,-0.18,False
Korbongou,Rice (imported),2016-06-01,500.0,0.0,-0.18,False
Korbongou,Rice (imported),2016-07-01,500.0,0.0,-0.17,False
Korbongou,Rice (imported),2016-08-01,500.0,0.0,-0.15,False
Korbongou,Rice (imported),2016-09-01,452.0,-9.6,-1.84,False
Korbongou,Rice (imported),2016-10-01,478.0,-4.4,-0.83,False
Korbongou,Rice (imported),2016-11-01,478.0,-4.4,-0.88,False
Korbongou,Rice (imported),2016-12-01,500.0,10.62,1.73,False
Korbongou,Rice (imported),2017-01-01,500.0,4.6,0.63,False
Korbongou,Rice (imported),2017-02-01,500.0,4.6,0.62,False
Korbongou,Rice (imported),2017-03-01,500.0,0.0,-0.21,False
Korbongou,Rice (imported),2017-04-01,500.0,0.0,-0.24,False
Korbongou,Rice (imported),2017-05-01,500.0,0.0,-0.24,False
Korbongou,Rice (imported),2017-06-01,500.0,0.0,-0.22,False
Korbongou,Rice (imported),2017-07-01,500.0,0.0,-0.2,False
Korbongou,Rice (imported),2017-08-01,500.0,0.0,-0.18,False
Korbongou,Rice (imported),2017-09-01,500.0,0.0,-0.17,False
Korbongou,Rice (imported),2017-10-01,500.0,0.0,-0.18,False
Korbongou,Rice (imported),2017-11-01,500.0,0.0,-0.23,False
Korbongou,Rice (imported),2017-12-01,500.0,0.0,-0.26,False
Korbongou,Rice (imported),2018-01-01,459.0,-8.2,-2.07,False
Korbongou,Rice (imported),2018-02-01,450.0,-10.0,-2.38,False
Korbongou,Rice (imported),2018-03-01,450.0,-10.0,-2.23,False
Korbongou,Rice (imported),2018-04-01,450.0,-1.96,-0.48,False
Korbongou,Rice (imported),2018-05-01,450.0,0.0,-0.09,False
Korbongou,Rice (imported),2018-06-01,450.0,0.0,-0.11,False
Korbongou,Rice (imported),2018-07-01,450.0,0.0,-0.1,False
Korbongou,Rice (imported),2018-08-01,450.0,0.0,-0.09,False
Korbongou,Rice (imported),2018-09-01,450.0,0.0,-0.05,False
Korbongou,Rice (imported),2018-10-01,450.0,0.0,-0.01,False
Korbongou,Rice (imported),2018-11-01,450.0,0.0,0.04,False
Korbongou,Rice (imported),2018-12-01,450.0,0.0,0.03,False
Korbongou,Rice (imported),2019-01-01,450.0,0.0,-0.0,False
Korbongou,Rice (imported),2019-02-01,450.0,0.0,-0.04,False
Korbongou,Rice (imported),2019-03-01,450.0,0.0,-0.03,False
Korbongou,Rice (imported),2019-04-01,450.0,0.0,-0.02,False
Korbongou,Rice (imported),2019-05-01,450.0,0.0,-0.01,False
Korbongou,Rice (imported),2019-06-01,,0.0,0.02,False
Korbongou,Rice (imported),2019-07-01,450.0,0.0,0.01,False
Korbongou,Rice (imported),2019-08-01,450.0,0.0,0.01,False
Korbongou,Rice (imported),2019-09-01,467.0,3.78,1.04,False
Korbongou,Rice (imported),2019-10-01,450.0,0.0,0.09,False
Korbongou,Rice (imported),2019-11-01,450.0,0.0,0.15,False
Korbongou,Rice (imported),2019-12-01,450.0,-3.64,-1.03,False
Korbongou,Rice (imported),2020-01-01,450.0,0.0,0.17,False
Korbongou,Rice (imported),2020-02-01,450.0,0.0,0.17,False
Korbongou,Rice (imported),2020-03-01,450.0,0.0,0.17,False
Korbongou,Rice (imported),2020-04-01,500.0,11.11,3.48,True
Korbongou,Rice (imported),2020-05-01,500.0,11.11,3.13,True
Korbongou,Rice (imported),2020-06-01,500.0,11.11,2.85,True
Korbongou,Rice (imported),2020-07-01,500.0,0.0,0.0,False
Korbongou,Rice (imported),2020-08-01,500.0,0.0,0.0,False
Korbongou,Rice (imported),2020-09-01,500.0,0.0,0.0,False
Korbongou,Rice (imported),2020-10-01,450.0,-10.0,-2.63,False
Korbongou,Rice (imported),2020-11-01,450.0,-10.0,-2.45,False
Korbongou,Rice (imported),2020-12-01,500.0,0.0,0.08,False
Korbongou,Rice (imported),2021-01-01,500.0,11.11,2.46,True
Korbongou,Rice (imported),2021-02-01,465.0,3.33,0.74,False
Korbongou,Rice (imported),2021-03-01,465.0,-7.0,-1.53,False
Korbongou,Rice (imported),2021-04-01,465.0,-7.0,-1.47,False
Korbongou,Rice (imported),2021-05-01,470.0,1.08,0.3,False
Korbongou,Rice (imported),2021-06-01,470.0,1.08,0.29,False
Korbongou,Rice (imported),2021-07-01,500.0,7.53,1.56,False
Korbongou,Rice (imported),2021-08-01,490.0,4.26,0.88,False
Korbongou,Rice (imported),2021-09-01,490.0,4.26,0.86,False
Korbongou,Rice (imported),2021-10-01,490.0,-2.0,-0.44,False
Korbongou,Rice (imported),2021-11-01,500.0,2.04,0.39,False
Korbongou,Rice (imported),2021-12-01,500.0,2.04,0.37,False
Korbongou,Rice (imported),2022-01-01,500.0,2.04,0.41,False
Korbongou,Rice (imported),2022-02-01,500.0,0.0,-0.02,False
Korbongou,Rice (imported),2022-03-01,500.0,0.0,0.0,False
Korbongou,Rice (imported),2022-04-01,500.0,0.0,0.0,False
Korbongou,Rice (imported),2022-05-01,495.0,-1.0,-0.22,False
Korbongou,Rice (imported),2022-06-01,495.0,-1.0,-0.22,False
Korbongou,Sorghum,2003-04-01,102.0,2.0,0.04,False
Korbongou,Sorghum,2003-05-01,87.0,-10.31,-0.4,False
Korbongou,Sorghum,2003-06-01,89.0,-19.09,-0.76,False
Korbongou,Sorghum,2003-07-01,77.0,-24.51,-0.99,False
Korbongou,Sorghum,2003-08-01,66.0,-24.14,-0.93,False
Korbongou,Sorghum,2003-09-01,57.0,-35.96,-1.51,False
Korbongou,Sorghum,2003-10-01,42.0,-45.45,-2.0,False
Korbongou,Sorghum,2003-11-01,31.0,-53.03,-2.35,False
Korbongou,Sorghum,2003-12-01,64.0,12.28,0.61,False
Korbongou,Sorghum,2004-01-01,58.0,38.1,1.25,False
Korbongou,Sorghum,2004-02-01,65.0,109.68,2.52,True
Korbongou,Sorghum,2004-03-01,95.0,48.44,1.27,False
Korbongou,Sorghum,2004-04-01,97.0,67.24,1.57,False
Korbongou,Sorghum,2004-05-01,78.0,20.0,0.55,False
Korbongou,Sorghum,2004-06-01,89.0,-6.32,-0.17,False
Korbongou,Sorghum,2004-07-01,95.0,-2.06,-0.04,False
Korbongou,Sorghum,2004-08-01,106.0,35.9,0.93,False
Korbongou,Sorghum,2004-09-01,99.0,11.24,0.32,False
Korbongou,Sorghum,2004-10-01,87.0,-8.42,-0.27,False
Korbongou,Sorghum,2004-11-01,100.0,-5.66,-0.18,False
Korbongou,Sorghum,2004-12-01,104.0,5.05,0.15,False
Korbongou,Sorghum,2005-01-01,105.0,20.69,0.58,False
Korbongou,Sorghum,2005-02-01,108.0,8.0,0.23,False
Korbongou,Sorghum,2005-03-01,138.0,32.69,0.88,False
Korbongou,Sorghum,2005-04-01,161.0,53.33,1.32,False
Korbongou,Sorghum,2005-05-01,181.0,67.59,1.56,False
Korbongou,Sorghum,2005-06-01,209.0,51.45,1.19,False
Korbongou,Sorghum,2005-07-01,255.0,58.39,1.3,False
Korbongou,Sorghum,2005-08-01,256.0,41.44,0.92,False
Korbongou,Sorghum,2005-09-01,101.0,-51.67,-2.39,False
Korbongou,Sorghum,2005-10-01,94.0,-63.14,-3.05,False
Korbongou,Sorghum,2005-11-01,104.0,-59.38,-2.52,False
Korbongou,Sorghum,2005-12-01,128.0,26.73,0.62,False
Korbongou,Sorghum,2006-01-01,85.0,-9.57,-0.28,False
Korbongou,Sorghum,2006-02-01,96.0,-7.69,-0.22,False
Korbongou,Sorghum,2006-03-01,83.0,-35.16,-1.17,False
Korbongou,Sorghum,2006-04-01,119.0,40.0,0.91,False
Korbongou,Sorghum,2006-05-01,96.0,0.0,0.0,False
Korbongou,Sorghum,2006-06-01,101.0,21.69,0.53,False
Korbongou,Sorghum,2006-07-01,118.0,-0.84,-0.01,False
Korbongou,Sorghum,2006-08-01,117.0,21.88,0.55,False
Korbongou,Sorghum,2006-09-01,115.0,13.86,0.36,False
Korbongou,Sorghum,2006-10-01,110.0,-6.78,-0.19,False
Korbongou,Sorghum,2006-11-01,109.0,-6.84,-0.2,False
Korbongou,Sorghum,2006-12-01,120.0,4.35,0.11,False
Korbongou,Sorghum,2007-01-01,80.0,-27.27,-0.86,False
Korbongou,Sorghum,2007-02-01,101.0,-7.34,-0.18,False
Korbongou,Sorghum,2007-03-01,98.0,-18.33,-0.52,False
Korbongou,Sorghum,2007-04-01,86.0,7.5,0.24,False
Korbongou,Sorghum,2007-05-01,78.0,-22.77,-0.66,False
Korbongou,Sorghum,2007-06-01,72.0,-26.53,-0.78,False
Korbongou,Sorghum,2007-07-01,90.0,4.65,0.2,False
Korbongou,Sorghum,2007-08-01,82.0,5.13,0.24,False
Korbongou,Sorghum,2007-09-01,93.0,29.17,0.84,False
Korbongou,Sorghum,2007-10-01,98.0,8.89,0.34,False
Korbongou,Sorghum,2007-11-01,123.0,50.0,1.22,False
Korbongou,Sorghum,2007-12-01,120.0,29.03,0.75,False
Korbongou,Sorghum,2008-01-01,144.0,46.94,1.1,False
Korbongou,Sorghum,2008-02-01,172.0,39.84,0.92,False
Korbongou,Sorghum,2008-03-01,199.0,65.83,1.38,False
Korbongou,Sorghum,2008-04-01,191.0,32.64,0.72,False
Korbongou,Sorghum,2008-05-01,216.0,25.58,0.55,False
Korbongou,Sorghum,2008-06-01,230.0,15.58,0.3,False
Korbongou,Sorghum,2008-07-01,243.0,27.23,0.55,False
Korbongou,Sorghum,2008-08-01,213.0,-1.39,-0.18,False
Korbongou,Sorghum,2008-09-01,173.0,-24.78,-0.96,False
Korbongou,Sorghum,2008-10-01,122.0,-49.79,-2.12,False
Korbongou,Sorghum,2008-11-01,122.0,-42.72,-1.73,False
Korbongou,Sorghum,2008-12-01,130.0,-24.86,-0.99,False
Korbongou,Sorghum,2009-01-01,136.0,11.48,0.16,False
Korbongou,Sorghum,2009-02-01,145.0,18.85,0.36,False
Korbongou,Sorghum,2009-03-01,166.0,27.69,0.61,False
Korbongou,Sorghum,2009-04-01,171.0,25.74,0.57,False
Korbongou,Sorghum,2009-05-01,158.0,8.97,0.16,False
Korbongou,Sorghum,2009-06-01,146.0,-12.05,-0.48,False
Korbongou,Sorghum,2009-07-01,145.0,-15.2,-0.59,False
Korbongou,Sorghum,2009-08-01,148.0,-6.33,-0.28,False
Korbongou,Sorghum,2009-09-01,117.0,-19.86,-0.74,False
Korbongou,Sorghum,2009-10-01,104.0,-28.28,-1.05,False
Korbongou,Sorghum,2009-11-01,,-27.36,-0.99,False
Korbongou,Sorghum,2009-12-01,111.0,-5.13,-0.18,False
Korbongou,Sorghum,2010-01-01,153.0,47.12,1.13,False
Korbongou,Sorghum,2010-02-01,155.0,44.19,1.05,False
Korbongou,Sorghum,2010-03-01,160.0,44.14,1.03,False
Korbongou,Sorghum,2010-04-01,174.0,13.73,0.33,False
Korbongou,Sorghum,2010-05-01,172.0,10.97,0.28,False
Korbongou,Sorghum,2010-06-01,140.0,-12.5,-0.41,False
Korbongou,Sorghum,2010-07-01,150.0,-13.79,-0.43,False
Korbongou,Sorghum,2010-08-01,154.0,-10.47,-0.29,False
Korbongou,Sorghum,2010-09-01,141.0,0.71,0.1,False
Korbongou,Sorghum,2010-10-01,88.0,-41.33,-1.7,False
Korbongou,Sorghum,2010-11-01,100.0,-35.06,-1.49,False
Korbongou,Sorghum,2010-12-01,114.0,-19.15,-0.81,False
Korbongou,Sorghum,2011-01-01,138.0,56.82,1.7,False
Korbongou,Sorghum,2011-02-01,136.0,36.0,1.11,False
Korbongou,Sorghum,2011-03-01,136.0,19.3,0.6,False
Korbongou,Sorghum,2011-04-01,142.0,2.9,0.02,False
Korbongou,Sorghum,2011-05-01,138.0,1.47,-0.01,False
Korbongou,Sorghum,2011-06-01,164.0,20.59,0.64,False
Korbongou,Sorghum,2011-07-01,169.0,19.01,0.59,False
Korbongou,Sorghum,2011-08-01,166.0,20.29,0.62,False
Korbongou,Sorghum,2011-09-01,168.0,2.44,0.02,False
Korbongou,Sorghum,2011-10-01,111.0,-34.32,-1.64,False
Korbongou,Sorghum,2011-11-01,134.0,-19.28,-0.83,False
Korbongou,Sorghum,2011-12-01,139.0,-17.26,-0.73,False
Korbongou,Sorghum,2012-01-01,153.0,37.84,1.14,False
Korbongou,Sorghum,2012-02-01,163.0,21.64,0.65,False
Korbongou,Sorghum,2012-03-01,158.0,13.67,0.39,False
Korbongou,Sorghum,2012-04-01,160.0,4.58,0.07,False
Korbongou,Sorghum,2012-05-01,144.0,-11.66,-0.55,False
Korbongou,Sorghum,2012-06-01,148.0,-6.33,-0.34,False
Korbongou,Sorghum,2012-07-01,161.0,0.63,-0.1,False
Korbongou,Sorghum,2012-08-01,170.0,18.06,0.5,False
Korbongou,Sorghum,2012-09-01,160.0,8.11,0.16,False
Korbongou,Sorghum,2012-10-01,173.0,7.45,0.15,False
Korbongou,Sorghum,2012-11-01,210.0,23.53,0.67,False
Korbongou,Sorghum,2012-12-01,210.0,31.25,0.92,False
Korbongou,Sorghum,2013-01-01,202.0,16.76,0.48,False
Korbongou,Sorghum,2013-02-01,224.0,6.67,0.16,False
Korbongou,Sorghum,2013-03-01,223.0,6.19,0.16,False
Korbongou,Sorghum,2013-04-01,244.0,20.79,0.71,False
Korbongou,Sorghum,2013-05-01,236.0,5.36,0.17,False
Korbongou,Sorghum,2013-06-01,205.0,-8.07,-0.37,False
Korbongou,Sorghum,2013-07-01,201.0,-17.62,-0.8,False
Korbongou,Sorghum,2013-08-01,270.0,14.41,0.56,False
Korbongou,Sorghum,2013-09-01,182.0,-11.22,-0.48,False
Korbongou,Sorghum,2013-10-01,146.0,-27.36,-1.31,False
Korbongou,Sorghum,2013-11-01,154.0,-42.96,-2.46,False
Korbongou,Sorghum,2013-12-01,161.0,-11.54,-0.56,False
Korbongou,Sorghum,2014-01-01,167.0,14.38,0.54,False
Korbongou,Sorghum,2014-02-01,142.0,-7.79,-0.4,False
Korbongou,Sorghum,2014-03-01,142.0,-11.8,-0.58,False
Korbongou,Sorghum,2014-04-01,148.0,-11.38,-0.54,False
Korbongou,Sorghum,2014-05-01,164.0,15.49,0.66,False
Korbongou,Sorghum,2014-06-01,142.0,0.0,0.02,False
Korbongou,Sorghum,2014-07-01,129.0,-12.84,-0.6,False
Korbongou,Sorghum,2014-08-01,105.0,-35.98,-1.98,False
Korbongou,Sorghum,2014-09-01,98.0,-30.99,-1.56,False
Korbongou,Sorghum,2014-10-01,99.0,-23.26,-1.08,False
Korbongou,Sorghum,2014-11-01,118.0,12.38,0.54,False
Korbongou,Sorghum,2014-12-01,122.0,24.49,0.96,False
Korbongou,Sorghum,2015-01-01,124.0,25.25,0.96,False
Korbongou,Sorghum,2015-02-01,133.0,12.71,0.53,False
Korbongou,Sorghum,2015-03-01,130.0,6.56,0.3,False
Korbongou,Sorghum,2015-04-01,135.0,8.87,0.43,False
Korbongou,Sorghum,2015-05-01,159.0,19.55,0.86,False
Korbongou,Sorghum,2015-06-01,186.0,43.08,1.67,False
Korbongou,Sorghum,2015-07-01,200.0,48.15,1.76,False
Korbongou,Sorghum,2015-08-01,219.0,37.74,1.36,False
Korbongou,Sorghum,2015-09-01,201.0,8.06,0.27,False
Korbongou,Sorghum,2015-10-01,151.0,-24.5,-1.28,False
Korbongou,Sorghum,2015-11-01,157.0,-28.31,-1.58,False
Korbongou,Sorghum,2015-12-01,141.0,-29.85,-1.71,False
Korbongou,Sorghum,2016-01-01,158.0,4.64,0.11,False
Korbongou,Sorghum,2016-02-01,180.0,14.65,0.57,False
Korbongou,Sorghum,2016-03-01,190.0,34.75,1.35,False
Korbongou,Sorghum,2016-04-01,190.0,20.25,0.8,False
Korbongou,Sorghum,2016-05-01,190.0,5.56,0.18,False
Korbongou,Sorghum,2016-06-01,145.0,-23.68,-1.32,False
Korbongou,Sorghum,2016-07-01,147.0,-22.63,-1.21,False
Korbongou,Sorghum,2016-08-01,144.0,-24.21,-1.26,False
Korbongou,Sorghum,2016-09-01,133.0,-8.28,-0.36,False
Korbongou,Sorghum,2016-10-01,113.0,-23.13,-1.14,False
Korbongou,Sorghum,2016-11-01,117.0,-18.75,-0.92,False
Korbongou,Sorghum,2016-12-01,131.0,-1.5,-0.04,False
Korbongou,Sorghum,2017-01-01,136.0,20.35,0.87,False
Korbongou,Sorghum,2017-02-01,151.0,29.06,1.22,False
Korbongou,Sorghum,2017-03-01,159.0,21.37,0.92,False
Korbongou,Sorghum,2017-04-01,165.0,21.32,0.91,False
Korbongou,Sorghum,2017-05-01,173.0,14.57,0.63,False
Korbongou,Sorghum,2017-06-01,132.0,-16.98,-0.87,False
Korbongou,Sorghum,2017-07-01,166.0,0.61,0.02,False
Korbongou,Sorghum,2017-08-01,172.0,-0.58,-0.03,False
Korbongou,Sorghum,2017-09-01,137.0,3.79,0.18,False
Korbongou,Sorghum,2017-10-01,138.0,-16.87,-0.84,False
Korbongou,Sorghum,2017-11-01,138.0,-19.77,-0.98,False
Korbongou,Sorghum,2017-12-01,162.0,18.25,0.83,False
Korbongou,Sorghum,2018-01-01,168.0,21.74,0.98,False
Korbongou,Sorghum,2018-02-01,177.0,28.26,1.21,False
Korbongou,Sorghum,2018-03-01,203.0,25.31,1.08,False
Korbongou,Sorghum,2018-04-01,179.0,6.55,0.32,False
Korbongou,Sorghum,2018-05-01,217.0,22.6,0.97,False
Korbongou,Sorghum,2018-06-01,240.0,18.23,0.79,False
Korbongou,Sorghum,2018-07-01,270.0,50.84,1.86,False
Korbongou,Sorghum,2018-08-01,247.0,13.82,0.54,False
Korbongou,Sorghum,2018-09-01,131.0,-45.42,-2.69,False
Korbongou,Sorghum,2018-10-01,118.0,-56.3,-3.43,False
Korbongou,Sorghum,2018-11-01,130.0,-47.37,-2.43,False
Korbongou,Sorghum,2018-12-01,141.0,7.63,0.32,False
Korbongou,Sorghum,2019-01-01,121.0,2.54,0.13,False
Korbongou,Sorghum,2019-02-01,152.0,16.92,0.64,False
Korbongou,Sorghum,2019-03-01,117.0,-17.02,-0.69,False
Korbongou,Sorghum,2019-04-01,139.0,14.88,0.55,False
Korbongou,Sorghum,2019-05-01,141.0,-7.24,-0.27,False
Korbongou,Sorghum,2019-06-01,,22.22,0.79,False
Korbongou,Sorghum,2019-07-01,145.0,4.32,0.17,False
Korbongou,Sorghum,2019-08-01,125.0,-11.35,-0.45,False
Korbongou,Sorghum,2019-09-01,120.0,-16.08,-0.7,False
Korbongou,Sorghum,2019-10-01,118.0,-18.62,-0.84,False
Korbongou,Sorghum,2019-11-01,146.0,16.8,0.58,False
Korbongou,Sorghum,2019-12-01,134.0,11.67,0.4,False
Korbongou,Sorghum,2020-01-01,130.0,10.17,0.35,False
Korbongou,Sorghum,2020-02-01,154.0,5.48,0.19,False
Korbongou,Sorghum,2020-03-01,154.0,14.93,0.54,False
Korbongou,Sorghum,2020-04-01,154.0,18.46,0.65,False
Korbongou,Sorghum,2020-05-01,135.0,-12.34,-0.55,False
Korbongou,Sorghum,2020-06-01,135.0,-12.34,-0.53,False
Korbongou,Sorghum,2020-07-01,131.0,-14.94,-0.63,False
Korbongou,Sorghum,2020-08-01,135.0,0.0,0.06,False
Korbongou,Sorghum,2020-09-01,140.0,3.7,0.24,False
Korbongou,Sorghum,2020-10-01,130.0,-0.76,0.06,False
Korbongou,Sorghum,2020-11-01,185.0,37.04,1.4,False
Korbongou,Sorghum,2020-12-01,188.0,34.29,1.27,False
Korbongou,Sorghum,2021-01-01,185.0,42.31,1.48,False
Korbongou,Sorghum,2021-02-01,200.0,8.11,0.28,False
Korbongou,Sorghum,2021-03-01,210.0,11.7,0.42,False
Korbongou,Sorghum,2021-04-01,210.0,13.51,0.51,False
Korbongou,Sorghum,2021-05-01,250.0,25.0,0.93,False
Korbongou,Sorghum,2021-06-01,250.0,19.05,0.7,False
Korbongou,Sorghum,2021-07-01,230.0,9.52,0.32,False
Korbongou,Sorghum,2021-08-01,230.0,-8.0,-0.45,False
Korbongou,Sorghum,2021-09-01,220.0,-12.0,-0.66,False
Korbongou,Sorghum,2021-10-01,220.0,-4.35,-0.3,False
Korbongou,Sorghum,2021-11-01,230.0,0.0,-0.12,False
Korbongou,Sorghum,2021-12-01,245.0,11.36,0.34,False
Korbongou,Sorghum,2022-01-01,247.0,12.27,0.37,False
Korbongou,Sorghum,2022-02-01,247.0,7.39,0.18,False
Korbongou,Sorghum,2022-03-01,250.0,2.04,-0.04,False
Korbongou,Sorghum,2022-04-01,255.0,3.24,0.03,False
Korbongou,Sorghum,2022-05-01,300.0,21.46,0.78,False
Korbongou,Sorghum,2022-06-01,290.0,16.0,0.56,False
Lomé,Cassava meal (gari),2003-04-01,90.0,-23.08,-0.56,False
Lomé,Cassava meal (gari),2003-05-01,91.0,-16.51,-0.23,False
Lomé,Cassava meal (gari),2003-06-01,89.0,-6.32,0.24,False
Lomé,Cassava meal (gari),2003-07-01,80.0,-11.11,0.02,False
Lomé,Cassava meal (gari),2003-08-01,78.0,-14.29,-0.13,False
Lomé,Cassava meal (gari),2003-09-01,85.0,-4.49,0.33,False
Lomé,Cassava meal (gari),2003-10-01,93.0,16.25,1.16,False
Lomé,Cassava meal (gari),2003-11-01,105.0,34.62,1.74,False
Lomé,Cassava meal (gari),2003-12-01,104.0,22.35,1.24,False
Lomé,Cassava meal (gari),2004-01-01,126.0,35.48,1.61,False
Lomé,Cassava meal (gari),2004-02-01,100.0,-4.76,0.12,False
Lomé,Cassava meal (gari),2004-03-01,93.0,-10.58,-0.14,False
Lomé,Cassava meal (gari),2004-04-01,114.0,-9.52,-0.09,False
Lomé,Cassava meal (gari),2004-05-01,144.0,44.0,1.86,False
Lomé,Cassava meal (gari),2004-06-01,130.0,39.78,1.63,False
Lomé,Cassava meal (gari),2004-07-01,142.0,24.56,1.1,False
Lomé,Cassava meal (gari),2004-08-01,145.0,0.69,0.23,False
Lomé,Cassava meal (gari),2004-09-01,146.0,12.31,0.66,False
Lomé,Cassava meal (gari),2004-10-01,135.0,-4.93,-0.02,False
Lomé,Cassava meal (gari),2004-11-01,137.0,-5.52,-0.05,False
Lomé,Cassava meal (gari),2004-12-01,180.0,23.29,1.05,False
Lomé,Cassava meal (gari),2005-01-01,183.0,35.56,1.42,False
Lomé,Cassava meal (gari),2005-02-01,169.0,23.36,0.99,False
Lomé,Cassava meal (gari),2005-03-01,177.0,-1.67,0.04,False
Lomé,Cassava meal (gari),2005-04-01,216.0,18.03,0.8,False
Lomé,Cassava meal (gari),2005-05-01,251.0,48.52,1.74,False
Lomé,Cassava meal (gari),2005-06-01,267.0,50.85,1.73,False
Lomé,Cassava meal (gari),2005-07-01,291.0,34.72,1.21,False
Lomé,Cassava meal (gari),2005-08-01,266.0,5.98,0.23,False
Lomé,Cassava meal (gari),2005-09-01,233.0,-12.73,-0.55,False
Lomé,Cassava meal (gari),2005-10-01,281.0,-3.44,-0.13,False
Lomé,Cassava meal (gari),2005-11-01,269.0,1.13,0.06,False
Lomé,Cassava meal (gari),2005-12-01,265.0,13.73,0.54,False
Lomé,Cassava meal (gari),2006-01-01,155.0,-44.84,-2.46,False
Lomé,Cassava meal (gari),2006-02-01,154.0,-42.75,-2.17,False
Lomé,Cassava meal (gari),2006-03-01,157.0,-40.75,-1.94,False
Lomé,Cassava meal (gari),2006-04-01,186.0,20.0,0.79,False
Lomé,Cassava meal (gari),2006-05-01,212.0,37.66,1.29,False
Lomé,Cassava meal (gari),2006-06-01,222.0,41.4,1.35,False
Lomé,Cassava meal (gari),2006-07-01,239.0,28.49,0.95,False
Lomé,Cassava meal (gari),2006-08-01,224.0,5.66,0.21,False
Lomé,Cassava meal (gari),2006-09-01,221.0,-0.45,-0.01,False
Lomé,Cassava meal (gari),2006-10-01,215.0,-10.04,-0.39,False
Lomé,Cassava meal (gari),2006-11-01,191.0,-14.73,-0.59,False
Lomé,Cassava meal (gari),2006-12-01,190.0,-14.03,-0.61,False
Lomé,Cassava meal (gari),2007-01-01,157.0,-26.98,-1.26,False
Lomé,Cassava meal (gari),2007-02-01,179.0,-6.28,-0.29,False
Lomé,Cassava meal (gari),2007-03-01,172.0,-9.47,-0.4,False
Lomé,Cassava meal (gari),2007-04-01,166.0,5.73,0.22,False
Lomé,Cassava meal (gari),2007-05-01,160.0,-10.61,-0.44,False
Lomé,Cassava meal (gari),2007-06-01,160.0,-6.98,-0.28,False
Lomé,Cassava meal (gari),2007-07-01,160.0,-3.61,-0.12,False
Lomé,Cassava meal (gari),2007-08-01,152.0,-5.0,-0.17,False
Lomé,Cassava meal (gari),2007-09-01,164.0,2.5,0.15,False
Lomé,Cassava meal (gari),2007-10-01,161.0,0.63,0.05,False
Lomé,Cassava meal (gari),2007-11-01,162.0,6.58,0.28,False
Lomé,Cassava meal (gari),2007-12-01,161.0,-1.83,-0.06,False
Lomé,Cassava meal (gari),2008-01-01,145.0,-9.94,-0.4,False
Lomé,Cassava meal (gari),2008-02-01,156.0,-3.7,-0.15,False
Lomé,Cassava meal (gari),2008-03-01,136.0,-15.53,-0.74,False
Lomé,Cassava meal (gari),2008-04-01,135.0,-6.9,-0.39,False
Lomé,Cassava meal (gari),2008-05-01,141.0,-9.62,-0.55,False
Lomé,Cassava meal (gari),2008-06-01,160.0,17.65,0.66,False
Lomé,Cassava meal (gari),2008-07-01,187.0,38.52,1.39,False
Lomé,Cassava meal (gari),2008-08-01,243.0,72.34,2.33,True
Lomé,Cassava meal (gari),2008-09-01,258.0,61.25,1.9,False
Lomé,Cassava meal (gari),2008-10-01,224.0,19.79,0.55,False
Lomé,Cassava meal (gari),2008-11-01,218.0,-10.29,-0.68,False
Lomé,Cassava meal (gari),2008-12-01,249.0,-3.49,-0.35,False
Lomé,Cassava meal (gari),2009-01-01,217.0,-3.12,-0.31,False
Lomé,Cassava meal (gari),2009-02-01,220.0,0.92,-0.12,False
Lomé,Cassava meal (gari),2009-03-01,200.0,-19.68,-1.11,False
Lomé,Cassava meal (gari),2009-04-01,229.0,5.53,0.08,False
Lomé,Cassava meal (gari),2009-05-01,257.0,16.82,0.51,False
Lomé,Cassava meal (gari),2009-06-01,321.0,60.5,1.92,False
Lomé,Cassava meal (gari),2009-07-01,260.0,13.54,0.39,False
Lomé,Cassava meal (gari),2009-08-01,285.0,10.89,0.3,False
Lomé,Cassava meal (gari),2009-09-01,370.0,15.26,0.46,False
Lomé,Cassava meal (gari),2009-10-01,328.0,26.15,0.85,False
Lomé,Cassava meal (gari),2009-11-01,292.0,2.46,-0.07,False
Lomé,Cassava meal (gari),2009-12-01,274.0,-25.95,-1.48,False
Lomé,Cassava meal (gari),2010-01-01,348.0,6.1,0.11,False
Lomé,Cassava meal (gari),2010-02-01,370.0,26.71,0.89,False
Lomé,Cassava meal (gari),2010-03-01,391.0,42.7,1.4,False
Lomé,Cassava meal (gari),2010-04-01,220.0,-36.78,-2.1,False
Lomé,Cassava meal (gari),2010-05-01,304.0,-17.84,-0.91,False
Lomé,Cassava meal (gari),2010-06-01,370.0,-5.37,-0.3,False
Lomé,Cassava meal (gari),2010-07-01,350.0,59.09,1.93,False
Lomé,Cassava meal (gari),2010-08-01,355.0,16.78,0.6,False
Lomé,Cassava meal (gari),2010-09-01,350.0,-5.41,-0.29,False
Lomé,Cassava meal (gari),2010-10-01,352.0,0.57,-0.04,False
Lomé,Cassava meal (gari),2010-11-01,375.0,5.63,0.16,False
Lomé,Cassava meal (gari),2010-12-01,365.0,4.29,0.11,False
Lomé,Cassava meal (gari),2011-01-01,370.0,5.11,0.15,False
Lomé,Cassava meal (gari),2011-02-01,365.0,-2.67,-0.23,False
Lomé,Cassava meal (gari),2011-03-01,375.0,2.74,-0.03,False
Lomé,Cassava meal (gari),2011-04-01,370.0,0.0,-0.22,False
Lomé,Cassava meal (gari),2011-05-01,364.0,-0.27,-0.22,False
Lomé,Cassava meal (gari),2011-06-01,370.0,-1.33,-0.25,False
Lomé,Cassava meal (gari),2011-07-01,369.0,-0.27,-0.17,False
Lomé,Cassava meal (gari),2011-08-01,360.0,-1.1,-0.19,False
Lomé,Cassava meal (gari),2011-09-01,352.0,-4.86,-0.39,False
Lomé,Cassava meal (gari),2011-10-01,360.0,-2.44,-0.25,False
Lomé,Cassava meal (gari),2011-11-01,345.0,-4.17,-0.35,False
Lomé,Cassava meal (gari),2011-12-01,350.0,-0.57,-0.17,False
Lomé,Cassava meal (gari),2012-01-01,325.0,-9.72,-0.7,False
Lomé,Cassava meal (gari),2012-02-01,350.0,1.45,-0.1,False
Lomé,Cassava meal (gari),2012-03-01,366.0,4.57,0.06,False
Lomé,Cassava meal (gari),2012-04-01,375.0,15.38,0.6,False
Lomé,Cassava meal (gari),2012-05-01,360.0,2.86,-0.05,False
Lomé,Cassava meal (gari),2012-06-01,370.0,1.09,-0.16,False
Lomé,Cassava meal (gari),2012-07-01,350.0,-6.67,-0.62,False
Lomé,Cassava meal (gari),2012-08-01,360.0,0.0,-0.23,False
Lomé,Cassava meal (gari),2012-09-01,375.0,1.35,-0.16,False
Lomé,Cassava meal (gari),2012-10-01,375.0,7.14,0.16,False
Lomé,Cassava meal (gari),2012-11-01,355.0,-1.39,-0.31,False
Lomé,Cassava meal (gari),2012-12-01,375.0,0.0,-0.23,False
Lomé,Cassava meal (gari),2013-01-01,375.0,0.0,-0.23,False
Lomé,Cassava meal (gari),2013-02-01,375.0,5.63,0.07,False
Lomé,Cassava meal (gari),2013-03-01,355.0,-5.33,-0.56,False
Lomé,Cassava meal (gari),2013-04-01,355.0,-5.33,-0.58,False
Lomé,Cassava meal (gari),2013-05-01,370.0,-1.33,-0.34,False
Lomé,Cassava meal (gari),2013-06-01,370.0,4.23,-0.04,False
Lomé,Cassava meal (gari),2013-07-01,390.0,9.86,0.27,False
Lomé,Cassava meal (gari),2013-08-01,400.0,8.11,0.21,False
Lomé,Cassava meal (gari),2013-09-01,375.0,1.35,-0.13,False
Lomé,Cassava meal (gari),2013-10-01,380.0,-2.56,-0.36,False
Lomé,Cassava meal (gari),2013-11-01,380.0,-5.0,-0.52,False
Lomé,Cassava meal (gari),2013-12-01,375.0,0.0,-0.17,False
Lomé,Cassava meal (gari),2014-01-01,380.0,0.0,-0.17,False
Lomé,Cassava meal (gari),2014-02-01,370.0,-2.63,-0.36,False
Lomé,Cassava meal (gari),2014-03-01,370.0,-1.33,-0.27,False
Lomé,Cassava meal (gari),2014-04-01,375.0,-1.32,-0.3,False
Lomé,Cassava meal (gari),2014-05-01,370.0,0.0,-0.19,False
Lomé,Cassava meal (gari),2014-06-01,375.0,1.35,-0.08,False
Lomé,Cassava meal (gari),2014-07-01,375.0,0.0,-0.13,False
Lomé,Cassava meal (gari),2014-08-01,372.0,0.54,-0.07,False
Lomé,Cassava meal (gari),2014-09-01,300.0,-20.0,-1.89,False
Lomé,Cassava meal (gari),2014-10-01,250.0,-33.33,-3.23,False
Lomé,Cassava meal (gari),2014-11-01,250.0,-32.8,-2.92,False
Lomé,Cassava meal (gari),2014-12-01,300.0,0.0,0.07,False
Lomé,Cassava meal (gari),2015-01-01,250.0,0.0,0.04,False
Lomé,Cassava meal (gari),2015-02-01,250.0,0.0,0.05,False
Lomé,Cassava meal (gari),2015-03-01,225.0,-25.0,-2.05,False
Lomé,Cassava meal (gari),2015-04-01,225.0,-10.0,-0.64,False
Lomé,Cassava meal (gari),2015-05-01,250.0,0.0,0.13,False
Lomé,Cassava meal (gari),2015-06-01,238.0,5.78,0.59,False
Lomé,Cassava meal (gari),2015-07-01,300.0,33.33,2.57,True
Lomé,Cassava meal (gari),2015-08-01,300.0,20.0,1.85,False
Lomé,Cassava meal (gari),2015-09-01,300.0,26.05,2.3,True
Lomé,Cassava meal (gari),2015-10-01,300.0,0.0,0.07,False
Lomé,Cassava meal (gari),2015-11-01,300.0,0.0,0.07,False
Lomé,Cassava meal (gari),2015-12-01,300.0,0.0,0.08,False
Lomé,Cassava meal (gari),2016-01-01,200.0,-33.33,-3.59,False
Lomé,Cassava meal (gari),2016-02-01,225.0,-25.0,-2.23,False
Lomé,Cassava meal (gari),2016-03-01,300.0,0.0,0.17,False
Lomé,Cassava meal (gari),2016-04-01,350.0,75.0,4.62,True
Lomé,Cassava meal (gari),2016-05-01,400.0,77.78,4.01,True
Lomé,Cassava meal (gari),2016-06-01,575.0,91.67,3.96,True
Lomé,Cassava meal (gari),2016-07-01,475.0,35.71,1.6,False
Lomé,Cassava meal (gari),2016-08-01,525.0,31.25,1.37,False
Lomé,Cassava meal (gari),2016-09-01,575.0,0.0,-0.09,False
Lomé,Cassava meal (gari),2016-10-01,400.0,-15.79,-0.99,False
Lomé,Cassava meal (gari),2016-11-01,400.0,-23.81,-1.49,False
Lomé,Cassava meal (gari),2016-12-01,375.0,-34.78,-2.23,False
Lomé,Cassava meal (gari),2017-01-01,300.0,-25.0,-1.43,False
Lomé,Cassava meal (gari),2017-02-01,450.0,12.5,0.56,False
Lomé,Cassava meal (gari),2017-03-01,450.0,20.0,0.85,False
Lomé,Cassava meal (gari),2017-04-01,450.0,50.0,1.9,False
Lomé,Cassava meal (gari),2017-05-01,550.0,22.22,0.88,False
Lomé,Cassava meal (gari),2017-06-01,400.0,-11.11,-0.61,False
Lomé,Cassava meal (gari),2017-07-01,400.0,-11.11,-0.59,False
Lomé,Cassava meal (gari),2017-08-01,400.0,-27.27,-1.51,False
Lomé,Cassava meal (gari),2017-09-01,400.0,0.0,-0.02,False
Lomé,Cassava meal (gari),2017-10-01,375.0,-6.25,-0.31,False
Lomé,Cassava meal (gari),2017-11-01,400.0,0.0,-0.01,False
Lomé,Cassava meal (gari),2017-12-01,350.0,-12.5,-0.62,False
Lomé,Cassava meal (gari),2018-01-01,300.0,-20.0,-1.01,False
Lomé,Cassava meal (gari),2018-02-01,240.0,-40.0,-2.26,False
Lomé,Cassava meal (gari),2018-03-01,240.0,-31.43,-1.56,False
Lomé,Cassava meal (gari),2018-04-01,200.0,-33.33,-1.63,False
Lomé,Cassava meal (gari),2018-05-01,217.0,-9.58,-0.32,False
Lomé,Cassava meal (gari),2018-06-01,217.0,-9.58,-0.31,False
Lomé,Cassava meal (gari),2018-07-01,200.0,0.0,0.11,False
Lomé,Cassava meal (gari),2018-08-01,198.0,-8.76,-0.26,False
Lomé,Cassava meal (gari),2018-09-01,200.0,-7.83,-0.21,False
Lomé,Cassava meal (gari),2018-10-01,200.0,0.0,0.14,False
Lomé,Cassava meal (gari),2018-11-01,200.0,1.01,0.18,False
Lomé,Cassava meal (gari),2018-12-01,200.0,0.0,0.13,False
Lomé,Cassava meal (gari),2019-01-01,245.0,22.5,0.97,False
Lomé,Cassava meal (gari),2019-02-01,233.0,16.5,0.74,False
Lomé,Cassava meal (gari),2019-03-01,230.0,15.0,0.67,False
Lomé,Cassava meal (gari),2019-04-01,235.0,-4.08,-0.08,False
Lomé,Cassava meal (gari),2019-05-01,240.0,3.0,0.21,False
Lomé,Cassava meal (gari),2019-06-01,,4.78,0.28,False
Lomé,Cassava meal (gari),2019-07-01,242.0,2.98,0.21,False
Lomé,Cassava meal (gari),2019-08-01,240.0,0.0,0.09,False
Lomé,Cassava meal (gari),2019-09-01,240.0,-0.41,0.07,False
Lomé,Cassava meal (gari),2019-10-01,261.0,7.85,0.38,False
Lomé,Cassava meal (gari),2019-11-01,269.0,12.08,0.52,False
Lomé,Cassava meal (gari),2019-12-01,258.0,7.5,0.31,False
Lomé,Cassava meal (gari),2020-01-01,270.0,3.45,0.15,False
Lomé,Cassava meal (gari),2020-02-01,270.0,0.37,0.02,False
Lomé,Cassava meal (gari),2020-03-01,280.0,8.53,0.35,False
Lomé,Cassava meal (gari),2020-04-01,280.0,3.7,0.13,False
Lomé,Cassava meal (gari),2020-05-01,280.0,3.7,0.12,False
Lomé,Cassava meal (gari),2020-06-01,322.0,15.0,0.56,False
Lomé,Cassava meal (gari),2020-07-01,310.0,10.71,0.39,False
Lomé,Cassava meal (gari),2020-08-01,324.0,15.71,0.6,False
Lomé,Cassava meal (gari),2020-09-01,320.0,-0.62,-0.06,False
Lomé,Cassava meal (gari),2020-10-01,300.0,-3.23,-0.16,False
Lomé,Cassava meal (gari),2020-11-01,,-6.89,-0.32,False
Lomé,Cassava meal (gari),2020-12-01,,-5.21,-0.24,False
Lomé,Cassava meal (gari),2021-01-01,305.0,1.67,0.07,False
Lomé,Cassava meal (gari),2021-02-01,395.0,30.94,1.18,False
Lomé,Cassava meal (gari),2021-03-01,400.0,31.87,1.17,False
Lomé,Cassava meal (gari),2021-04-01,400.0,31.15,1.11,False
Lomé,Cassava meal (gari),2021-05-01,455.0,15.19,0.58,False
Lomé,Cassava meal (gari),2021-06-01,440.0,10.0,0.42,False
Lomé,Cassava meal (gari),2021-07-01,435.0,8.75,0.45,False
Lomé,Cassava meal (gari),2021-08-01,435.0,-4.4,-0.23,False
Lomé,Cassava meal (gari),2021-09-01,377.0,-14.32,-0.82,False
Lomé,Cassava meal (gari),2021-10-01,380.0,-12.64,-0.69,False
Lomé,Cassava meal (gari),2021-11-01,370.0,-14.94,-0.85,False
Lomé,Cassava meal (gari),2021-12-01,397.0,5.31,0.35,False
Lomé,Cassava meal (gari),2022-01-01,396.0,4.21,0.25,False
Lomé,Cassava meal (gari),2022-02-01,395.0,6.76,0.37,False
Lomé,Cassava meal (gari),2022-03-01,400.0,0.76,0.03,False
Lomé,Cassava meal (gari),2022-04-01,400.0,1.01,0.06,False
Lomé,Cassava meal (gari),2022-05-01,400.0,1.27,0.12,False
Lomé,Cassava meal (gari),2022-06-01,415.0,3.75,0.31,False
Lomé,Maize (white),2003-04-01,116.0,18.37,0.48,False
Lomé,Maize (white),2003-05-01,129.0,15.18,0.4,False
Lomé,Maize (white),2003-06-01,136.0,17.24,0.44,False
Lomé,Maize (white),2003-07-01,126.0,8.62,0.23,False
Lomé,Maize (white),2003-08-01,92.0,-28.68,-0.9,False
Lomé,Maize (white),2003-09-01,75.0,-44.85,-1.57,False
Lomé,Maize (white),2003-10-01,80.0,-36.51,-1.11,False
Lomé,Maize (white),2003-11-01,80.0,-13.04,-0.25,False
Lomé,Maize (white),2003-12-01,93.0,24.0,0.7,False
Lomé,Maize (white),2004-01-01,102.0,27.5,0.76,False
Lomé,Maize (white),2004-02-01,98.0,22.5,0.63,False
Lomé,Maize (white),2004-03-01,108.0,16.13,0.47,False
Lomé,Maize (white),2004-04-01,114.0,11.76,0.36,False
Lomé,Maize (white),2004-05-01,134.0,36.73,0.92,False
Lomé,Maize (white),2004-06-01,132.0,22.22,0.58,False
Lomé,Maize (white),2004-07-01,159.0,39.47,0.94,False
Lomé,Maize (white),2004-08-01,152.0,13.43,0.34,False
Lomé,Maize (white),2004-09-01,93.0,-29.55,-1.02,False
Lomé,Maize (white),2004-10-01,101.0,-36.48,-1.3,False
Lomé,Maize (white),2004-11-01,118.0,-22.37,-0.69,False
Lomé,Maize (white),2004-12-01,126.0,35.48,0.91,False
Lomé,Maize (white),2005-01-01,143.0,41.58,1.02,False
Lomé,Maize (white),2005-02-01,140.0,18.64,0.49,False
Lomé,Maize (white),2005-03-01,182.0,44.44,1.05,False
Lomé,Maize (white),2005-04-01,219.0,53.15,1.2,False
Lomé,Maize (white),2005-05-01,249.0,77.86,1.6,False
Lomé,Maize (white),2005-06-01,264.0,45.05,0.97,False
Lomé,Maize (white),2005-07-01,269.0,22.83,0.48,False
Lomé,Maize (white),2005-08-01,235.0,-5.62,-0.28,False
Lomé,Maize (white),2005-09-01,197.0,-25.38,-0.95,False
Lomé,Maize (white),2005-10-01,200.0,-25.65,-0.94,False
Lomé,Maize (white),2005-11-01,195.0,-17.02,-0.61,False
Lomé,Maize (white),2005-12-01,193.0,-2.03,-0.12,False
Lomé,Maize (white),2006-01-01,166.0,-17.0,-0.61,False
Lomé,Maize (white),2006-02-01,156.0,-20.0,-0.71,False
Lomé,Maize (white),2006-03-01,157.0,-18.65,-0.65,False
Lomé,Maize (white),2006-04-01,156.0,-6.02,-0.21,False
Lomé,Maize (white),2006-05-01,150.0,-3.85,-0.12,False
Lomé,Maize (white),2006-06-01,166.0,5.73,0.18,False
Lomé,Maize (white),2006-07-01,166.0,6.41,0.21,False
Lomé,Maize (white),2006-08-01,161.0,7.33,0.22,False
Lomé,Maize (white),2006-09-01,152.0,-8.43,-0.33,False
Lomé,Maize (white),2006-10-01,139.0,-16.27,-0.7,False
Lomé,Maize (white),2006-11-01,180.0,11.8,0.29,False
Lomé,Maize (white),2006-12-01,144.0,-5.26,-0.29,False
Lomé,Maize (white),2007-01-01,135.0,-2.88,-0.19,False
Lomé,Maize (white),2007-02-01,165.0,-8.33,-0.39,False
Lomé,Maize (white),2007-03-01,151.0,4.86,0.12,False
Lomé,Maize (white),2007-04-01,162.0,20.0,0.7,False
Lomé,Maize (white),2007-05-01,153.0,-7.27,-0.3,False
Lomé,Maize (white),2007-06-01,150.0,-0.66,-0.04,False
Lomé,Maize (white),2007-07-01,174.0,7.41,0.26,False
Lomé,Maize (white),2007-08-01,,-6.86,-0.29,False
Lomé,Maize (white),2007-09-01,111.0,-26.0,-1.19,False
Lomé,Maize (white),2007-10-01,97.0,-44.25,-2.43,False
Lomé,Maize (white),2007-11-01,148.0,3.86,0.14,False
Lomé,Maize (white),2007-12-01,144.0,29.73,1.03,False
Lomé,Maize (white),2008-01-01,167.0,72.16,2.15,True
Lomé,Maize (white),2008-02-01,200.0,35.14,1.1,False
Lomé,Maize (white),2008-03-01,200.0,38.89,1.17,False
Lomé,Maize (white),2008-04-01,233.0,39.52,1.16,False
Lomé,Maize (white),2008-05-01,300.0,50.0,1.41,False
Lomé,Maize (white),2008-06-01,300.0,50.0,1.37,False
Lomé,Maize (white),2008-07-01,317.0,36.05,0.98,False
Lomé,Maize (white),2008-08-01,333.0,11.0,0.22,False
Lomé,Maize (white),2008-09-01,167.0,-44.33,-2.34,False
Lomé,Maize (white),2008-10-01,217.0,-31.55,-1.58,False
Lomé,Maize (white),2008-11-01,232.0,-30.33,-1.53,False
Lomé,Maize (white),2008-12-01,267.0,59.88,1.54,False
Lomé,Maize (white),2009-01-01,219.0,0.92,-0.15,False
Lomé,Maize (white),2009-02-01,215.0,-7.33,-0.45,False
Lomé,Maize (white),2009-03-01,235.0,-11.99,-0.62,False
Lomé,Maize (white),2009-04-01,251.0,14.61,0.35,False
Lomé,Maize (white),2009-05-01,266.0,23.72,0.63,False
Lomé,Maize (white),2009-06-01,321.0,36.6,1.0,False
Lomé,Maize (white),2009-07-01,269.0,7.17,0.11,False
Lomé,Maize (white),2009-08-01,,3.38,-0.01,False
Lomé,Maize (white),2009-09-01,281.0,-12.46,-0.61,False
Lomé,Maize (white),2009-10-01,221.0,-17.84,-0.86,False
Lomé,Maize (white),2009-11-01,230.0,-16.36,-0.83,False
Lomé,Maize (white),2009-12-01,235.0,-16.37,-0.84,False
Lomé,Maize (white),2010-01-01,200.0,-9.5,-0.51,False
Lomé,Maize (white),2010-02-01,220.0,-4.35,-0.28,False
Lomé,Maize (white),2010-03-01,220.0,-6.38,-0.35,False
Lomé,Maize (white),2010-04-01,200.0,0.0,-0.06,False
Lomé,Maize (white),2010-05-01,200.0,-9.09,-0.42,False
Lomé,Maize (white),2010-06-01,255.0,15.91,0.63,False
Lomé,Maize (white),2010-07-01,225.0,12.5,0.53,False
Lomé,Maize (white),2010-08-01,226.0,13.0,0.55,False
Lomé,Maize (white),2010-09-01,210.0,-17.65,-0.81,False
Lomé,Maize (white),2010-10-01,190.0,-15.56,-0.72,False
Lomé,Maize (white),2010-11-01,224.0,-0.88,-0.04,False
Lomé,Maize (white),2010-12-01,265.0,26.19,1.01,False
Lomé,Maize (white),2011-01-01,255.0,34.21,1.25,False
Lomé,Maize (white),2011-02-01,260.0,16.07,0.58,False
Lomé,Maize (white),2011-03-01,250.0,-5.66,-0.34,False
Lomé,Maize (white),2011-04-01,245.0,-3.92,-0.28,False
Lomé,Maize (white),2011-05-01,247.0,-5.0,-0.33,False
Lomé,Maize (white),2011-06-01,220.0,-12.0,-0.66,False
Lomé,Maize (white),2011-07-01,240.0,-2.04,-0.18,False
Lomé,Maize (white),2011-08-01,,-4.45,-0.28,False
Lomé,Maize (white),2011-09-01,232.0,5.45,0.16,False
Lomé,Maize (white),2011-10-01,225.0,-6.25,-0.37,False
Lomé,Maize (white),2011-11-01,215.0,-8.9,-0.5,False
Lomé,Maize (white),2011-12-01,225.0,-3.02,-0.21,False
Lomé,Maize (white),2012-01-01,215.0,-4.44,-0.28,False
Lomé,Maize (white),2012-02-01,230.0,6.98,0.22,False
Lomé,Maize (white),2012-03-01,238.0,5.78,0.16,False
Lomé,Maize (white),2012-04-01,250.0,16.28,0.57,False
Lomé,Maize (white),2012-05-01,225.0,-2.17,-0.19,False
Lomé,Maize (white),2012-06-01,235.0,-1.26,-0.15,False
Lomé,Maize (white),2012-07-01,230.0,-8.0,-0.46,False
Lomé,Maize (white),2012-08-01,,4.44,0.11,False
Lomé,Maize (white),2012-09-01,240.0,2.13,0.0,False
Lomé,Maize (white),2012-10-01,235.0,2.17,-0.02,False
Lomé,Maize (white),2012-11-01,225.0,-4.26,-0.38,False
Lomé,Maize (white),2012-12-01,225.0,-6.25,-0.47,False
Lomé,Maize (white),2013-01-01,235.0,0.0,-0.14,False
Lomé,Maize (white),2013-02-01,225.0,0.0,-0.1,False
Lomé,Maize (white),2013-03-01,210.0,-6.67,-0.44,False
Lomé,Maize (white),2013-04-01,225.0,-4.26,-0.28,False
Lomé,Maize (white),2013-05-01,210.0,-6.67,-0.39,False
Lomé,Maize (white),2013-06-01,230.0,9.52,0.55,False
Lomé,Maize (white),2013-07-01,230.0,2.22,0.2,False
Lomé,Maize (white),2013-08-01,,8.33,0.59,False
Lomé,Maize (white),2013-09-01,225.0,-2.17,-0.04,False
Lomé,Maize (white),2013-10-01,230.0,0.0,0.05,False
Lomé,Maize (white),2013-11-01,235.0,3.3,0.24,False
Lomé,Maize (white),2013-12-01,245.0,8.89,0.62,False
Lomé,Maize (white),2014-01-01,230.0,0.0,0.0,False
Lomé,Maize (white),2014-02-01,220.0,-6.38,-0.58,False
Lomé,Maize (white),2014-03-01,210.0,-14.29,-1.37,False
Lomé,Maize (white),2014-04-01,220.0,-4.35,-0.39,False
Lomé,Maize (white),2014-05-01,210.0,-4.55,-0.38,False
Lomé,Maize (white),2014-06-01,215.0,2.38,0.29,False
Lomé,Maize (white),2014-07-01,210.0,-4.55,-0.34,False
Lomé,Maize (white),2014-08-01,208.0,-0.95,0.05,False
Lomé,Maize (white),2014-09-01,150.0,-30.23,-3.49,False
Lomé,Maize (white),2014-10-01,133.0,-36.67,-4.08,False
Lomé,Maize (white),2014-11-01,133.0,-36.06,-3.56,False
Lomé,Maize (white),2014-12-01,133.0,-11.33,-0.71,False
Lomé,Maize (white),2015-01-01,150.0,12.78,1.15,False
Lomé,Maize (white),2015-02-01,133.0,0.0,0.18,False
Lomé,Maize (white),2015-03-01,150.0,12.78,1.1,False
Lomé,Maize (white),2015-04-01,167.0,11.33,0.97,False
Lomé,Maize (white),2015-05-01,217.0,63.16,3.85,True
Lomé,Maize (white),2015-06-01,200.0,33.33,2.01,True
Lomé,Maize (white),2015-07-01,200.0,19.76,1.24,False
Lomé,Maize (white),2015-08-01,233.0,7.37,0.5,False
Lomé,Maize (white),2015-09-01,233.0,16.5,1.05,False
Lomé,Maize (white),2015-10-01,217.0,8.5,0.54,False
Lomé,Maize (white),2015-11-01,183.0,-21.46,-1.65,False
Lomé,Maize (white),2015-12-01,183.0,-21.46,-1.59,False
Lomé,Maize (white),2016-01-01,183.0,-15.67,-1.07,False
Lomé,Maize (white),2016-02-01,183.0,0.0,0.1,False
Lomé,Maize (white),2016-03-01,183.0,0.0,0.12,False
Lomé,Maize (white),2016-04-01,200.0,9.29,0.72,False
Lomé,Maize (white),2016-05-01,217.0,18.58,1.25,False
Lomé,Maize (white),2016-06-01,225.0,22.95,1.46,False
Lomé,Maize (white),2016-07-01,217.0,8.5,0.57,False
Lomé,Maize (white),2016-08-01,,-3.92,-0.24,False
Lomé,Maize (white),2016-09-01,200.0,-11.11,-0.76,False
Lomé,Maize (white),2016-10-01,167.0,-23.04,-1.68,False
Lomé,Maize (white),2016-11-01,150.0,-28.06,-2.06,False
Lomé,Maize (white),2016-12-01,154.0,-23.0,-1.55,False
Lomé,Maize (white),2017-01-01,133.0,-20.36,-1.29,False
Lomé,Maize (white),2017-02-01,133.0,-11.33,-0.6,False
Lomé,Maize (white),2017-03-01,148.0,-3.9,-0.1,False
Lomé,Maize (white),2017-04-01,167.0,25.56,1.53,False
Lomé,Maize (white),2017-05-01,167.0,25.56,1.5,False
Lomé,Maize (white),2017-06-01,167.0,12.84,0.82,False
Lomé,Maize (white),2017-07-01,150.0,-10.18,-0.53,False
Lomé,Maize (white),2017-08-01,150.0,-10.18,-0.52,False
Lomé,Maize (white),2017-09-01,167.0,0.0,0.12,False
Lomé,Maize (white),2017-10-01,150.0,0.0,0.12,False
Lomé,Maize (white),2017-11-01,150.0,0.0,0.12,False
Lomé,Maize (white),2017-12-01,133.0,-20.36,-1.21,False
Lomé,Maize (white),2018-01-01,135.0,-10.0,-0.47,False
Lomé,Maize (white),2018-02-01,170.0,13.33,0.86,False
Lomé,Maize (white),2018-03-01,170.0,27.82,1.53,False
Lomé,Maize (white),2018-04-01,173.0,28.15,1.49,False
Lomé,Maize (white),2018-05-01,192.0,12.94,0.74,False
Lomé,Maize (white),2018-06-01,192.0,12.94,0.72,False
Lomé,Maize (white),2018-07-01,186.0,7.51,0.45,False
Lomé,Maize (white),2018-08-01,177.0,-7.81,-0.4,False
Lomé,Maize (white),2018-09-01,186.0,-3.12,-0.12,False
Lomé,Maize (white),2018-10-01,186.0,0.0,0.06,False
Lomé,Maize (white),2018-11-01,159.0,-10.17,-0.53,False
Lomé,Maize (white),2018-12-01,149.0,-19.89,-1.14,False
Lomé,Maize (white),2019-01-01,168.0,-9.68,-0.45,False
Lomé,Maize (white),2019-02-01,168.0,5.66,0.41,False
Lomé,Maize (white),2019-03-01,168.0,12.75,0.75,False
Lomé,Maize (white),2019-04-01,177.0,5.36,0.36,False
Lomé,Maize (white),2019-05-01,186.0,10.71,0.61,False
Lomé,Maize (white),2019-06-01,,10.71,0.6,False
Lomé,Maize (white),2019-07-01,186.0,5.08,0.31,False
Lomé,Maize (white),2019-08-01,,-0.81,-0.01,False
Lomé,Maize (white),2019-09-01,183.0,-1.61,-0.05,False
Lomé,Maize (white),2019-10-01,183.0,-1.61,-0.09,False
Lomé,Maize (white),2019-11-01,167.0,-9.49,-0.63,False
Lomé,Maize (white),2019-12-01,155.0,-15.3,-1.12,False
Lomé,Maize (white),2020-01-01,154.0,-15.85,-1.15,False
Lomé,Maize (white),2020-02-01,155.0,-7.19,-0.5,False
Lomé,Maize (white),2020-03-01,168.0,8.39,0.46,False
Lomé,Maize (white),2020-04-01,154.0,0.0,-0.03,False
Lomé,Maize (white),2020-05-01,170.0,9.68,0.55,False
Lomé,Maize (white),2020-06-01,179.0,6.55,0.45,False
Lomé,Maize (white),2020-07-01,180.0,16.88,1.14,False
Lomé,Maize (white),2020-08-01,197.0,15.88,1.08,False
Lomé,Maize (white),2020-09-01,198.0,10.61,0.74,False
Lomé,Maize (white),2020-10-01,190.0,5.56,0.43,False
Lomé,Maize (white),2020-11-01,,-3.21,-0.17,False
Lomé,Maize (white),2020-12-01,,-3.37,-0.21,False
Lomé,Maize (white),2021-01-01,192.0,1.05,0.08,False
Lomé,Maize (white),2021-02-01,192.0,0.7,0.04,False
Lomé,Maize (white),2021-03-01,212.0,10.8,0.75,False
Lomé,Maize (white),2021-04-01,231.0,20.31,1.34,False
Lomé,Maize (white),2021-05-01,270.0,40.63,2.45,True
Lomé,Maize (white),2021-06-01,280.0,32.08,1.9,False
Lomé,Maize (white),2021-07-01,280.0,21.21,1.27,False
Lomé,Maize (white),2021-08-01,300.0,11.11,0.64,False
Lomé,Maize (white),2021-09-01,265.0,-5.36,-0.47,False
Lomé,Maize (white),2021-10-01,265.0,-5.36,-0.48,False
Lomé,Maize (white),2021-11-01,250.0,-16.67,-1.43,False
Lomé,Maize (white),2021-12-01,305.0,15.09,0.88,False
Lomé,Maize (white),2022-01-01,350.0,32.08,1.91,False
Lomé,Maize (white),2022-02-01,350.0,40.0,2.29,True
Lomé,Maize (white),2022-03-01,350.0,14.75,0.7,False
Lomé,Maize (white),2022-04-01,330.0,-5.71,-0.78,False
Lomé,Maize (white),2022-05-01,310.0,-11.43,-1.22,False
Lomé,Maize (white),2022-06-01,300.0,-14.29,-1.43,False
Lomé,Rice (imported),2003-04-01,218.0,-28.05,-2.02,False
Lomé,Rice (imported),2003-05-01,206.0,-21.67,-1.29,False
Lomé,Rice (imported),2003-06-01,,-14.04,-0.64,False
Lomé,Rice (imported),2003-07-01,,-1.28,0.25,False
Lomé,Rice (imported),2003-08-01,,6.7,0.75,False
Lomé,Rice (imported),2003-10-01,229.0,6.41,0.71,False
Lomé,Rice (imported),2003-11-01,218.0,-0.82,0.23,False
Lomé,Rice (imported),2004-01-01,225.0,-1.75,0.16,False
Lomé,Rice (imported),2004-02-01,224.0,2.75,0.47,False
Lomé,Rice (imported),2004-03-01,221.0,-2.64,0.09,False
Lomé,Rice (imported),2004-04-01,229.0,1.78,0.4,False
Lomé,Rice (imported),2004-05-01,237.0,5.8,0.66,False
Lomé,Rice (imported),2004-06-01,240.0,8.6,0.84,False
Lomé,Rice (imported),2004-07-01,237.0,3.49,0.47,False
Lomé,Rice (imported),2004-08-01,259.0,9.28,0.86,False
Lomé,Rice (imported),2004-09-01,,3.33,0.43,False
Lomé,Rice (imported),2004-10-01,237.0,0.0,0.19,False
Lomé,Rice (imported),2004-11-01,241.0,-6.95,-0.35,False
Lomé,Rice (imported),2004-12-01,252.0,1.61,0.31,False
Lomé,Rice (imported),2005-01-01,251.0,5.91,0.62,False
Lomé,Rice (imported),2005-02-01,269.0,11.62,1.02,False
Lomé,Rice (imported),2005-03-01,247.0,-1.98,0.0,False
Lomé,Rice (imported),2005-04-01,262.0,4.38,0.49,False
Lomé,Rice (imported),2005-05-01,274.0,1.86,0.29,False
Lomé,Rice (imported),2005-06-01,,4.25,0.47,False
Lomé,Rice (imported),2005-07-01,241.0,-8.02,-0.53,False
Lomé,Rice (imported),2005-08-01,,1.64,0.27,False
Lomé,Rice (imported),2005-09-01,316.0,22.72,1.79,False
Lomé,Rice (imported),2005-10-01,262.0,8.71,0.76,False
Lomé,Rice (imported),2005-11-01,260.0,-6.64,-0.46,False
Lomé,Rice (imported),2005-12-01,292.0,-7.59,-0.53,False
Lomé,Rice (imported),2006-01-01,219.0,-16.41,-1.34,False
Lomé,Rice (imported),2006-02-01,225.0,-13.46,-1.02,False
Lomé,Rice (imported),2006-03-01,248.0,-15.07,-1.16,False
Lomé,Rice (imported),2006-04-01,264.0,20.55,1.66,False
Lomé,Rice (imported),2006-05-01,250.0,11.11,0.95,False
Lomé,Rice (imported),2006-06-01,234.0,-5.65,-0.36,False
Lomé,Rice (imported),2006-07-01,,-20.33,-1.67,False
Lomé,Rice (imported),2006-08-01,,-25.33,-2.1,False
Lomé,Rice (imported),2006-09-01,163.0,-30.34,-2.5,False
Lomé,Rice (imported),2006-10-01,163.0,-22.5,-1.6,False
Lomé,Rice (imported),2006-11-01,258.0,38.21,2.45,True
Lomé,Rice (imported),2006-12-01,191.0,17.18,1.2,False
Lomé,Rice (imported),2007-01-01,327.0,100.61,4.65,True
Lomé,Rice (imported),2007-02-01,317.0,22.87,1.19,False
Lomé,Rice (imported),2007-03-01,313.0,63.87,2.78,True
Lomé,Rice (imported),2007-04-01,314.0,-3.98,-0.27,False
Lomé,Rice (imported),2007-05-01,314.0,-0.95,-0.06,False
Lomé,Rice (imported),2007-06-01,,0.32,0.03,False
Lomé,Rice (imported),2007-07-01,,0.0,0.02,False
Lomé,Rice (imported),2007-08-01,314.0,0.0,0.02,False
Lomé,Rice (imported),2007-09-01,312.0,-0.64,-0.03,False
Lomé,Rice (imported),2007-10-01,312.0,-0.64,-0.04,False
Lomé,Rice (imported),2007-11-01,311.0,-0.96,-0.06,False
Lomé,Rice (imported),2007-12-01,312.0,0.0,-0.0,False
Lomé,Rice (imported),2008-01-01,417.0,33.65,1.65,False
Lomé,Rice (imported),2008-02-01,417.0,34.08,1.61,False
Lomé,Rice (imported),2008-03-01,542.0,73.72,2.96,True
Lomé,Rice (imported),2008-04-01,417.0,0.0,-0.13,False
Lomé,Rice (imported),2008-05-01,458.0,9.83,0.33,False
Lomé,Rice (imported),2008-06-01,500.0,-7.75,-0.64,False
Lomé,Rice (imported),2008-07-01,,26.54,1.08,False
Lomé,Rice (imported),2008-08-01,,21.25,0.82,False
Lomé,Rice (imported),2008-09-01,583.0,16.6,0.59,False
Lomé,Rice (imported),2008-10-01,667.0,26.41,1.02,False
Lomé,Rice (imported),2008-11-01,446.0,-19.69,-1.45,False
Lomé,Rice (imported),2008-12-01,750.0,28.64,1.09,False
Lomé,Rice (imported),2009-01-01,316.0,-52.62,-4.22,False
Lomé,Rice (imported),2009-02-01,312.0,-30.04,-1.84,False
Lomé,Rice (imported),2009-03-01,316.0,-57.87,-4.05,False
Lomé,Rice (imported),2009-04-01,432.0,36.71,1.19,False
Lomé,Rice (imported),2009-05-01,547.0,75.32,2.14,True
Lomé,Rice (imported),2009-06-01,,81.49,2.16,True
Lomé,Rice (imported),2009-07-01,600.0,38.89,1.07,False
Lomé,Rice (imported),2009-08-01,600.0,9.69,0.18,False
Lomé,Rice (imported),2009-09-01,600.0,4.62,0.0,False
Lomé,Rice (imported),2009-10-01,500.0,-16.67,-0.83,False
Lomé,Rice (imported),2009-11-01,600.0,0.0,-0.15,False
Lomé,Rice (imported),2009-12-01,570.0,-5.0,-0.34,False
Lomé,Rice (imported),2010-01-01,480.0,-4.0,-0.3,False
Lomé,Rice (imported),2010-02-01,480.0,-20.0,-0.95,False
Lomé,Rice (imported),2010-03-01,600.0,5.26,0.06,False
Lomé,Rice (imported),2010-04-01,410.0,-14.58,-0.7,False
Lomé,Rice (imported),2010-05-01,520.0,8.33,0.17,False
Lomé,Rice (imported),2010-06-01,,-12.92,-0.61,False
Lomé,Rice (imported),2010-07-01,525.0,28.05,0.78,False
Lomé,Rice (imported),2010-08-01,530.0,1.92,-0.06,False
Lomé,Rice (imported),2010-09-01,505.0,-3.35,-0.25,False
Lomé,Rice (imported),2010-10-01,520.0,-0.95,-0.15,False
Lomé,Rice (imported),2010-11-01,530.0,0.0,-0.11,False
Lomé,Rice (imported),2010-12-01,520.0,2.97,-0.01,False
Lomé,Rice (imported),2011-01-01,550.0,5.77,0.08,False
Lomé,Rice (imported),2011-02-01,550.0,3.77,0.0,False
Lomé,Rice (imported),2011-03-01,540.0,3.85,-0.01,False
Lomé,Rice (imported),2011-04-01,540.0,-1.82,-0.22,False
Lomé,Rice (imported),2011-05-01,538.0,-2.18,-0.23,False
Lomé,Rice (imported),2011-06-01,,-0.28,-0.15,False
Lomé,Rice (imported),2011-07-01,539.0,-0.19,-0.15,False
Lomé,Rice (imported),2011-08-01,545.0,1.3,-0.11,False
Lomé,Rice (imported),2011-09-01,546.0,1.39,-0.12,False
Lomé,Rice (imported),2011-10-01,540.0,0.19,-0.2,False
Lomé,Rice (imported),2011-11-01,550.0,0.92,-0.19,False
Lomé,Rice (imported),2011-12-01,550.0,0.73,-0.18,False
Lomé,Rice (imported),2012-01-01,550.0,1.85,-0.12,False
Lomé,Rice (imported),2012-02-01,550.0,0.0,-0.16,False
Lomé,Rice (imported),2012-03-01,546.0,-0.73,-0.18,False
Lomé,Rice (imported),2012-04-01,575.0,4.55,0.07,False
Lomé,Rice (imported),2012-05-01,,2.27,-0.03,False
Lomé,Rice (imported),2012-06-01,,0.73,-0.09,False
Lomé,Rice (imported),2012-07-01,,-6.52,-0.41,False
Lomé,Rice (imported),2012-08-01,525.0,-6.67,-0.41,False
Lomé,Rice (imported),2012-09-01,525.0,-4.55,-0.31,False
Lomé,Rice (imported),2012-10-01,550.0,2.33,-0.01,False
Lomé,Rice (imported),2012-11-01,530.0,0.95,-0.07,False
Lomé,Rice (imported),2012-12-01,550.0,4.76,0.08,False
Lomé,Rice (imported),2013-01-01,550.0,0.0,-0.12,False
Lomé,Rice (imported),2013-02-01,550.0,3.77,0.06,False
Lomé,Rice (imported),2013-03-01,530.0,-3.64,-0.24,False
Lomé,Rice (imported),2013-04-01,550.0,0.0,-0.04,False
Lomé,Rice (imported),2013-05-01,,-0.45,-0.06,False
Lomé,Rice (imported),2013-06-01,545.0,2.83,0.09,False
Lomé,Rice (imported),2013-07-01,560.0,1.82,0.04,False
Lomé,Rice (imported),2013-08-01,575.0,5.02,0.2,False
Lomé,Rice (imported),2013-09-01,575.0,5.5,0.23,False
Lomé,Rice (imported),2013-10-01,555.0,-0.89,-0.05,False
Lomé,Rice (imported),2013-11-01,545.0,-5.22,-0.24,False
Lomé,Rice (imported),2013-12-01,550.0,-4.35,-0.21,False
Lomé,Rice (imported),2014-01-01,555.0,0.0,0.02,False
Lomé,Rice (imported),2014-02-01,550.0,0.92,0.01,False
Lomé,Rice (imported),2014-03-01,550.0,0.0,-0.08,False
Lomé,Rice (imported),2014-04-01,550.0,-0.9,-0.27,False
Lomé,Rice (imported),2014-05-01,550.0,0.0,-0.17,False
Lomé,Rice (imported),2014-06-01,,0.0,-0.12,False
Lomé,Rice (imported),2014-07-01,550.0,0.0,-0.04,False
Lomé,Rice (imported),2014-08-01,550.0,0.0,0.03,False
Lomé,Rice (imported),2014-09-01,550.0,0.0,0.06,False
Lomé,Rice (imported),2014-10-01,550.0,0.0,0.07,False
Lomé,Rice (imported),2014-11-01,400.0,-27.27,-5.32,False
Lomé,Rice (imported),2014-12-01,400.0,-27.27,-4.31,False
Lomé,Rice (imported),2015-01-01,400.0,-27.27,-3.72,False
Lomé,Rice (imported),2015-02-01,383.0,-4.25,-0.3,False
Lomé,Rice (imported),2015-03-01,383.0,-4.25,-0.35,False
Lomé,Rice (imported),2015-04-01,400.0,0.0,0.16,False
Lomé,Rice (imported),2015-05-01,433.0,13.05,1.58,False
Lomé,Rice (imported),2015-06-01,,8.75,1.1,False
Lomé,Rice (imported),2015-07-01,400.0,0.0,0.08,False
Lomé,Rice (imported),2015-08-01,,-3.81,-0.35,False
Lomé,Rice (imported),2015-09-01,433.0,3.96,0.65,False
Lomé,Rice (imported),2015-10-01,417.0,4.25,0.67,False
Lomé,Rice (imported),2015-11-01,367.0,-11.88,-1.47,False
Lomé,Rice (imported),2015-12-01,367.0,-15.24,-1.9,False
Lomé,Rice (imported),2016-01-01,400.0,-4.08,-0.31,False
Lomé,Rice (imported),2016-02-01,400.0,8.99,1.26,False
Lomé,Rice (imported),2016-03-01,400.0,8.99,1.24,False
Lomé,Rice (imported),2016-04-01,433.0,8.25,1.13,False
Lomé,Rice (imported),2016-05-01,,6.19,0.88,False
Lomé,Rice (imported),2016-06-01,,4.13,0.62,False
Lomé,Rice (imported),2016-07-01,,-5.72,-0.55,False
Lomé,Rice (imported),2016-08-01,400.0,-5.83,-0.55,False
Lomé,Rice (imported),2016-09-01,400.0,-3.96,-0.31,False
Lomé,Rice (imported),2016-10-01,367.0,-10.1,-1.07,False
Lomé,Rice (imported),2016-11-01,333.0,-16.75,-1.93,False
Lomé,Rice (imported),2016-12-01,333.0,-16.75,-1.84,False
Lomé,Rice (imported),2017-01-01,400.0,8.99,1.2,False
Lomé,Rice (imported),2017-02-01,400.0,20.12,2.22,True
Lomé,Rice (imported),2017-03-01,400.0,20.12,2.11,True
Lomé,Rice (imported),2017-04-01,417.0,4.25,0.58,False
Lomé,Rice (imported),2017-05-01,400.0,0.0,0.16,False
Lomé,Rice (imported),2017-06-01,,-8.38,-0.72,False
Lomé,Rice (imported),2017-07-01,333.0,-20.14,-2.08,False
Lomé,Rice (imported),2017-08-01,333.0,-16.75,-1.58,False
Lomé,Rice (imported),2017-09-01,400.0,9.14,1.05,False
Lomé,Rice (imported),2017-10-01,400.0,20.12,1.92,False
Lomé,Rice (imported),2017-11-01,383.0,15.02,1.44,False
Lomé,Rice (imported),2017-12-01,367.0,-8.25,-0.64,False
Lomé,Rice (imported),2018-01-01,400.0,0.0,0.16,False
Lomé,Rice (imported),2018-02-01,400.0,4.44,0.55,False
Lomé,Rice (imported),2018-03-01,400.0,8.99,0.93,False
Lomé,Rice (imported),2018-04-01,418.0,4.5,0.53,False
Lomé,Rice (imported),2018-05-01,433.0,8.25,0.84,False
Lomé,Rice (imported),2018-06-01,533.0,33.25,2.67,True
Lomé,Rice (imported),2018-07-01,,27.51,2.12,True
Lomé,Rice (imported),2018-08-01,533.0,23.09,1.73,False
Lomé,Rice (imported),2018-09-01,433.0,-18.76,-1.63,False
Lomé,Rice (imported),2018-10-01,433.0,-18.76,-1.56,False
Lomé,Rice (imported),2018-11-01,482.0,-9.57,-0.69,False
Lomé,Rice (imported),2018-12-01,482.0,11.32,0.9,False
Lomé,Rice (imported),2019-01-01,398.0,-8.08,-0.57,False
Lomé,Rice (imported),2019-02-01,398.0,-17.43,-1.37,False
Lomé,Rice (imported),2019-03-01,398.0,-17.43,-1.32,False
Lomé,Rice (imported),2019-04-01,400.0,0.5,0.16,False
Lomé,Rice (imported),2019-05-01,,1.36,0.22,False
Lomé,Rice (imported),2019-06-01,,2.21,0.28,False
Lomé,Rice (imported),2019-07-01,,2.55,0.3,False
Lomé,Rice (imported),2019-09-01,417.0,2.51,0.29,False
Lomé,Rice (imported),2019-10-01,400.0,-2.49,-0.07,False
Lomé,Rice (imported),2019-12-01,400.0,-4.08,-0.24,False
Lomé,Rice (imported),2020-01-01,400.0,0.0,0.04,False
Lomé,Rice (imported),2020-02-01,400.0,0.0,-0.0,False
Lomé,Rice (imported),2020-03-01,400.0,0.0,-0.01,False
Lomé,Rice (imported),2020-04-01,450.0,12.5,0.97,False
Lomé,Rice (imported),2020-05-01,,16.25,1.22,False
Lomé,Rice (imported),2020-06-01,480.0,20.0,1.47,False
Lomé,Rice (imported),2020-07-01,,3.33,0.22,False
Lomé,Rice (imported),2020-08-01,450.0,-3.23,-0.32,False
Lomé,Rice (imported),2020-09-01,450.0,-6.25,-0.58,False
Lomé,Rice (imported),2020-10-01,450.0,-3.23,-0.3,False
Lomé,Rice (imported),2020-11-01,,0.0,-0.03,False
Lomé,Rice (imported),2020-12-01,,0.0,-0.05,False
Lomé,Rice (imported),2021-01-01,450.0,0.0,-0.07,False
Lomé,Rice (imported),2021-02-01,450.0,0.0,-0.08,False
Lomé,Rice (imported),2021-03-01,450.0,0.0,-0.06,False
Lomé,Rice (imported),2021-04-01,450.0,0.0,-0.05,False
Lomé,Rice (imported),2021-05-01,480.0,6.67,0.5,False
Lomé,Rice (imported),2021-06-01,480.0,6.67,0.5,False
Lomé,Rice (imported),2021-07-01,480.0,6.67,0.5,False
Lomé,Rice (imported),2021-08-01,480.0,0.0,-0.06,False
Lomé,Rice (imported),2021-09-01,485.0,1.04,0.02,False
Lomé,Rice (imported),2021-10-01,490.0,2.08,0.1,False
Lomé,Rice (imported),2021-11-01,490.0,2.08,0.08,False
Lomé,Rice (imported),2021-12-01,460.0,-5.15,-0.6,False
Lomé,Rice (imported),2022-01-01,460.0,-6.12,-0.72,False
Lomé,Rice (imported),2022-02-01,460.0,-6.12,-0.7,False
Lomé,Rice (imported),2022-03-01,460.0,0.0,-0.1,False
Lomé,Rice (imported),2022-04-01,460.0,0.0,-0.07,False
Lomé,Sorghum,2003-04-01,238.0,-0.83,-0.23,False
Lomé,Sorghum,2003-05-01,184.0,9.52,0.25,False
Lomé,Sorghum,2003-06-01,236.0,28.26,1.03,False
Lomé,Sorghum,2003-07-01,240.0,0.84,-0.2,False
Lomé,Sorghum,2003-08-01,208.0,13.04,0.38,False
Lomé,Sorghum,2003-09-01,227.0,-3.81,-0.45,False
Lomé,Sorghum,2003-10-01,213.0,-11.25,-0.86,False
Lomé,Sorghum,2003-11-01,220.0,5.77,0.08,False
Lomé,Sorghum,2003-12-01,225.0,-0.88,-0.27,False
Lomé,Sorghum,2004-01-01,135.0,-36.62,-2.67,False
Lomé,Sorghum,2004-02-01,133.0,-39.55,-2.62,False
Lomé,Sorghum,2004-03-01,140.0,-37.78,-2.22,False
Lomé,Sorghum,2004-04-01,182.0,34.81,1.31,False
Lomé,Sorghum,2004-05-01,168.0,26.32,0.98,False
Lomé,Sorghum,2004-06-01,140.0,0.0,-0.05,False
Lomé,Sorghum,2004-07-01,152.0,-16.48,-0.84,False
Lomé,Sorghum,2004-08-01,299.0,77.98,2.5,True
Lomé,Sorghum,2004-09-01,308.0,120.0,3.18,True
Lomé,Sorghum,2004-10-01,323.0,112.5,2.68,True
Lomé,Sorghum,2004-11-01,306.0,2.34,-0.11,False
Lomé,Sorghum,2004-12-01,310.0,0.65,-0.17,False
Lomé,Sorghum,2005-01-01,150.0,-53.56,-2.94,False
Lomé,Sorghum,2005-02-01,152.0,-50.33,-2.44,False
Lomé,Sorghum,2005-03-01,156.0,-49.68,-2.23,False
Lomé,Sorghum,2005-04-01,175.0,16.67,0.45,False
Lomé,Sorghum,2005-05-01,197.0,29.61,0.77,False
Lomé,Sorghum,2005-06-01,212.0,35.9,0.9,False
Lomé,Sorghum,2005-07-01,253.0,44.57,1.08,False
Lomé,Sorghum,2005-08-01,259.0,31.47,0.76,False
Lomé,Sorghum,2005-09-01,265.0,25.0,0.6,False
Lomé,Sorghum,2005-10-01,267.0,5.53,0.06,False
Lomé,Sorghum,2005-11-01,265.0,2.32,-0.04,False
Lomé,Sorghum,2005-12-01,266.0,0.38,-0.1,False
Lomé,Sorghum,2006-01-01,281.0,5.24,0.06,False
Lomé,Sorghum,2006-02-01,278.0,4.91,0.05,False
Lomé,Sorghum,2006-03-01,271.0,1.88,-0.05,False
Lomé,Sorghum,2006-04-01,316.0,12.46,0.27,False
Lomé,Sorghum,2006-05-01,315.0,13.31,0.3,False
Lomé,Sorghum,2006-06-01,258.0,-4.8,-0.27,False
Lomé,Sorghum,2006-07-01,291.0,-7.91,-0.37,False
Lomé,Sorghum,2006-08-01,277.0,-12.06,-0.5,False
Lomé,Sorghum,2006-09-01,322.0,24.81,0.67,False
Lomé,Sorghum,2006-10-01,324.0,11.34,0.28,False
Lomé,Sorghum,2006-11-01,292.0,5.42,0.1,False
Lomé,Sorghum,2006-12-01,264.0,-18.01,-0.74,False
Lomé,Sorghum,2007-01-01,335.0,3.4,0.04,False
Lomé,Sorghum,2007-02-01,308.0,5.48,0.11,False
Lomé,Sorghum,2007-03-01,280.0,6.06,0.13,False
Lomé,Sorghum,2007-04-01,306.0,-8.66,-0.37,False
Lomé,Sorghum,2007-05-01,305.0,-0.97,-0.1,False
Lomé,Sorghum,2007-06-01,367.0,31.07,0.83,False
Lomé,Sorghum,2007-07-01,426.0,39.22,1.02,False
Lomé,Sorghum,2007-08-01,264.0,-13.44,-0.55,False
Lomé,Sorghum,2007-09-01,457.0,24.52,0.65,False
Lomé,Sorghum,2007-10-01,459.0,7.75,0.16,False
Lomé,Sorghum,2007-11-01,458.0,73.48,1.7,False
Lomé,Sorghum,2007-12-01,459.0,0.44,-0.12,False
Lomé,Sorghum,2008-01-01,248.0,-45.97,-2.24,False
Lomé,Sorghum,2008-02-01,209.0,-54.37,-2.66,False
Lomé,Sorghum,2008-03-01,225.0,-50.98,-2.25,False
Lomé,Sorghum,2008-04-01,233.0,-6.05,-0.21,False
Lomé,Sorghum,2008-05-01,253.0,21.05,0.55,False
Lomé,Sorghum,2008-06-01,266.0,18.22,0.47,False
Lomé,Sorghum,2008-07-01,320.0,37.34,0.92,False
Lomé,Sorghum,2008-08-01,415.0,64.03,1.42,False
Lomé,Sorghum,2008-09-01,258.0,-3.01,-0.14,False
Lomé,Sorghum,2008-10-01,317.0,-0.94,-0.08,False
Lomé,Sorghum,2008-11-01,326.0,-21.45,-0.76,False
Lomé,Sorghum,2008-12-01,349.0,35.27,0.83,False
Lomé,Sorghum,2009-01-01,324.0,2.21,0.0,False
Lomé,Sorghum,2009-02-01,329.0,0.92,-0.06,False
Lomé,Sorghum,2009-03-01,297.0,-14.9,-0.59,False
Lomé,Sorghum,2009-04-01,283.0,-12.65,-0.54,False
Lomé,Sorghum,2009-05-01,268.0,-18.54,-0.73,False
Lomé,Sorghum,2009-06-01,262.0,-11.78,-0.46,False
Lomé,Sorghum,2009-07-01,258.0,-8.83,-0.36,False
Lomé,Sorghum,2009-08-01,259.0,-3.36,-0.19,False
Lomé,Sorghum,2009-09-01,240.0,-8.4,-0.33,False
Lomé,Sorghum,2009-10-01,232.0,-10.08,-0.36,False
Lomé,Sorghum,2009-11-01,238.0,-8.11,-0.25,False
Lomé,Sorghum,2009-12-01,243.0,1.25,0.09,False
Lomé,Sorghum,2010-01-01,260.0,12.07,0.44,False
Lomé,Sorghum,2010-02-01,240.0,0.84,0.03,False
Lomé,Sorghum,2010-03-01,280.0,15.23,0.5,False
Lomé,Sorghum,2010-04-01,200.0,-23.08,-1.21,False
Lomé,Sorghum,2010-05-01,240.0,0.0,-0.08,False
Lomé,Sorghum,2010-06-01,280.0,0.0,-0.06,False
Lomé,Sorghum,2010-07-01,250.0,25.0,0.9,False
Lomé,Sorghum,2010-08-01,270.0,12.5,0.47,False
Lomé,Sorghum,2010-09-01,260.0,-7.14,-0.34,False
Lomé,Sorghum,2010-10-01,260.0,4.0,0.17,False
Lomé,Sorghum,2010-11-01,275.0,1.85,0.08,False
Lomé,Sorghum,2010-12-01,255.0,-1.92,-0.08,False
Lomé,Sorghum,2011-01-01,275.0,5.77,0.25,False
Lomé,Sorghum,2011-02-01,280.0,1.82,0.08,False
Lomé,Sorghum,2011-03-01,275.0,7.84,0.33,False
Lomé,Sorghum,2011-04-01,265.0,-3.64,-0.16,False
Lomé,Sorghum,2011-05-01,263.0,-6.07,-0.26,False
Lomé,Sorghum,2011-06-01,240.0,-12.73,-0.57,False
Lomé,Sorghum,2011-07-01,265.0,0.0,0.03,False
Lomé,Sorghum,2011-08-01,275.0,4.56,0.22,False
Lomé,Sorghum,2011-09-01,271.0,12.92,0.54,False
Lomé,Sorghum,2011-10-01,275.0,3.77,0.18,False
Lomé,Sorghum,2011-11-01,260.0,-5.45,-0.22,False
Lomé,Sorghum,2011-12-01,275.0,1.48,0.1,False
Lomé,Sorghum,2012-01-01,250.0,-9.09,-0.4,False
Lomé,Sorghum,2012-02-01,260.0,0.0,0.03,False
Lomé,Sorghum,2012-03-01,264.0,-4.0,-0.15,False
Lomé,Sorghum,2012-04-01,275.0,10.0,0.46,False
Lomé,Sorghum,2012-05-01,250.0,-3.85,-0.15,False
Lomé,Sorghum,2012-06-01,250.0,-5.3,-0.21,False
Lomé,Sorghum,2012-07-01,270.0,-1.82,-0.03,False
Lomé,Sorghum,2012-08-01,260.0,4.0,0.26,False
Lomé,Sorghum,2012-09-01,275.0,10.0,0.5,False
Lomé,Sorghum,2012-10-01,275.0,1.85,0.16,False
Lomé,Sorghum,2012-11-01,275.0,5.77,0.34,False
Lomé,Sorghum,2012-12-01,280.0,1.82,0.21,False
Lomé,Sorghum,2013-01-01,280.0,1.82,0.21,False
Lomé,Sorghum,2013-02-01,280.0,1.82,0.17,False
Lomé,Sorghum,2013-03-01,295.0,5.36,0.34,False
Lomé,Sorghum,2013-04-01,275.0,-1.79,-0.23,False
Lomé,Sorghum,2013-05-01,260.0,-7.14,-0.68,False
Lomé,Sorghum,2013-06-01,270.0,-8.47,-0.76,False
Lomé,Sorghum,2013-07-01,260.0,-5.45,-0.48,False
Lomé,Sorghum,2013-08-01,260.0,0.0,0.02,False
Lomé,Sorghum,2013-09-01,280.0,3.7,0.48,False
Lomé,Sorghum,2013-10-01,270.0,3.85,0.48,False
Lomé,Sorghum,2013-11-01,270.0,3.85,0.48,False
Lomé,Sorghum,2013-12-01,275.0,-1.79,-0.14,False
Lomé,Sorghum,2014-01-01,290.0,7.41,0.96,False
Lomé,Sorghum,2014-02-01,275.0,1.85,0.32,False
Lomé,Sorghum,2014-03-01,250.0,-9.09,-1.01,False
Lomé,Sorghum,2014-04-01,280.0,-3.45,-0.33,False
Lomé,Sorghum,2014-05-01,275.0,0.0,0.07,False
Lomé,Sorghum,2014-06-01,280.0,12.0,1.49,False
Lomé,Sorghum,2014-07-01,290.0,3.57,0.43,False
Lomé,Sorghum,2014-08-01,288.0,4.73,0.56,False
Lomé,Sorghum,2014-09-01,300.0,7.14,0.83,False
Lomé,Sorghum,2014-10-01,300.0,3.45,0.35,False
Lomé,Sorghum,2014-11-01,325.0,12.85,1.48,False
Lomé,Sorghum,2014-12-01,350.0,16.67,1.87,False
Lomé,Sorghum,2015-01-01,325.0,8.33,0.83,False
Lomé,Sorghum,2015-02-01,325.0,0.0,-0.2,False
Lomé,Sorghum,2015-03-01,325.0,-7.14,-1.16,False
Lomé,Sorghum,2015-04-01,350.0,7.69,0.83,False
Lomé,Sorghum,2015-05-01,375.0,15.38,1.88,False
Lomé,Sorghum,2015-06-01,363.0,11.69,1.32,False
Lomé,Sorghum,2015-07-01,350.0,0.0,-0.3,False
Lomé,Sorghum,2015-08-01,375.0,0.0,-0.27,False
Lomé,Sorghum,2015-09-01,375.0,3.31,0.27,False
Lomé,Sorghum,2015-10-01,350.0,0.0,-0.28,False
Lomé,Sorghum,2015-11-01,350.0,-6.67,-1.37,False
Lomé,Sorghum,2015-12-01,350.0,-6.67,-1.33,False
Lomé,Sorghum,2016-01-01,325.0,-7.14,-1.38,False
Lomé,Sorghum,2016-02-01,350.0,0.0,-0.19,False
Lomé,Sorghum,2016-03-01,350.0,0.0,-0.18,False
Lomé,Sorghum,2016-04-01,375.0,15.38,2.06,True
Lomé,Sorghum,2016-05-01,375.0,7.14,0.84,False
Lomé,Sorghum,2016-06-01,375.0,7.14,0.81,False
Lomé,Sorghum,2016-07-01,350.0,-6.67,-1.39,False
Lomé,Sorghum,2016-08-01,350.0,-6.67,-1.36,False
Lomé,Sorghum,2016-09-01,350.0,-6.67,-1.31,False
Lomé,Sorghum,2016-10-01,350.0,0.0,-0.2,False
Lomé,Sorghum,2016-11-01,350.0,0.0,-0.19,False
Lomé,Sorghum,2016-12-01,350.0,0.0,-0.21,False
Lomé,Sorghum,2017-01-01,325.0,-7.14,-1.36,False
Lomé,Sorghum,2017-02-01,440.0,25.71,3.41,True
Lomé,Sorghum,2017-03-01,440.0,25.71,3.06,True
Lomé,Sorghum,2017-04-01,450.0,38.46,4.11,True
Lomé,Sorghum,2017-05-01,450.0,2.27,-0.04,False
Lomé,Sorghum,2017-06-01,375.0,-14.77,-2.25,False
Lomé,Sorghum,2017-07-01,375.0,-16.67,-2.42,False
Lomé,Sorghum,2017-08-01,375.0,-16.67,-2.28,False
Lomé,Sorghum,2017-09-01,425.0,13.33,1.15,False
Lomé,Sorghum,2017-10-01,400.0,6.67,0.49,False
Lomé,Sorghum,2017-11-01,350.0,-6.67,-0.94,False
Lomé,Sorghum,2017-12-01,350.0,-17.65,-2.24,False
Lomé,Sorghum,2018-01-01,350.0,-12.5,-1.5,False
Lomé,Sorghum,2018-02-01,210.0,-40.0,-5.21,False
Lomé,Sorghum,2018-03-01,210.0,-40.0,-4.25,False
Lomé,Sorghum,2018-04-01,253.0,-27.71,-2.31,False
Lomé,Sorghum,2018-05-01,262.0,24.76,1.62,False
Lomé,Sorghum,2018-06-01,262.0,24.76,1.56,False
Lomé,Sorghum,2018-07-01,272.0,7.51,0.5,False
Lomé,Sorghum,2018-08-01,270.0,3.05,0.2,False
Lomé,Sorghum,2018-09-01,270.0,3.05,0.2,False
Lomé,Sorghum,2018-10-01,270.0,-0.74,-0.05,False
Lomé,Sorghum,2018-11-01,236.0,-12.59,-0.9,False
Lomé,Sorghum,2018-12-01,270.0,0.0,0.02,False
Lomé,Sorghum,2019-01-01,233.0,-13.7,-0.97,False
Lomé,Sorghum,2019-02-01,246.0,4.24,0.32,False
Lomé,Sorghum,2019-03-01,236.0,-12.59,-0.85,False
Lomé,Sorghum,2019-04-01,238.0,2.15,0.18,False
Lomé,Sorghum,2019-05-01,258.0,4.88,0.35,False
Lomé,Sorghum,2019-06-01,,10.17,0.67,False
Lomé,Sorghum,2019-07-01,262.0,10.08,0.67,False
Lomé,Sorghum,2019-08-01,265.0,2.71,0.2,False
Lomé,Sorghum,2019-09-01,278.0,6.92,0.47,False
Lomé,Sorghum,2019-10-01,278.0,6.11,0.42,False
Lomé,Sorghum,2019-11-01,203.0,-23.4,-1.73,False
Lomé,Sorghum,2019-12-01,253.0,-8.99,-0.54,False
Lomé,Sorghum,2020-01-01,227.0,-18.35,-1.23,False
Lomé,Sorghum,2020-02-01,227.0,11.82,0.85,False
Lomé,Sorghum,2020-03-01,240.0,-5.14,-0.23,False
Lomé,Sorghum,2020-04-01,245.0,7.93,0.6,False
Lomé,Sorghum,2020-05-01,260.0,14.54,0.98,False
Lomé,Sorghum,2020-06-01,280.0,16.67,1.1,False
Lomé,Sorghum,2020-07-01,280.0,14.29,0.96,False
Lomé,Sorghum,2020-08-01,300.0,15.38,1.0,False
Lomé,Sorghum,2020-09-01,320.0,14.29,0.92,False
Lomé,Sorghum,2020-10-01,305.0,8.93,0.6,False
Lomé,Sorghum,2020-11-01,,-2.44,-0.1,False
Lomé,Sorghum,2020-12-01,,-12.4,-0.78,False
Lomé,Sorghum,2021-01-01,268.0,-12.13,-0.75,False
Lomé,Sorghum,2021-02-01,297.0,1.48,0.15,False
Lomé,Sorghum,2021-03-01,297.0,5.95,0.42,False
Lomé,Sorghum,2021-04-01,296.0,10.45,0.67,False
Lomé,Sorghum,2021-05-01,300.0,1.01,0.12,False
Lomé,Sorghum,2021-06-01,315.0,6.06,0.43,False
Lomé,Sorghum,2021-07-01,315.0,6.42,0.45,False
Lomé,Sorghum,2021-08-01,290.0,-3.33,-0.16,False
Lomé,Sorghum,2021-09-01,285.0,-9.52,-0.58,False
Lomé,Sorghum,2021-10-01,285.0,-9.52,-0.57,False
Lomé,Sorghum,2021-11-01,315.0,8.62,0.58,False
Lomé,Sorghum,2021-12-01,315.0,10.53,0.67,False
Lomé,Sorghum,2022-01-01,315.0,10.53,0.66,False
Lomé,Sorghum,2022-02-01,320.0,1.59,0.12,False
Lomé,Sorghum,2022-03-01,320.0,1.59,0.15,False
Lomé,Sorghum,2022-04-01,320.0,1.59,0.17,False
Lomé,Sorghum,2022-05-01,325.0,1.56,0.21,False
Lomé,Sorghum,2022-06-01,320.0,0.0,0.11,False
